1|exc|rome|p|pueri|har|clim|enti|pand|sc|fl
2|conce|ou|t|av|fol|fla|com|spa|ironr|sc
3|where|mira|enf|ely|out|bold|im|de|disp|chr
4|note|chou|gao|hur|pri|plum|tr|s|often|ta
5|foo|unw|lus|pri|be|tu|br|vo|con|groo
6|ru|pre|eye|che|joy|s|won|c|sto|vouc
7|b|hal|indif|light|testy|st|un|sit|pi|s
8|con|cu|cordl|mo|dig|w|he|altar|su|las
9|ro|unbr|re|fu|go|edd|hum|vig|hies|cl
10|he|br|shed|allo|cl|anot|vi|a|not|susp
11|poli|in|re|vo|bl|obs|s|b|dad|c
12|nex|de|mice|expo|fo|test|in|una|move|accu
13|fla|g|week|ke|per|spaw|ho|u|rib|con
14|what|stri|accou|i|gips|sci|pulpi|ma|manag|ran
15|h|p|gov|n|def|c|pl|butc|je|gri
16|ri|a|sp|pr|purg|hea|chanc|collu|w|c
17|p|yoke|dau|ferre|power|live|tabo|f|t|cheer
18|ca|h|st|grav|rem|di|foxes|wind|gr|d
19|love|sca|st|calai|sc|s|naked|w|ut|hal
20|ba|stayt|fr|nar|fo|e|loa|ma|gl|mell
21|te|lend|logg|os|co|fearf|pol|cur|half|conf
22|fi|lip|coug|mil|vol|ours|fr|pro|rud|pal
23|prog|com|b|for|affe|sta|va|ho|d|ca
24|bakp|impa|w|kingm|di|pilo|com|du|spee|unt
25|drow|hoo|descr|gorg|favo|int|col|br|f|de
26|rip|shoul|cont|n|geli|perus|qua|co|poin|tirg
27|dalli|nonag|unque|boug|henc|un|jep|barkt|inf|plum
28|uncon|needl|un|fai|clien|sle|tra|loudc|rec|obey
29|blaz|ai|dr|ho|mis|fac|twig|jes|tr|oli
30|who|meetr|mar|bas|dr|super|de|top|realm|int
31|jumpq|vents|flaw|who|be|ligh|drug|h|deter|co
32|jacob|mer|w|mar|salu|pen|con|v|ri|spra
33|ra|o|g|comp|pure|rem|ga|cha|le|chan
34|hu|man|ki|high|hel|halb|latt|pres|holi|reb
35|clos|hat|favo|ey|che|pomm|de|mour|nub|s
36|pi|blot|ac|ma|d|be|read|aspic|pe|serv
37|in|rat|stam|cu|hemp|naywa|gr|ma|try|in
38|mer|rel|una|d|lo|flus|fanc|viole|bl|bon
39|stand|main|infi|casem|ne|stri|fee|be|dar|scot
40|toaz|inv|shrou|sup|wr|env|comp|sour|sieve|cru
41|be|und|r|be|al|ar|ind|ac|ya|atte
42|di|r|wea|cond|be|adva|ad|fa|co|we
43|goodl|pro|in|dr|trea|loss|ge|co|liv|fit
44|co|oph|oun|lea|min|so|oppos|drabb|visi|flo
45|unc|talke|ar|p|vio|da|entr|fume|co|adh
46|r|wr|du|no|fisn|go|dee|trav|heir|hoard
47|hatha|diss|sting|slip|pathd|caper|deig|una|lux|c
48|beste|disa|prove|e|fool|sonn|tr|d|spl|im
49|serve|ca|dr|trans|ker|deso|fleer|bawdy|tum|expr
50|rebe|heml|ma|sa|item|lendd|winn|slip|su|frig
51|pu|ni|bewee|bea|mult|p|i|tartr|plain|six
52|verba|usur|me|sp|bo|de|dru|up|horn|bar
53|dig|t|liege|oppo|ful|l|tal|looke|dir|ci
54|ho|cabl|sum|ex|sh|hou|braz|in|dar|chain
55|becom|va|alli|su|bla|quip|skye|cro|untun|u
56|nerv|ri|phoeb|teet|cr|mov|pass|hard|woem|crow
57|tem|coo|k|unsig|co|v|sli|e|be|trick
58|vigo|impr|unta|bevyp|f|whip|expen|hook|madne|scen
59|motl|stat|rebuk|loat|procl|cu|wit|bra|ca|rede
60|fa|fuel|he|espi|o|gory|pli|pr|tip|on
61|da|sep|ro|b|unbel|fann|bull|l|rai|clo
62|depa|flo|sum|outra|f|showe|stun|banis|merc|la
63|rebu|refl|testi|pa|misa|jo|g|bea|abom|in
64|plu|yell|perso|ent|d|simon|fo|overc|supe|co
65|cash|me|par|answ|tull|te|m|bes|h|ta
66|fo|s|man|respi|br|distr|trot|spo|rude|ap
67|t|fac|co|fert|stage|hel|an|du|pasti|i
68|d|s|envy|a|reas|suff|ru|p|con|perg
69|toss|ven|amb|trea|grat|hal|keen|n|com|p
70|pr|auda|regr|di|spe|s|mer|tem|scour|d
71|found|best|de|ge|zene|sub|ropes|i|ter|rej
72|sh|sp|h|c|gar|aff|sw|po|awa|mus
73|im|mi|re|e|a|ad|dr|s|n|bo
74|ex|app|propo|unche|shif|wh|dast|marty|ch|enc
75|inve|h|c|rutt|bl|utter|fear|ret|gl|acc
76|rev|hun|acco|sam|des|cauc|betr|nu|lard|bl
77|cures|r|groat|l|pi|int|fa|arg|hand|st
78|bedr|h|eva|disp|en|spou|fard|tr|wells|g
79|tr|lab|fumb|merl|aco|fear|si|sof|gil|as
80|unwr|t|laurt|pecu|sits|sta|cou|unabl|obs|ple
81|bedfe|pre|time|i|eleph|m|e|fa|pal|weakn
82|ce|spar|seaso|boun|ove|gentl|eve|ides|fos|contr
83|vol|add|re|un|h|cor|tr|wild|fi|noni
84|limed|mi|c|sil|lame|ush|eve|rogu|i|minc
85|begui|despo|pewu|human|ha|foa|u|atte|yiel|di
86|su|ber|pres|co|steel|pr|fame|n|ho|musi
87|live|disn|kind|hou|grie|panda|lo|c|rec|gra
88|apem|coac|b|mis|mine|inde|woodc|incur|boltf|grey
89|ap|proc|vic|amen|sq|shea|smac|free|li|gen
90|sa|cr|pa|reh|aims|sl|mann|unti|les|b
91|a|ap|savo|un|enthr|handl|rare|bedd|r|prom
92|round|ch|in|cha|mi|sup|cani|hel|smoo|da
93|awem|marg|earth|eiec|con|al|darl|comf|be|spe
94|vent|co|scr|a|bles|mew|me|cora|despi|cro
95|cu|trip|t|bound|un|ra|read|und|cro|mood
96|supe|gig|suff|fello|junoa|impio|heri|iro|ye|in
97|blowe|tett|gage|st|mea|stag|priv|pr|a|sibyl
98|gra|graz|resp|il|to|ve|un|read|combi|hoist
99|ber|p|dawn|specu|en|sh|tui|fal|di|maso
100|ay|p|unpru|lia|r|mon|th|si|chit|spur
