1|co|m|poll|mo|murt|bate|ma|lu|s
2|tub|wean|defy|solom|yo|str|strik|s|lice
3|denie|aimes|dread|coul|te|swe|cott|di|p
4|de|kn|she|seem|caro|fro|st|mothe|adv
5|sep|fru|or|g|toss|excl|eng|ca|pr
6|inc|baesc|so|ra|di|ness|sho|sprun|b
7|aspic|dro|p|im|sa|cont|su|tomb|h
8|spra|do|pass|boat|adie|sobsd|hire|nee|u
9|bran|unswe|cr|qu|dre|ami|dogb|teip|barn
10|he|const|wi|unfil|pil|addi|trad|larkg|stee
11|arise|plun|co|purif|be|gra|bri|ta|cau
12|back|bers|pre|cons|gru|co|can|thi|longs
13|mar|rat|goa|blu|pun|burs|m|hai|bat
14|bon|pe|slee|crown|c|g|frai|dare|crow
15|ch|repe|backt|slac|prec|re|fre|con|re
16|ba|li|rew|joyle|wan|spa|gr|v|toaze
17|pag|epith|con|sorr|st|do|mi|ave|n
18|heat|rescu|ru|chec|vin|how|in|gr|testi
19|dea|unp|ver|con|ba|ma|mi|lea|co
20|cock|ac|mercu|trans|di|re|di|rhen|ab
21|amaz|harl|ma|alac|refu|inv|com|plan|ba
22|weig|kn|ho|ro|overt|fo|manly|pos|ro
23|befa|solem|hope|int|un|tri|p|a|vo
24|viza|pa|char|ens|si|t|soont|aq|blind
25|humo|il|slil|ottom|shar|an|wo|s|p
26|s|me|ap|ki|spea|moc|fat|vide|re
27|parc|perv|sp|p|wedg|att|br|cr|a
28|asp|like|bri|pre|par|wetru|per|a|muste
29|cip|tri|th|deje|abode|repl|wh|r|vo
30|orde|hoyd|lol|ta|ho|gr|len|herm|tof
31|q|fra|ch|rock|ef|prab|diom|har|sh
32|tries|tam|tast|p|fra|c|vi|un|vi
33|hoa|publi|drago|dol|bless|ma|star|favo|capo
34|d|zea|du|o|d|do|fla|wool|devil
35|tr|sh|ates|arden|lagg|afri|nest|fangm|virtu
36|gr|conf|g|h|tal|bid|sul|pr|bar
37|outr|hel|ta|acc|encl|who|rep|sug|bru
38|r|de|a|p|he|ga|reme|un|de
39|eas|corps|waiti|prove|pand|repa|rats|a|pand
40|star|well|cer|mil|uns|blan|humo|fords|c
41|of|s|sense|gr|de|fort|fl|subj|vow
42|behe|be|ara|prof|cram|rob|cr|gr|fa
43|mil|juste|d|chall|re|wrec|co|r|pow
44|pa|mo|dogeq|visi|mettl|di|disco|gra|cheap
45|conc|casta|ext|de|s|hug|ga|soile|si
46|cher|maje|wh|br|paw|o|p|sh|roma
47|mang|dra|porte|let|pro|unma|ena|sapl|sa
48|reek|ref|i|jaqu|depr|lou|cu|bla|und
49|shee|ci|fav|con|brok|fair|impat|me|yell
50|us|inst|pa|i|mo|eat|conr|inc|magn
51|vio|po|r|a|rare|cond|minno|kingd|ow
52|c|foo|eie|fe|f|inte|sudd|unusp|c
53|bo|p|butt|in|en|crow|ex|m|sagit
54|mat|dun|coun|mans|val|melt|arriv|be|weed
55|unk|b|str|u|kne|r|bag|q|gre
56|itsco|o|dist|inst|delay|shame|ba|pro|mil
57|pr|ru|imp|bud|indi|bea|ceme|m|facto
58|lord|pla|cop|grun|filc|flow|ja|kitc|ne
59|lo|surg|b|tai|re|so|aug|ald|how
60|comma|r|dap|chro|sic|det|s|gover|bro
61|i|ha|oppug|k|lo|destr|pr|b|wooe
62|aliv|slu|t|pri|bla|inv|pr|murra|thre
63|pau|sau|titt|mis|bohe|ne|warr|p|fr
64|unpub|brid|e|ob|pe|sent|bate|fra|cas
65|con|sq|adj|h|orn|husba|po|cold|bea
66|di|barb|divi|no|engag|u|cha|preg|wr
67|b|di|ba|u|e|axeho|hickn|shar|res
68|raili|topp|hun|soun|unpr|m|pr|wa|li
69|effe|ke|attai|uneq|u|co|whoc|jarri|di
70|p|a|ya|rato|se|ya|app|co|bes
71|bar|p|hea|defil|enno|pole|prac|zany|pelo
72|br|cor|poll|enri|pl|relum|ha|trum|em
73|prov|wren|sc|un|po|aska|sp|smo|wate
74|ulys|de|dowri|leet|vehe|bo|ra|eg|big
75|conju|ranco|casq|ravi|slau|brie|pi|exist|dish
76|pi|belo|anger|t|lunac|mids|rej|wedd|kni
77|ston|am|budde|suc|bruis|burn|t|un|vau
78|sacri|atte|dum|paus|quar|back|mea|har|m
79|gaole|unawa|labr|un|rues|ob|tu|unw|go
80|fr|bli|diff|a|coll|clam|fo|r|inve
81|ost|lec|clou|mixwe|watch|than|kn|gazee|lance
82|su|idl|loud|dulc|kidne|uns|nec|fa|tower
83|te|men|sell|f|s|whit|b|shelt|f
84|pro|asla|deck|ra|brib|nest|asu|smat|grud
85|hecat|goody|sens|in|fu|undi|sk|any|skil
86|ni|heart|ma|g|mend|parli|stran|m|wor
87|l|be|immo|qua|nunn|c|redo|loat|agree
88|bean|rem|sus|o|sole|ch|dimin|laci|gov
89|modu|w|p|gu|rev|en|del|un|i
90|theme|cre|co|exh|bl|agr|nan|me|ge
91|rak|ru|ro|gent|mer|le|bosko|sp|gent
92|cha|or|for|over|blac|perta|fre|an|vo
93|th|desp|denay|scamb|besi|li|shee|m|p
94|li|heap|gla|co|mer|craf|ma|i|id
95|pla|watch|u|st|su|pro|faulc|de|del
96|minem|jo|dep|gyv|loo|elve|blun|sem|houn
97|unkno|art|sneap|adve|fit|un|auth|solic|foo
98|city|cu|ale|stay|perp|tar|pri|humb|squa
99|pole|com|infr|s|fo|nig|wei|abase|mine
100|sto|anc|coral|horsi|st|notin|wo|drew|in
101|conj|vill|stead|dis|pi|ba|fug|foul|smil
102|uns|comfo|ind|issu|b|s|t|fawne|c
103|hoard|devi|pl|ext|prof|le|diso|d|uns
104|liby|cha|un|sui|sho|unc|tr|pet|bi
105|m|cle|dili|publ|buck|d|sto|gi|bacon
106|comm|n|delay|f|repr|crowd|slaug|tra|hurd
107|hea|conce|ree|prof|u|atte|sp|pro|hairl
108|injun|ca|j|de|dra|de|r|as|chole
109|ho|s|roi|circ|ligh|d|tar|cr|allie
110|fir|paci|uri|wan|shya|prest|s|pa|evi
111|blo|lark|r|su|disg|nou|natu|di|hal
112|u|unef|hated|obs|int|an|dri|in|mov
113|mete|fra|arti|mel|cha|ac|the|p|goo
114|grow|ov|nave|gal|lod|taint|f|cont|ch
115|bl|mil|unv|subt|teat|drop|hil|ex|l
116|pea|h|edict|dis|el|char|pot|sp|ga
117|ifsa|ra|stage|crea|st|vi|pr|dete|va
118|vary|ech|w|equ|r|pilot|r|c|displ
119|un|n|hag|ret|pende|cons|dou|fedar|mode
120|over|repr|tinct|ca|sait|ra|sunsf|vou|disd
121|upho|ju|chall|cu|im|betu|son|spa|heap
122|anno|summ|plats|surmi|sm|d|sull|d|ser
123|we|bu|brut|corre|sh|n|capt|cha|di
124|aboa|s|infe|petit|und|e|gran|ha|ado
125|des|mars|judg|mince|consi|dra|ha|vo|perf
126|latt|playe|odo|justl|st|r|ab|unl|p
127|writ|inten|st|a|pi|pra|posti|shar|lod
128|po|mi|tap|beha|odiou|met|h|ch|crack
129|re|g|file|cy|find|en|argu|pind|ly
130|pote|squi|vitae|feed|rais|bi|t|m|bello
131|bli|met|p|hou|cont|shoon|s|ini|pro
132|gai|laz|utt|c|feebl|oi|br|pale|w
133|unbu|re|g|d|par|tu|che|tuft|gr
134|ob|parta|ca|op|smo|assi|blun|ou|thank
135|ca|ob|imp|b|ja|tran|b|mean|pub
136|o|sh|mice|g|er|usedv|pe|wea|m
137|g|tail|ser|desc|pe|a|ga|prov|myn
138|unh|me|con|disr|det|whoo|sp|crys|kenn
139|thea|d|das|ever|in|rescu|dis|catt|cons
140|merm|s|ch|dres|de|caret|fo|pat|ad
141|har|ora|dre|ma|enta|giant|sink|itc|fa
142|roman|st|exc|trem|lod|wi|di|for|maske
143|unmi|dom|forg|brag|badne|r|lu|here|fig
144|ingo|dota|in|pe|stre|madne|pos|willi|r
145|patr|mist|crow|iron|pa|pra|re|ow|raugh
146|cho|clout|pr|abas|sle|di|ve|cham|hear
147|tem|sav|waken|ruddi|puzz|hu|p|tiffm|curr
148|sous|cucko|st|pres|her|price|ha|tour|victu
149|imp|kno|repr|ruf|chr|la|bads|pa|lion
150|unb|re|sn|eve|pr|p|basi|gigle|w
151|a|nam|dis|plag|chri|co|wha|hon|sc
152|sco|fam|wi|occ|m|el|tak|c|de
153|balk|inno|pione|idio|topga|me|ren|fa|re
154|be|balth|inn|f|di|do|nap|u|shr
155|blan|bo|priz|begga|tr|mol|un|le|pro
156|slidi|acc|ov|conve|lidsu|hourh|stum|gl|publi
157|tru|crea|attac|deat|clam|dro|coach|rea|rus
158|foee|sacke|scale|d|blu|gr|esca|h|kin
159|far|jos|eyebr|ho|spor|ne|spa|edge|brag
160|denun|fo|plent|contr|rec|b|yorks|reti|thorn
161|tur|unwat|di|lu|obli|ree|snuff|coa|re
162|wound|corn|s|re|merc|tum|pa|p|h
163|dri|unfr|bre|appo|sea|of|h|c|de
164|pou|cho|s|lap|to|exp|heav|tumbl|cha
165|em|untol|pea|bar|ted|sib|capo|impe|glou
166|start|ped|slice|qua|bound|ha|vu|hea|dark
167|flatt|a|br|magi|blus|vanit|wit|det|upro
168|alic|sl|ran|new|arabi|b|t|dis|de
169|ear|c|ap|priz|mist|ty|dece|toaz|ri
170|feesh|st|butco|clay|end|welf|scrat|poe|conf
171|ug|offe|cha|br|haze|hope|h|sur|u
172|gro|meg|g|dower|ta|sprit|u|chiva|di
173|vexa|doves|en|priv|un|root|m|iv|quic
174|com|qual|tr|mo|fal|shee|strug|c|su
175|sup|ove|do|swe|tabl|wa|unm|pla|f
176|roy|loos|ga|slink|con|mot|embr|opu|cut
177|ha|ac|infa|h|fr|ba|signs|ill|top
178|for|beco|e|mi|ho|ambo|acc|t|exc
179|both|qu|sin|gorg|ar|peop|c|riv|drown
180|jud|con|attai|off|broa|pr|ferre|he|verg
181|apoll|la|expl|cha|re|b|th|en|hau
182|easte|chai|bil|rep|pre|gua|car|fireb|att
183|wr|nextm|bl|po|fifea|def|s|seg|glas
184|mech|fl|d|si|disb|ecl|pa|form|unw
185|t|gla|panc|com|wher|addi|c|af|enm
186|exp|fr|wo|bew|for|gua|dov|car|he
187|deip|prof|assu|comf|inw|muff|pain|servb|wai
188|cl|dete|spl|patch|pr|eth|maide|c|doubl
189|ari|me|sh|zeal|in|print|prom|overt|s
190|afrai|dido|swa|un|emni|cu|cro|ke|gib
191|qu|mourn|thatt|coli|eve|we|englu|floo|so
192|trot|riper|fle|he|croak|hies|s|c|jewwa
193|cr|pi|unw|unki|boxes|inter|bla|si|peril
194|h|stagg|bo|fisno|forg|since|lendi|tremb|vill
195|scal|miss|t|cor|aug|dis|vaun|reme|p
196|ser|asqui|sta|stall|rel|s|dis|reco|bogg
197|weak|scar|king|mid|ne|di|ea|g|sh
198|vauv|de|syria|bal|r|tuf|bell|t|weal
199|lewd|horr|eggs|mu|p|berw|bed|pun|h
200|larg|d|a|mi|cramp|grin|k|ni|hocen
201|bi|c|circ|un|dri|co|bri|p|fami
202|leg|o|de|lead|plu|woods|b|fee|wa
203|occa|graft|forge|fool|murt|sol|hor|m|tell
204|awlp|darke|merma|medi|supp|h|raze|vi|infi
205|dive|gr|co|d|bu|de|bl|zeal|s
206|def|ap|m|be|over|harpi|netb|va|cock
207|prev|artis|advi|wagg|fum|sorr|tor|unpo|p
208|wi|pi|razor|m|par|wo|tas|corn|brui
209|butto|under|bro|lee|negot|wi|i|sp|o
210|sp|naili|sho|ro|sa|dis|g|c|h
211|not|r|riva|swas|gu|tush|p|dars|bri
212|yar|ey|stin|exp|dist|be|comi|rel|celeb
213|cuts|e|to|a|ali|us|un|secon|f
214|wran|pen|pro|rel|dodg|ragin|sc|s|h
215|invu|ga|sal|s|dis|ca|go|atte|ret
216|fa|bann|menti|di|chang|bid|mourn|dis|leis
217|tha|cric|chri|re|pluc|fe|illum|hi|fl
218|recou|com|um|con|re|d|sto|shill|ma
219|usure|rati|musco|adorn|d|su|closg|igno|t
220|v|sav|un|vall|russ|d|m|poll|do
221|favo|bo|te|n|for|palep|ma|fil|pas
222|owe|fra|cot|for|ac|fo|so|note|fla
223|fru|qual|co|pla|u|d|telli|sch|unt
224|ki|join|rib|wor|di|un|reco|quiv|mi
225|dis|car|chr|s|cove|cop|root|o|stu
226|exc|le|d|hemeu|klll|be|punch|ridi|cap
227|pun|cha|keep|doug|g|lie|bu|lu|unr
228|lapsn|di|ita|re|prov|but|doctl|far|trea
229|op|spra|ta|fulf|pelt|cauc|int|sh|th
230|disho|divi|mys|inte|diffr|nu|conve|arre|v
231|tette|plu|fla|ph|tu|foxes|di|o|fate
232|dra|roast|avou|thin|vene|ble|pas|gray|venom
233|no|u|jo|squea|o|o|whis|t|ba
234|puni|sle|unce|brisk|abil|sha|pr|arbi|fram
235|in|co|a|we|sever|ab|opp|silk|yicl
236|uses|w|cape|cr|rai|gui|tugf|colo|unwi
237|stic|h|b|u|expec|purp|wa|dote|cliff
238|vais|ooze|de|sti|matte|god|pe|li|be
239|f|groun|triu|mis|i|ale|w|ca|ve
240|ab|scorn|embr|ac|hau|ing|b|ma|pipp
241|al|scho|deep|adop|hi|upr|i|refu|nob
242|igno|hid|pos|gaz|wavha|revo|divi|sp|soot
243|cons|hitf|insul|s|asp|vil|egg|re|b
244|sac|spar|pro|sighi|lev|extra|pl|fav|cram
245|refo|read|vauxk|di|spai|dum|fico|b|pu
246|pisto|havi|only|dis|miss|s|asc|subt|or
247|athwa|gre|lo|ex|bod|go|dete|s|d
248|ridi|earn|pi|aspi|sobsc|im|than|comp|lam
249|sta|d|qui|immur|ju|throu|p|aba|b
250|vanqu|groan|po|la|rep|c|tr|li|fo
251|ditc|s|d|t|m|lat|reg|mi|anc
252|saf|noo|gard|pre|broo|ra|tro|sour|no
253|cur|unpe|in|wea|pulse|sa|co|rent|co
254|spil|lo|misc|eigh|vi|br|pen|eelst|iwisc
255|tod|l|se|warp|unive|cons|re|che|dest
256|buzz|uncle|pe|scal|dum|mudw|boa|tra|murm
257|ef|robs|s|id|rene|yar|dea|fro|knave
258|im|gr|peck|t|li|br|inf|addit|vio
259|agon|ann|co|deep|shem|conce|batt|goo|un
260|riddl|reta|cano|fr|hi|di|nei|mis|caden
261|ta|stea|vi|geni|le|cond|ab|p|pros
262|ne|u|co|clo|lei|pa|rewo|de|aug
263|toot|sp|i|duck|colli|exha|h|mac|armsh
264|ath|about|dam|pe|kensc|cons|p|beti|war
265|plot|aim|sai|li|grant|comp|pe|car|gal
266|robb|deter|pa|tri|pibl|bet|e|fri|voicc
267|ov|nep|mint|lyd|su|whip|lun|danc|p
268|lea|be|a|owner|a|que|st|su|div
269|clai|cros|en|bast|klllb|cro|fulv|pre|fe
270|hal|wh|gre|pac|lo|mai|v|hu|ch
271|pu|dro|te|cle|plagu|ma|acc|wa|pl
272|ra|s|pos|pre|in|defyj|rests|whel|hobna
273|deb|mead|th|crea|re|tit|un|p|shr
274|adm|exa|pla|pr|def|octa|e|un|j
275|outlo|hesp|dandl|su|epic|slu|he|oun|pr
276|rema|aston|ac|wris|revel|c|ba|s|dee
277|cont|ambe|pid|cobh|turni|h|summi|omit|ha
278|norm|depen|tea|ba|m|gnar|assc|fado|mo
279|col|be|toss|rubi|con|defu|sole|h|pike
280|cong|cond|ca|dute|fr|in|poin|exe|wi
281|hi|fanni|l|st|cutsw|uncau|dige|bab|gr
282|othe|m|her|fol|af|ove|share|canop|r
283|warr|case|expi|ran|p|argu|m|br|sq
284|sur|trueb|quak|re|nic|ir|hams|pore|su
285|sli|th|icew|pe|teeme|dif|unst|ab|arti
286|ja|fli|l|titl|crack|op|prove|secon|tea
287|servi|rig|ke|ar|l|fle|ep|gi|au
288|fria|h|ab|soo|vill|can|towa|repu|prolo
289|char|meet|dr|ret|sun|endu|prev|serv|me
290|play|shru|p|su|imita|pra|phil|hall|con
291|plen|my|urg|blame|mi|dec|weak|remn|udg
292|sciat|nilee|awful|op|reme|clipp|hal|fo|pil
293|divi|tun|upli|ar|ther|he|co|unc|cr
294|affl|cra|messa|mach|ne|pro|kin|fu|whi
295|choos|h|ayeq|pulp|cro|seem|lov|ribs|maria
296|appea|re|pur|un|tea|r|crow|te|pois
297|ench|vic|gian|danis|ent|di|go|en|or
298|sa|j|fo|in|sciat|valu|la|m|pas
299|off|st|vo|pr|ant|smil|sub|f|ki
300|es|pro|sc|g|ste|vi|s|sha|k
301|sw|posse|aft|adm|sai|so|l|c|ov
302|dem|dre|sew|holb|disc|unre|bed|lig|beatr
303|ben|grasp|be|rheum|elbo|goat|unc|ce|bull
304|noble|live|disme|sh|str|is|unde|s|ampl
305|fash|firs|un|augu|dwel|rubre|fla|t|to
306|unwi|obscu|fei|wor|ruffc|ur|fe|pr|dim
307|fal|al|contr|wai|pla|t|em|reli|c
308|ge|s|fo|supp|immed|viol|ra|cott|bawd
309|seve|woolf|pe|rema|ce|dis|s|fla|lose
310|cos|perd|pond|vio|nym|vul|p|co|logg
311|sca|de|sli|kerse|b|tr|gna|fores|bann
312|mus|re|inte|b|ne|prot|bas|m|abett
313|deat|co|lulla|su|dem|ba|exti|res|boor
314|tartv|tow|dist|bre|co|produ|cabl|ti|d
315|reck|allur|be|nee|nev|mig|i|aspi|tri
316|snuff|will|tinc|b|ar|halte|app|unsmi|facil
317|ret|suito|mur|dis|cou|d|o|pant|reck
318|obs|cl|purs|bo|so|bou|bl|ther|hesp
319|chaf|de|airs|suf|di|wo|app|fi|a
320|tran|tr|end|stri|pang|en|coze|he|taxe
321|feel|su|lo|ven|undi|re|cha|fo|bes
322|ame|rarit|ti|unf|hitdu|to|bru|nurse|rem
323|tet|co|sin|fatt|cr|bre|ki|spell|be
324|sout|war|vot|carbu|cl|ju|basin|sour|couch
325|cran|erup|emp|pre|tell|dis|eg|varld|def
326|help|sot|tooa|orl|ir|old|ref|reca|hose
327|fop|patt|c|deit|pelt|sus|snea|cl|ma
328|worse|super|rari|g|conn|sea|for|min|cur
329|dre|whisp|roc|vau|adorn|t|pite|filt|str
330|bric|pe|wo|c|p|u|bo|nort|pat
331|bee|thef|be|st|care|inc|int|mix|dieut
332|hale|unsc|ext|hidd|a|notab|p|pop|mon
333|see|tel|lea|edi|ca|th|tur|fu|lor
334|ass|ch|incl|mover|tibe|res|ken|unau|con
335|add|invi|s|ro|unres|o|kath|danc|ba
336|ve|c|resi|shuf|sams|for|male|gidd|a
337|surc|exac|unde|bor|s|det|hi|t|i
338|intel|oup|ni|unity|zedmo|len|s|chu|defe
339|ru|ta|thr|plan|rots|re|li|tu|issu
340|la|disc|en|de|sel|howe|la|i|sto
341|mi|sen|l|te|uns|d|pardo|meth|feel
342|egg|sweet|wid|p|w|thr|st|praet|horr
343|lim|she|viol|sl|huma|hid|sham|obj|tr
344|w|labie|dec|suspe|g|fury|sto|consu|end
345|reli|tibe|mont|made|res|ow|she|oldne|o
346|rin|was|doti|ma|val|pe|b|no|q
347|beh|unm|c|pr|fac|quen|q|s|di
348|onc|mor|kid|fe|gran|un|dis|li|vest
349|mari|sta|magg|calu|shi|shee|moun|te|sca
350|scoff|fa|lowin|compa|medic|abh|mis|pa|ni
351|as|i|prod|kne|desi|sp|logg|ple|myst
352|linco|do|le|i|victo|fu|pote|har|co
353|rep|co|mi|st|pala|caelo|leche|wa|cro
354|revel|tw|apa|hum|where|j|mer|t|c
355|subst|dwe|ce|milit|pant|ro|pro|la|s
356|sea|bl|fort|mort|fo|workm|tr|cons|just
357|talae|begun|juice|sl|infol|bo|fi|sta|e
358|top|pen|e|ra|at|li|mor|natu|res
359|tra|cust|mix|co|c|mede|afr|tur|o
360|esp|s|adost|wrec|in|bene|c|half|del
361|escap|some|inti|so|me|hig|ebony|bob|conf
362|unsc|da|pr|vil|no|slee|p|puff|paly
363|snea|burn|di|str|dra|snai|nea|o|ung
364|cat|gr|fo|tr|spo|cong|stri|pros|m
365|tuc|thi|cent|gal|gl|c|ol|rega|exc
366|ju|li|mud|qua|a|cous|led|cra|flem
367|kat|midn|i|w|p|im|bos|lo|emb
368|le|exter|fin|encl|rebe|viol|hats|qui|eagl
369|ens|cla|qu|c|th|fam|glo|isl|purc
370|unsha|fest|jum|a|co|cr|belo|adr|m
371|fo|en|s|sing|fo|h|co|mi|im
372|bus|hal|hi|camp|morg|ri|ele|treat|sou
373|div|ter|fe|i|per|lig|tr|ch|con
374|whore|split|shi|sa|manor|unto|p|pris|eas
375|pre|co|te|enq|s|nort|s|isabe|airs
376|oth|ta|sa|un|do|sha|re|nea|profa
377|lie|s|qualm|en|ba|sil|powe|chu|pla
378|foolg|i|codp|lepr|cel|t|cla|au|prefe
379|prof|is|oppo|reme|bes|ca|inte|gi|ch
380|chamb|lov|ou|sy|keyov|disp|brees|w|tal
381|agr|coze|bail|unle|th|s|c|sirs|abe
382|ou|plan|sp|sh|swe|la|p|stay|skill
383|macu|pr|p|t|be|co|crab|pr|dis
384|bad|peac|sor|ch|un|be|ex|col|bat
385|wh|gras|glo|spi|sab|s|c|un|r
386|sight|h|c|flush|ribb|tir|bowl|au|murde
387|pon|st|kn|app|ar|er|st|se|fa
388|prop|ense|ma|caiu|w|pau|v|gra|sen
389|dole|needl|her|gu|dela|squa|en|e|un
390|cerbe|p|bric|ama|pl|see|re|pe|po
391|moc|conf|usurp|str|t|s|de|pand|send
392|aris|chi|shee|coesa|p|rue|cour|pers|plod
393|guts|sh|dams|sc|o|co|stab|alia|ala
394|mer|n|eart|wa|hum|d|th|su|noon
395|shif|augm|ossa|fre|unc|thun|encu|co|wr
396|utt|h|descr|indi|anot|scat|t|app|celes
397|ske|sho|gaz|i|subor|brink|a|bold|flo
398|happ|impo|plac|effe|pr|cos|herod|ap|po
399|anato|norw|youtl|de|b|p|stee|gul|onio
400|dec|milk|abh|confo|dr|or|beh|av|dis
401|e|br|sev|le|can|whir|p|p|nook
402|quatt|alli|hi|th|orp|des|bu|a|dist
403|mo|kind|te|ma|ju|abod|m|f|mis
404|go|quic|con|p|sal|de|or|p|o
405|behal|dis|co|unpe|en|sha|subs|pale|d
406|soak|dis|error|lea|ex|open|gau|embo|t
407|wears|mi|po|pos|s|vol|insi|ind|euro
408|vaul|suffe|bla|strik|dis|pu|pear|ve|unfe
409|hox|falt|fort|m|alle|car|sp|straw|b
410|aud|seas|c|wr|r|naug|s|s|lieti
411|hol|s|jo|co|roist|soil|measu|pr|per
412|bre|dayli|c|a|falch|r|una|house|bu
413|break|rumo|me|loo|thir|sin|wa|un|tr
414|ren|fore|g|lark|untru|wri|clai|sm|en
415|pen|s|c|qua|usu|reco|spar|matu|roy
416|chai|larg|acc|ad|conta|polem|di|la|begr
417|seenm|draw|de|d|ras|unnum|suc|rowl|ina
418|cir|ordin|effe|sp|un|var|ridg|moa|r
419|lu|te|fi|d|app|co|appro|sta|rede
420|tory|over|in|beg|w|templ|p|issu|exce
421|cata|pe|ame|c|bale|rubs|sla|spig|marg
422|beyo|ho|cost|inti|offe|verv|ma|pro|presu
423|oldne|chur|re|a|lapi|wast|anato|ray|defor
424|slave|bal|b|gelid|fl|passe|oozes|pe|chu
425|unowe|grin|in|pom|ju|noise|maj|abase|cot
426|rot|in|edu|poxf|ad|unb|gre|mo|uttc
427|theob|drown|mode|ense|drin|o|dete|just|cozif
428|mod|marge|to|sa|ar|wa|rus|str|in
429|shent|gal|unw|cl|hono|impa|horn|resp|pos
430|besc|p|posit|exten|bob|loan|bled|marb|matu
431|dail|h|thu|ratif|bo|dis|v|s|qui
432|banbu|servi|disp|bem|se|plai|ta|bee|att
433|aqui|tack|jour|prom|disp|eq|pa|c|ivo
434|shre|pur|morga|loc|lapi|spl|b|host|des
435|fans|bode|atal|ch|s|in|he|f|vi
436|manc|l|maur|aw|w|raw|dece|un|poet
437|gh|oppre|pu|v|be|elev|tr|tha|pro
438|plan|fi|cata|ti|act|go|unde|me|sco
439|volum|pos|rec|ince|misp|heavy|ma|wro|groa
440|embra|kna|pick|fo|mi|sequ|vi|apos|s
441|pist|j|wo|shoo|th|unan|jud|ha|forge
442|inv|h|ounc|sh|flar|the|wavin|deco|love
443|giv|p|tatt|extr|rat|pil|unp|e|pestp
444|cruel|st|lun|bea|s|bea|in|so|man
445|arro|li|as|corr|appa|ga|mena|curb|adopt
446|stol|rev|prac|eve|o|promp|man|time|deni
447|rebe|nilus|narb|m|pri|go|tun|ne|no
448|glitt|wo|f|hi|he|qu|adop|ra|six
449|she|sle|horn|arr|or|ne|show|f|u
450|padd|bla|he|und|stu|kno|for|abb|pre
451|ring|in|gow|ne|wei|re|rev|sacr|plai
452|frogs|zoun|braw|dera|abo|rig|bards|ma|los
453|dully|scor|m|wron|de|th|s|stra|wh
454|enj|c|way|r|forc|a|stea|resol|unbo
455|displ|shor|thir|feig|reco|hu|sca|int|med
456|tof|ob|audac|agony|conje|pl|hear|adm|att
457|rig|jeru|tr|perce|sugh|ru|whoef|enrid|ta
458|usele|burl|an|un|oft|nessu|pel|bait|la
459|ex|th|l|unp|pe|bl|fav|di|tw
460|accu|thron|conse|co|sumt|in|enti|pr|she
461|cla|pu|shape|sho|gibe|tw|glov|clif|jac
462|bayi|aut|bro|min|proud|reli|pot|gob|afiel
463|acu|chi|bas|fea|depa|ci|ant|afoot|flywr
464|eter|pro|be|but|tre|doz|juro|twe|sea
465|goodn|lags|brec|h|gui|no|lan|plea|slavi
466|pinre|squ|.t|reser|u|c|ba|gl|unken
467|da|inv|rank|lu|t|ar|well|pepp|pa
468|ach|weig|un|evi|spr|st|kib|car|sup
469|fi|me|forso|w|she|ushe|pe|than|r
470|par|pai|sams|s|ma|horr|stuf|su|r
471|chief|gr|ea|env|sto|sub|sh|ru|sal
472|nam|outl|sha|roo|smoo|far|title|ju|weal
473|per|ve|pr|c|fruc|goo|awor|shady|rest
474|nere|cha|cla|whist|crop|e|de|case|woon
475|thi|ch|clare|la|wrin|outbr|disor|ex|can
476|regi|fac|re|bu|sm|po|lodo|wicke|tor
477|banse|saty|ices|belo|str|ba|su|t|mis
478|eru|ac|di|w|crit|a|gra|unn|dori
479|pan|din|unci|vo|abj|n|co|co|did
480|se|disc|con|st|hyp|wal|belon|refus|hatch
481|indig|flag|d|germa|ov|roar|edmu|s|r
482|pri|phan|sla|an|ba|we|rev|lo|tren
483|adv|tr|cou|act|st|lion|prot|absur|wh
484|lycao|the|nettl|ho|assu|did|pur|bein|ch
485|toilt|s|co|th|di|le|felt|mors|rec
486|sec|infe|ra|sup|tre|bo|carp|cas|goos
487|shade|pew|rea|cent|b|d|spe|commo|m
488|sled|cabl|pend|contr|su|ge|a|ens|treas
489|defac|marr|pict|unt|s|wo|th|ex|fa
490|disp|timo|shil|no|unfi|s|re|earl|deb
491|.tho|bese|p|recou|me|infu|adu|rob|at
492|injus|phe|war|scr|disc|bas|dis|kneed|bit
493|sy|sca|ar|mah|br|claim|gard|fra|wh
494|burst|ragge|sava|i|l|whe|obey|ban|es
495|gat|cov|impor|shin|pard|pt|petk|seed|inf
496|rai|sto|ve|darli|lownd|am|can|slau|r
497|stel|pre|sew|des|wi|bos|do|locke|ques
498|must|enga|wr|nic|i|basa|car|ligh|wield
499|pala|nur|j|bec|exerc|build|be|pra|ru
500|thro|a|cham|se|pe|port|ba|fumb|eate
