1|fut|phe|betw|re
2|resc|cour|sess|ble
3|cae|dif|dea|co
4|arg|c|mis|hen
5|sta|prem|tr|cod
6|thin|prese|hai|senat
7|r|len|f|shack
8|eth|sw|t|mo
9|wait|par|bew|swea
10|an|be|appr|ween
11|fet|pin|pr|t
12|al|do|inf|sam
13|fans|le|fau|de
14|arti|gos|waryg|fac
15|v|stra|d|extor
16|m|coll|gut|labou
17|ste|per|p|prom
18|mu|wei|lege|en
19|gri|c|must|sourc
20|rail|p|ala|gu
21|titus|hu|la|am
22|undu|mar|unre|unres
23|nunn|mend|winki|merri
24|nod|vir|beh|w
25|mi|un|parc|bigot
26|wom|bu|th|c
27|tib|b|s|chai
28|dar|cor|gobbe|supe
29|fre|v|d|a
30|pap|fr|j|stone
31|co|deriv|copi|st
32|sensi|me|me|bl
33|bo|me|we|i
34|curat|j|i|pra
35|fea|im|thems|broac
36|sc|j|obs|be
37|wit|deli|app|f
38|spr|galet|dr|al
39|cons|ruth|prec|palt
40|ita|for|swe|chan
41|br|pres|fli|im
42|uncl|res|i|espo
43|late|go|gru|hide
44|stone|b|s|dis
45|b|summe|un|pl
46|for|argu|app|c
47|un|signi|medit|att
48|fear|garm|tr|mul
49|awe|pu|cr|gr
50|quea|co|mem|t
51|ph|p|outc|st
52|gra|arr|tongu|baw
53|nell|p|hea|hon
54|we|c|ca|scho
55|hawkk|end|cha|e
56|debas|stom|plu|capon
57|rey|unwo|capta|scrip
58|gu|send|accum|sc
59|feat|ha|be|birc
60|unca|sack|pre|ta
61|ra|purp|tre|su
62|re|dr|beg|wan
63|vowed|po|cri|nois
64|pan|stuf|rend|mo
65|envio|minc|pebb|mir
66|exa|repl|justn|no
67|ens|c|divi|prin
68|se|augm|path|assu
69|fire|allt|deli|dear
70|num|pahco|pl|endur
71|de|it|ouph|scar
72|seeki|repu|tho|ret
73|st|ex|horo|nextd
74|p|san|com|w
75|furt|goa|sa|gua
76|coup|ine|agree|fidd
77|pa|ush|m|peac
78|maj|cha|san|glo
79|turf|turn|brib|mona
80|he|zi|rid|bet
81|si|si|saws|lispe
82|immed|high|dif|fin
83|i|t|ext|she
84|ne|lott|b|dread
85|ed|mag|saws|van
86|upli|warri|feat|bra
87|off|ac|misc|prov
88|to|w|lame|melt
89|lear|potfa|temps|mus
90|ski|lack|varn|piam
91|outf|thr|ex|u
92|repr|wh|termu|quo
93|saun|plent|watc|fea
94|cree|ba|te|br
95|light|laysa|t|inf
96|nec|brib|ki|ind
97|alepp|supr|c|c
98|pi|mar|bel|fick
99|heig|o|macu|excur
100|q|large|rev|over
