1|tub|p|per|sub|pa|vill|conti|flat|birc
2|hea|neg|eat|sh|dow|deser|ann|mu|tremb
3|rib|ecs|op|gi|m|borde|a|gold|unpru
4|par|mots|pub|legs|rog|ins|pre|li|pr
5|sol|ban|el|b|reser|sur|pige|sit|dinn
6|gent|bem|gazer|ri|c|cap|fatho|w|prost
7|sl|awear|poi|tra|sp|ecl|ow|opp|en
8|ba|ador|cr|dilat|br|torei|cape|seam|body
9|de|sm|t|rhym|law|clo|pudd|nea|argal
10|blan|ob|serm|win|seque|elb|br|conni|go
11|po|impo|contr|pa|opp|funer|app|pre|mo
12|barba|a|puggi|pl|v|inst|co|feat|displ
13|cov|toil|to|gran|stabl|purr|co|lee|i
14|bla|adva|enra|leche|va|sw|p|cyp|rive
15|be|qui|swo|cal|mo|quiv|tour|woo|reve
16|ev|yie|wit|we|dis|se|ark|fac|hoa
17|patc|cas|rud|sap|n|att|com|mar|pr
18|dard|di|tack|kna|t|spa|dig|mu|he
19|jou|unpr|fant|li|coi|whe|lusc|gal|spre
20|damn|a|pr|diam|jaws|black|dis|no|phr
21|sup|reso|unma|di|angel|catap|thank|ad|ordin
22|w|mi|pr|pro|scro|displ|mas|bo|qu
23|r|ri|bitsc|t|ami|offe|div|af|prolo
24|beg|ca|disa|fri|joy|di|in|ro|s
25|gli|se|rou|g|s|em|uni|s|de
26|un|gul|mec|pluri|tr|drop|sa|vaun|pe
27|d|slig|la|comp|enra|prob|pre|ha|che
28|co|viol|se|achi|irish|lik|c|p|vid
29|venue|boun|sl|touc|rob|impo|coney|maso|hors
30|qual|mil|cu|eph|no|bri|quar|du|gro
31|pat|pl|gi|frui|abho|deca|count|se|sul
32|wh|de|cric|smock|dang|fo|s|des|ref
33|dart|use|moun|r|bubbl|liep|strik|b|foun
34|cl|coz|b|b|chri|fla|unsl|mona|emp
35|va|co|rash|bri|sp|dis|dai|gaged|dou
36|egre|gobbe|co|sinc|harr|tric|i|unwa|mus
37|gu|et|o|mored|exp|def|crav|p|tu
38|cit|bein|tu|outl|c|hand|re|ja|ci
39|clea|slac|ratsb|ho|hunt|dis|di|de|juler
40|u|nell|pa|v|je|ga|dr|d|de
41|p|loos|ro|st|reli|colou|lot|mi|cont
42|dar|haun|usa|exp|dulyv|ent|con|pl|bedc
43|darke|disea|ga|fol|si|dest|gri|tra|exhi
44|so|law|griml|op|ze|h|b|port|r
45|me|pi|wo|sea|t|dis|peas|ri|with
46|dild|m|hapl|michi|re|sus|mu|infi|unact
47|not|loo|lour|mak|dism|arde|chi|pepi|sho
48|im|su|shri|ta|re|dr|tru|mas|not
49|insu|v|gala|s|dis|misc|un|phant|sp
50|offi|boxe|deb|mau|co|argu|chee|fina|pause
51|h|pr|ho|bene|now|adjoi|photi|tr|all
52|pr|plai|atte|bath|prate|obsc|r|wort|base
53|blea|fa|cou|eter|pho|reti|co|advis|boa
54|tran|disco|whe|pri|ad|undu|arc|b|ma
55|g|corr|serv|s|lena|ploug|pud|play|peni
56|inkd|i|cla|che|o|bac|stare|pr|qu
57|jar|gnat|orna|adv|mou|ful|ho|car|e
58|west|mo|th|quak|turt|re|ap|di|ul
59|st|s|d|ding|coo|se|gat|cr|memo
60|pand|dun|triu|i|dap|slu|mu|jad|lips
61|lab|bro|coac|pre|den|di|amb|diff|a
62|an|bless|snail|tri|tem|bac|rota|c|me
63|ser|e|con|tarq|br|c|tu|amb|dumb
64|s|l|pro|wic|re|usu|cu|s|rog
65|writ|aff|pe|unadv|ker|soph|vi|un|squi
66|lu|faire|a|dee|m|mot|denot|rem|plant
67|savag|ti|hu|ci|he|l|fa|bacch|remo
68|dif|s|att|dra|long|var|con|re|cuck
69|jo|st|gallo|acc|snea|waitr|fo|der|op
70|c|minc|shrug|adv|dis|cas|nicet|cree|ma
71|scho|pantl|list|gu|s|conc|sc|conco|r
72|gr|wa|c|fil|gildc|bo|bit|clo|blow
73|sub|unlik|fie|hoar|bri|deci|pione|stoc|idol
74|ti|morg|sm|tybu|cas|tam|pre|sedi|wi
75|oppo|to|pa|swa|emb|sm|gall|foll|as
76|haw|de|darin|we|vile|cambr|pen|sc|under
77|calc|blaz|firs|la|s|scow|reb|fac|bl
78|car|catc|bar|dom|sal|com|vid|ma|expo
79|func|unkn|r|pantp|p|chamb|a|bows|affli
80|torm|en|other|pe|duc|u|wh|c|pre
81|tim|des|abbo|infor|pa|telli|y|assi|f
82|beh|cate|aus|brut|loos|mar|pr|an|cho
83|ni|comp|per|pi|erepo|impos|memb|th|woo
84|imp|revol|tr|rec|wreat|worth|man|make|alo
85|infa|knoc|in|tri|cl|pier|reeli|us|in
86|disso|wa|jew|p|dra|r|apri|a|i
87|def|pur|s|veng|votar|pompo|i|hel|s
88|re|att|accu|per|f|cham|f|c|hov
89|br|pre|sorr|butt|po|sa|h|b|lec
90|fam|gr|ingot|b|fi|un|w|ri|tri
91|pl|tool|forg|te|mo|u|ree|va|fool
92|polac|clim|fl|pro|uph|gre|s|rese|meed
93|grim|sou|sobe|muten|sc|fl|jo|to|yetu
94|daw|com|ru|de|bene|lea|t|cum|chiva
95|enki|ship|send|con|unre|herm|spli|suf|fare
96|lev|mi|grea|helli|gro|a|g|stra|sus
97|obj|cynth|chin|speed|stir|va|bar|perso|bar
98|dut|mark|grav|su|prep|couns|greek|t|so
99|stop|denie|givee|fad|si|prow|shr|fres|scu
100|e|pi|th|grap|f|bla|pr|p|gal
101|ter|i|roo|pro|r|par|soi|cl|weak
102|fate|ba|pro|ro|give|turn|on|sp|occ
103|geld|en|t|di|re|cu|ex|tap|r
104|conco|ess|syru|m|p|con|submi|pl|ap
105|desir|geld|an|as|swi|spa|no|nurs|unpe
106|pro|depu|oppo|r|side|app|le|ac|t
107|moons|ro|thie|in|luke|scar|holl|s|ex
108|su|dagg|pr|un|ride|mol|u|bi|ins
109|rav|panta|cic|bened|ma|co|fe|mo|ug
110|exp|healm|trait|po|swea|con|fanp|recko|str
111|ac|to|gil|manc|say|la|p|pi|pr
112|phry|wr|bu|po|jur|do|cor|caiu|utter
113|heav|vi|cler|hund|rat|ha|ad|fat|pass
114|vill|th|chr|wate|s|str|pa|gian|man
115|mau|en|g|cou|re|heret|int|gar|c
116|tes|funfr|outli|lod|shre|dis|charm|mo|bane
117|oa|th|lik|inwa|sm|tus|ind|com|step
118|wel|clip|prece|dwelt|scand|mode|psa|tol|pr
119|epit|funer|champ|les|ru|ari|or|sile|vene
120|jaun|fell|da|lu|hast|hosp|cl|reed|feeds
121|ten|bea|bef|he|lub|buck|eng|buryi|wa
122|mi|hin|du|ma|este|out|inc|ash|tr
123|the|mildl|w|easi|rem|pi|th|lo|tops
124|kind|assa|shut|m|go|b|car|pota|cr
125|az|godf|dat|c|stink|pack|f|fro|prop
126|vipe|si|re|pint|u|sna|nem|gua|pl
127|abedt|sw|un|tela|pr|gorg|pewr|exch|s
128|brund|fis|thwa|fear|bo|pan|dag|m|psa
129|perpe|su|touch|boug|li|haunt|batt|apro|heb
130|comme|mo|behe|d|go|dr|lab|app|nece
131|pe|slid|hund|cold|de|reve|enco|croo|el
132|la|the|b|pre|mo|bev|de|gr|ir
133|sti|game|fa|ex|gro|en|po|finge|ord
134|inti|matr|sev|bera|gonz|pon|firf|dwe|opp
135|sit|augur|unb|rumo|depa|ou|tape|imp|surn
136|wor|hau|ta|end|har|speak|villi|thr|shal
137|di|onema|uns|dis|i|neigh|cul|rath|nig
138|lim|tr|poly|mor|love|sauc|p|nami|as
139|inte|acu|yokes|cook|de|concl|pur|f|ga
140|romse|ca|ca|squ|fe|u|beha|fo|unm
141|ab|seizu|gen|str|was|trill|wo|want|leis
142|aff|sco|sa|c|d|sawp|prev|devi|fin
143|app|upbra|pr|envir|a|coun|c|ranc|edm
144|pes|cynic|u|trac|sup|bird|fol|smil|mill
145|maid|pro|pe|penal|o|da|outs|du|plast
146|grand|b|horro|dis|pl|fast|un|dubb|ho
147|disg|omi|femal|ca|b|et|edu|stai|bla
148|du|ya|dece|we|feign|insat|gari|tress|puni
149|henbo|ma|ra|exac|sc|rec|ca|ced|c
150|thr|ta|stith|cir|ba|i|ma|viola|abhor
151|south|p|pra|so|pur|debt|fitz|deso|drest
152|dress|wooes|snak|fai|wh|t|veni|conj|compi
153|gree|ham|dyin|thr|leav|oreg|teste|c|ex
154|mou|begu|sake|be|int|ea|cri|th|ba
155|divi|et|pe|rais|inte|cab|wilf|inw|r
156|paper|f|s|prop|w|stri|le|imita|ridd
157|mo|dem|s|coel|in|tho|und|vie|f
158|th|mare|knoc|pro|dec|dum|need|outcr|pro
159|ca|cham|r|tent|de|opu|epi|d|pen
160|orbt|t|defe|v|gra|tugmo|iri|barn|li
161|perm|bi|bon|le|p|usefu|fit|imp|cum
162|tar|pu|buck|c|thun|p|waxd|chan|mai
163|tau|impa|pas|cori|b|fe|bou|surv|prope
164|recog|save|sq|ulyss|carl|hare|e|a|ili
165|col|aloof|p|pee|med|true|cursd|trea|enc
166|afor|wheel|pam|tre|cha|smit|tor|jo|ep
167|gi|plan|pa|honou|s|shad|fami|g|vomit
168|foc|eyes|mi|cha|reek|tune|tins|th|pr
169|hast|co|as|c|hou|bus|belee|int|p
170|merc|f|a|be|orkso|e|g|yard|hedg
171|medi|glaz|hogsh|strif|pre|d|he|in|purs
172|thes|vicar|une|va|infe|sa|profa|appla|oven
173|pike|re|comp|depa|gloom|ever|ins|topp|pi
174|ent|co|c|as|n|succ|curr|ward|be
175|ap|p|elb|cere|for|cred|shuf|cha|sl
176|rela|peter|phi|pe|be|tu|youn|bin|cons
177|ple|wh|div|embal|ste|dena|ov|l|p
178|in|s|sn|dis|tar|occi|bes|stuf|penit
179|l|sp|e|rid|gi|s|pa|hueem|l
180|hef|qua|tur|cowa|at|g|roe|th|swagg
181|blu|int|cons|pl|s|p|mu|hap|pa
182|monk|p|fine|warp|imp|unwor|afe|di|comm
183|mince|bo|r|best|vexa|de|g|aff|dige
184|vari|b|cont|fant|build|ador|mi|unbel|divid
185|infec|spur|esqui|seel|l|final|rev|dal|sent
186|unt|press|o|like|cle|us|pat|d|f
187|om|addi|aptb|grazi|sull|ra|myse|egyp|ca
188|cour|glut|per|ounc|p|unqu|chap|mur|consu
189|fin|cov|b|mur|fai|va|flag|choll|irk
190|desp|sle|disc|pro|unse|brav|onion|s|ne
191|ret|her|unp|nor|mu|demu|coro|caskd|fa
192|jade|eros|wi|rec|fo|fe|e|sou|gar
193|outs|disp|i|compa|in|a|disc|ords|cont
194|inl|medi|gr|ship|int|isbe|damt|app|dra
195|o|v|co|close|d|bick|betro|timo|rar
196|swun|men|slimy|s|nomi|graz|adve|conse|pupil
197|ch|wal|su|li|displ|jo|p|def|su
198|en|co|bed|forbi|av|hi|allo|st|ra
199|pio|divi|w|la|s|tray|reme|laps|sat
200|ha|wi|fl|e|re|wro|scar|far|jeste
