1|ser|bas
2|un|hie
3|ugli|paw
4|targ|v
5|da|trust
6|na|nip
7|musta|pau
8|suf|pensi
9|vie|un
10|t|a
11|cass|ind
12|miss|pet
13|se|atte
14|o|cal
15|c|re
16|rod|tu
17|gna|dams
18|bar|quaer
19|q|co
20|ins|pal
21|i|ri
22|de|dist
23|foot|for
24|obs|lodgi
25|prac|le
26|arro|de
27|he|ali
28|bodi|af
29|woul|prof
30|fri|sues
31|unl|s
32|bla|fir
33|rec|beg
34|cha|pert
35|hu|u
36|ra|kn
37|pre|cr
38|en|bast
39|poiso|star
40|weare|bl
41|rock|fa
42|hab|ch
43|whitm|mys
44|h|am
45|supp|un
46|di|in
47|a|obst
48|buy|sho
49|li|mona
50|her|e
51|lo|moed
52|mi|luna
53|wooe|in
54|ensu|st
55|fo|fit
56|ow|smite
57|el|bus
58|atte|co
59|mer|frank
60|mild|sw
61|ma|im
62|could|aur
63|ind|comp
64|s|hungr
65|band|pa
66|ge|b
67|iwi|al
68|fr|wre
69|co|co
70|clai|te
71|d|combi
72|be|ho
73|neg|qu
74|stan|vagro
75|lag|sat
76|obl|pol
77|tea|s
78|lon|sa
79|awar|maggo
80|ho|we
81|e|blubb
82|shipb|taug
83|wiped|cau
84|pa|good
85|py|all
86|thi|i
87|conce|bonn
88|uncur|d
89|phant|plod
90|fini|affe
91|newe|powe
92|servi|specu
93|peltf|musi
94|u|laps
95|re|beq
96|wigh|cas
97|mang|goo
98|unlet|mi
99|dis|elo
100|haugh|e
