1|wait|m|dawsp|g
2|as|wo|ass|frail
3|tenda|t|cou|ass
4|w|sc|de|fr
5|s|fr|re|wa
6|gri|persu|ch|mea
7|pa|woo|alas|al
8|u|enfe|co|compe
9|fron|lid|shin|chr
10|dulle|tongu|cheer|ex
11|gobl|pet|reg|serv
12|i|purc|unm|ob
13|viz|sne|comfo|cli
14|pro|shift|al|unp
15|knew|deli|tric|s
16|ba|st|adve|bew
17|n|att|p|sai
18|age|sca|prov|off
19|si|be|bu|aga
20|l|th|yo|unf
21|carr|pe|reck|pro
22|im|perm|corne|div
23|ce|inf|fair|unhar
24|extr|smoth|sepu|ap
25|dragg|he|skyu|fears
26|st|un|haec|to
27|ho|faci|ba|pap
28|c|s|cor|roma
29|re|co|ch|com
30|sonn|ste|im|yo
31|sou|br|date|swi
32|di|carp|can|soli
33|ma|la|requ|sta
34|jug|lovel|a|f
35|inv|judg|su|estee
36|isa|sca|de|mas
37|ev|yokho|tempo|bo
38|glan|ter|vi|stoup
39|ovi|saund|e|tran
40|ov|mop|pe|rugg
41|qui|meads|ra|p
42|a|di|l|b
43|waryu|taci|tods|vi
44|b|ho|tries|c
45|me|sul|rivel|or
46|k|outr|oc|de
47|d|dr|cel|prep
48|hon|quak|fes|dis
49|hone|impos|c|b
50|ca|ar|tornb|recei
51|des|pr|ti|demo
52|pu|pref|tra|opepe
53|se|b|ce|deog
54|poll|sma|phil|fran
55|e|unm|con|holdi
56|te|detec|vill|sum
57|veil|un|ex|exce
58|unpos|flo|tou|a
59|tru|dist|d|no
60|compl|sum|aspe|dev
61|sup|op|sanc|ju
62|hum|slou|kis|den
63|pige|s|m|satur
64|dil|subt|ca|hymn
65|far|appe|carna|ha
66|su|sconc|spl|unmi
67|f|aq|sil|ridet
68|per|v|c|be
69|want|hal|s|succe
70|spl|enm|exp|scyt
71|ent|hi|di|den
72|co|to|flo|ergo
73|cabba|opp|watc|co
74|unb|unre|mo|b
75|pud|gle|gorg|wassa
76|ra|to|dep|ora
77|imp|sw|merli|boun
78|br|neg|civ|swi
79|my|mis|mind|wa
80|shade|who|appe|reli
81|cho|beck|fle|dish
82|bespa|paus|s|unth
83|gar|fou|b|sim
84|sey|doi|lean|fram
85|rem|cou|to|diffu
86|spar|g|fo|ext
87|spark|reco|ch|inv
88|puri|luci|p|e
89|lavi|as|value|sp
90|fl|pu|p|wh
91|fea|quick|ala|capti
92|m|ham|tu|en
93|ch|ven|rap|al
94|whel|know|didaf|i
95|gall|f|appre|hent
96|exul|v|ca|des
97|post|want|lend|paces
98|anc|mi|gra|su
99|chok|sli|pr|thro
100|an|go|h|plum
101|ja|hus|p|orbsc
102|str|hel|ulc|expe
103|nois|papw|ovi|chast
104|t|mo|marig|heed
105|gladl|allo|ski|spa
106|rib|cres|coll|issu
107|dolo|py|raz|flee
108|musc|b|ad|pe
109|earun|kn|rudde|st
110|abs|d|obli|a
111|bare|g|pan|fa
112|dar|sibyl|conf|na
113|armo|lib|br|gra
114|man|pres|buffe|lar
115|tempo|shiv|fr|thit
116|la|water|pari|ex
117|da|unha|mat|ubiq
118|so|imp|pro|dec
119|anvi|put|dan|abomi
120|readi|obser|turtl|span
121|sak|bol|speed|br
122|mou|pro|epil|p
123|legi|ges|chi|shri
124|elv|m|repa|li
125|rin|untas|ladde|pot
126|bloat|c|perd|s
127|nymp|defea|poli|b
128|myst|def|purp|dism
129|blus|doler|par|de
130|ape|plain|gr|equ
131|consu|da|sanct|brea
132|via|rus|gathe|boxes
133|mi|ten|pre|brok
134|misc|begw|tr|unpro
135|widow|shun|me|he
136|jo|ro|garr|barre
137|chewa|enact|vis|achie
138|pos|ligh|inv|t
139|carl|tri|wi|sulle
140|pre|amaz|lake|pock
141|ci|af|m|dut
142|tim|cause|lent|rec
143|oe|ex|ple|w
144|he|divi|tr|yok
145|h|cons|dist|hoyd
146|indi|t|s|di
147|don|fa|e|ord
148|kno|fo|soot|trip
149|suito|us|under|shuf
150|mari|infer|in|enki
151|rep|ditch|com|handm
152|meg|un|qu|un
153|garis|is|us|skirm
154|uns|sc|qua|sand
155|un|tam|spe|chaps
156|bedc|unm|cr|yaw
157|ston|na|gloz|conso
158|gra|unh|sc|ward
159|muf|luc|abso|dulch
160|de|gr|o|enco
161|sl|circ|c|quo
162|cr|ur|d|te
163|witc|trie|ca|su
164|p|bo|det|gre
165|unsh|shout|boas|lu
166|geni|mech|breed|unre
167|al|er|tor|si
168|wi|inv|o|lame
169|sin|com|dally|pyre
170|epith|bon|pi|c
171|love|alch|innoc|mong
172|fidd|tro|t|pr
173|ro|rena|wa|su
174|cerem|t|hol|rid
175|hand|coli|so|nuts
176|boist|sa|sm|sc
177|impr|put|sh|scri
178|quin|off|meagr|piteo
179|stu|trus|nee|ab
180|slide|ma|me|e
181|affec|deb|a|cano
182|quoth|fort|perf|gli
183|ten|arde|bet|lif
184|em|she|ripe|unse
185|house|tuns|wea|imi
186|stand|in|boor|abi
187|coxc|e|linin|con
188|opp|bor|hide|surv
189|inse|bes|ros|te
190|exal|a|aimes|dio
191|bragg|y|unsha|um
192|r|acc|car|ench
193|spotd|str|realm|e
194|besid|hu|der|st
195|harbo|cimb|u|l
196|j|zirau|s|pull
197|arch|i|rebat|p
198|unh|vexc|c|solic
199|prain|ca|echo|vic
200|oven|des|p|fever
201|impa|dwar|mar|sho
202|rogu|pra|re|p
203|mal|c|vizo|tai
204|atta|shi|e|arbo
205|cre|l|wr|haun
206|soli|fire|likc|ou
207|lo|ac|fr|oper
208|ni|a|beh|col
209|ind|t|outfa|incen
210|butt|conso|per|cy
211|wor|dispu|gnaw|pl
212|porte|slau|carm|li
213|ha|rev|seq|blo
214|savo|boraw|pos|e
215|tab|lanc|fil|seed
216|dear|butch|gou|ac
217|o|day|sing|pr
218|dapp|gar|defe|wei
219|fic|commu|e|snara
220|mirth|tyran|catc|vat
221|po|quod|baw|godfa
222|pi|subdu|l|sto
223|putr|bar|reve|disp
224|spou|compl|drug|wedg
225|pl|m|c|enq
226|pol|brain|b|mi
227|purp|t|twig|d
228|ed|im|pri|bu
229|in|trin|pas|keep
230|fee|clerg|g|c
231|fa|en|da|exp
232|winn|supe|c|ap
233|unfee|maled|dim|steep
234|tur|fe|gib|sh
235|fle|s|bles|fruct
236|his|wag|ste|s
237|siste|tat|wh|pr
238|disc|clar|deter|co
239|erra|emper|b|ma
240|det|agree|qua|sca
241|buck|gru|play|li
242|qu|fus|offe|t
243|sp|ti|dis|painf
244|edg|passa|humo|un
245|mem|cre|was|c
246|dw|pe|prof|e
247|lon|sl|dupp|con
248|rud|su|where|repug
249|gests|inva|r|ha
250|unr|de|toa|reftt
251|g|prom|til|vassa
252|unwho|bec|dur|foul
253|us|sphe|tired|help
254|fun|a|hol|neb
255|sixt|unbo|p|depe
256|disg|slas|ness|pros
257|mo|coun|ful|mor
258|ta|trib|mano|ba
259|prop|s|pi|s
260|bro|tr|ex|in
261|int|s|cozen|shi
262|obey|co|app|lim
263|hois|ad|bodki|i
264|tra|keel|ca|de
265|mise|seven|frui|e
266|lab|dom|co|al
267|leap|r|ma|you
268|bea|ca|ra|e
269|noons|c|c|isl
270|no|repe|brac|soli
271|ru|dr|na|accu
272|phe|al|slav|venu
273|tall|reig|your|spou
274|eb|gho|iwisw|sw
275|coun|acu|s|ho
276|pe|here|in|procu
277|sy|prov|saf|depe
278|evi|da|spe|ascri
279|comp|c|dive|muti
280|lute|gr|cho|m
281|depr|slack|flou|pre
282|sil|para|or|c
283|pr|ba|pu|wan
284|loave|al|i|wit
285|end|win|pro|la
286|insp|f|unpur|gru
287|can|st|c|c
288|fu|impu|te|edit
289|dec|co|scotc|clog
290|ti|re|d|momen
291|vi|ding|blubb|sa
292|enern|rel|senat|piece
293|ant|wh|bold|aw
294|there|p|prin|hist
295|bes|la|d|bas
296|gui|mur|bo|unm
297|norm|vorw|also|har
298|scor|hum|e|s
299|rise|ca|wawl|r
300|woos|una|unc|stop
301|assa|conc|disd|unwi
302|emma|puli|hol|l
303|unrea|lapse|debat|res
304|ange|manes|shrub|pre
305|smart|pri|br|ateen
306|lu|keep|im|d
307|ques|cl|gra|he
308|false|mi|sell|bon
309|trop|sup|span|was
310|sewm|p|trait|qui
311|sal|hirt|gover|tha
312|kep|forsa|ant|roa
313|defe|ca|swols|sei
314|cov|swou|provo|b
315|fre|tall|mu|co
316|inf|r|figss|v
317|ara|ja|uns|m
318|arr|smat|sinf|ca
319|del|phil|tu|sna
320|ab|fa|n|b
321|surp|chee|re|cours
322|cons|idi|p|cont
323|jiggi|gru|viol|p
324|maddi|oak|im|ri
325|pease|virg|s|wood
326|sc|int|farbo|ch
327|text|bes|sup|ki
328|aeaci|part|wher|so
329|tel|so|go|co
330|exc|deter|ope|un
331|sh|quat|edms|lo
332|wa|alma|c|w
333|con|pe|re|co
334|dign|goo|s|pre
335|q|dismi|bea|gli
336|prov|ho|fewn|dare
337|hu|war|loos|fr
338|woul|sq|shi|rosa
339|ved|boot|p|u
340|rehea|gel|at|surf
341|sq|play|live|bi
342|unga|t|dam|fore
343|livel|s|pe|g
344|wran|sen|p|gul
345|ran|wisd|alba|amer
346|bodi|di|fle|see
347|be|ni|pr|suf
348|bu|chi|exp|snai
349|reduc|bri|gap|fault
350|pupp|stel|ans|foot
351|beha|lanc|di|bette
352|li|juli|disc|wit
353|vent|rule|fore|rest
354|spr|reser|c|swa
355|pra|s|c|env
356|petit|fl|over|da
357|frau|sto|sees|bene
358|clo|pla|s|tick
359|prep|bla|comf|pre
360|son|inc|conta|velv
361|wh|i|defe|sa
362|whor|whip|fol|smi
363|art|w|pt|dis
364|lati|cus|p|sa
365|pac|sh|ro|co
366|adria|futur|p|petit
367|nor|coupl|di|al
368|cloa|mas|refu|wa
369|hi|fol|ma|scot
370|doubl|ass|be|d
371|wrun|fool|for|burst
372|wr|b|ut|cr
373|achie|d|t|dece
374|app|shi|prot|li
375|infe|pro|ex|unc
376|heap|symp|stav|eva
377|sm|a|rato|vehe
378|dis|le|rep|con
379|utte|re|ligh|add
380|hom|ev|discr|raime
381|heyfl|para|ch|bald
382|en|pol|jack|mari
383|lank|unl|poten|ac
384|prac|part|t|negat
385|hat|pen|apper|in
386|fost|s|sc|face
387|phili|seely|p|gr
388|infec|s|com|s
389|wo|br|ha|unch
390|amaz|ci|sp|blame
391|olde|plumd|luk|bulle
392|und|a|appr|te
393|poi|crabs|week|ho
394|pur|rai|wa|p
395|jol|deal|and|st
396|ava|i|se|a
397|stee|mi|b|blood
398|amber|mab|hi|pa
399|fe|pro|pyr|bonh
400|que|le|pro|s
401|glose|lease|re|erec
402|detes|per|amend|unti
403|tres|coat|morni|or
404|rus|bon|canop|scap
405|apol|luc|b|up
406|gree|visio|nim|sp
407|quoi|mista|armi|amboo
408|unben|wren|pre|dole
409|douts|sm|cr|mett
410|expe|so|gu|re
411|mis|un|phar|inst
412|tabl|affr|offe|feal
413|kne|trust|ang|f
414|mu|t|no|fr
415|vo|bra|murr|lewd
416|sa|su|tickl|how
417|dist|pu|po|b
418|peopl|ta|plu|br
419|thr|fa|sco|muz
420|th|dot|tho|ambl
421|some|hang|r|epicu
422|bus|liquo|i|dist
423|ple|froth|c|rosen
424|sinn|ign|y|fell
425|le|deba|req|unbe
426|fel|defo|cook|herm
427|exce|wa|prec|r
428|fif|cope|ti|tweak
429|dot|fiv|u|sup
430|stre|ex|tend|s
431|neg|m|elsi|i
432|exte|yea|ha|ob
433|eart|whe|mi|ro
434|dotes|rumi|san|ne
435|bel|cods|serv|r
436|murra|c|pil|clogp
437|com|perce|p|thie
438|lyi|pac|fou|forb
439|inc|des|dep|impur
440|yclep|ster|d|dep
441|paras|re|o|pe
442|cu|out|mildl|cur
443|wid|le|marg|pr
444|strin|mag|pu|wink
445|lea|hott|thame|c
446|shent|ga|brui|sh
447|cla|heat|knit|vell
448|epit|pol|cive|c
449|sk|juda|bles|fea
450|nee|cruel|weave|inte
451|the|gra|pers|re
452|ar|ch|pag|mo
453|blac|convi|rus|wapp
454|cir|tra|bit|ps
455|sw|shri|bezo|drea
456|fles|unc|ea|papmu
457|sum|jes|soc|toose
458|diff|pre|pibl|cou
459|encha|rape|foo|outwa
460|lie|de|wat|clap
461|reso|di|succ|br
462|agai|bl|spoo|br
463|decay|c|scru|prat
464|eastw|wie|wor|se
465|ide|p|cyni|ca
466|ventu|unhac|ba|spi
467|mad|trou|de|up
468|par|mant|gui|hone
469|leg|o|wi|doi
470|beat|mids|acq|cast
471|doi|ren|un|va
472|ens|ple|pine|ho
473|arro|plagu|pil|affe
474|deba|wi|do|en
475|than|and|eref|la
476|trunc|wh|lea|bar
477|bud|fi|ou|pledg
478|inve|in|ste|ball
479|sle|co|r|che
480|mali|unpre|mo|suc
481|req|un|de|assu
482|sayin|snipm|bo|r
483|unass|taint|dame|learn
484|weav|q|brea|exit
485|deres|appe|da|prea
486|tum|wh|ret|roc
487|jeal|arde|ma|c
488|part|co|loc|cal
489|conv|c|lasci|bl
490|fieg|th|in|artu
491|wis|bi|anc|c
492|dem|mor|defy|bel
493|awake|gr|fig|sicke
494|tryfl|for|ap|putt
495|rum|skil|notio|seals
496|fat|vie|hem|unpr
497|fo|vi|por|lun
498|fla|gazed|exce|co
499|scat|fo|m|mee
500|recla|bem|e|be
