1|exalt|purch|blubb
2|invit|odo|hor
3|ent|p|unpr
4|co|c|bea
5|a|sai|coxw
6|fal|sta|a
7|app|botc|cr
8|boy|tend|sl
9|o|hov|sh
10|offe|mi|vol
11|wear|dist|sylla
12|ca|hu|ho
13|hea|blo|ba
14|rid|wom|ete
15|rai|pri|wedn
16|ensco|re|cov
17|mor|suppl|dri
18|pomp|strum|gat
19|woun|thiev|sti
20|comm|di|lur
21|suns|ge|f
22|tic|bowed|str
23|f|wil|get
24|ant|hear|conc
25|kis|ocea|patr
26|free|co|ba
27|remon|mer|b
28|blubb|en|b
29|lestg|clam|last
30|un|comp|nail
31|verif|s|pe
32|try|re|link
33|ch|ubi|pri
34|pl|pr|a
35|fo|senoy|apro
36|fle|br|bol
37|in|berr|wannp
38|bed|co|a
39|una|co|disg
40|loa|ful|a
41|ex|adop|boa
42|taint|talk|c
43|fur|car|bushy
44|hois|richn|tal
45|sh|weave|unnat
46|live|votar|hu
47|wind|vouc|con
48|pe|sle|stu
49|lad|knee|con
50|acc|pict|uncu
51|gra|blus|be
52|clamm|unw|di
53|sold|mali|r
54|clapp|ov|go
55|d|se|tr
56|pu|deba|circ
57|m|wr|co
58|alte|p|brief
59|sul|far|f
60|ackn|pil|fau
61|bir|even|giddi
62|pill|in|dist
63|hosp|equ|crip
64|po|ol|lov
65|la|fe|adver
66|vani|un|mort
67|ra|part|sugg
68|st|c|butch
69|qua|c|mod
70|sanct|d|blot
71|garm|obser|nod
72|ha|salti|troop
73|mes|var|outs
74|t|su|l
75|wolf|accu|rank
76|es|vigi|chr
77|bu|re|re
78|u|si|rega
79|chr|rave|forg
80|chol|hu|ca
81|appe|w|cater
82|sixte|t|pah
83|re|qu|oy
84|prem|ste|nedl
85|da|ni|gra
86|wages|pot|b
87|rui|g|tra
88|unde|so|par
89|ear|g|refu
90|sta|hatt|ora
91|unev|t|ne
92|etn|cher|dark
93|dec|opera|u
94|rea|inte|vaill
95|deepe|in|neck
96|bides|br|in
97|r|es|ho
98|e|lea|boors
99|pi|w|se
100|c|bo|car
101|s|mu|exe
102|unsh|s|disti
103|unlu|lan|bac
104|hicc|boxe|gar
105|ambus|mids|palms
106|tollu|peda|su
107|pre|march|sup
108|phoen|bol|l
109|mi|spee|f
110|adm|m|dr
111|ale|mi|sun
112|ad|qu|l
113|par|da|comp
114|waft|esc|sib
115|tumul|eq|le
116|wed|s|mo
117|tuc|qu|voic
118|rhap|ble|par
119|info|fo|wai
120|vell|bra|rig
121|colle|l|im
122|conte|to|ban
123|arch|sati|ma
124|grac|tre|car
125|ma|ca|bal
126|defi|dar|ung
127|wes|do|capar
128|barba|onwa|crie
129|flyi|ne|grum
130|felo|baks|co
131|infer|plan|mur
132|cha|cho|aff
133|cou|est|r
134|aea|veri|pe
135|dart|c|tr
136|gl|decli|th
137|wa|anc|ar
138|hunga|for|ven
139|wondr|robe|abso
140|vi|l|engu
141|scour|carp|bree
142|thw|feats|f
143|paidc|sa|imagi
144|sti|di|ove
145|su|abrup|un
146|pa|f|rap
147|obid|begot|pensi
148|espo|po|acrem
149|felon|hu|obser
150|will|h|east
151|stri|gui|s
152|remo|cri|hoof
153|for|weig|liby
154|drin|prop|suspe
155|adu|like|f
156|colo|fee|circ
157|cli|bu|bric
158|plo|unte|gall
159|gla|tha|mi
160|con|re|inv
161|tow|weapo|cre
162|ev|nib|pe
163|v|deput|was
164|refle|over|ad
165|capab|wi|perf
166|subs|c|giv
167|com|me|arr
168|fa|merr|pers
169|bott|marv|relia
170|obe|misgo|toolo
171|cull|angu|hea
172|no|fai|thr
173|dr|egr|sea
174|prie|insi|f
175|fai|s|longt
176|fopp|solem|n
177|exce|juggl|vow
178|bre|foo|sadn
179|name|ch|pu
180|trea|inf|mis
181|supe|succ|ta
182|desti|etcp|s
183|vent|o|sh
184|sing|jo|u
185|gual|fi|co
186|her|sur|col
187|bunc|enco|gl
188|ho|roa|bo
189|eni|b|swol
190|lea|inte|stock
191|unban|at|decay
192|blus|disg|repa
193|redee|live|osten
194|rig|hush|aug
195|lu|que|a
196|p|cont|na
197|grudg|pe|writ
198|tur|fl|d
199|faul|ta|dif
200|cre|sk|cur
201|prot|inc|thre
202|ab|babbl|tru
203|wor|win|empal
204|copu|savou|mered
205|dowr|encou|s
206|dep|a|fury
207|unrem|wi|soa
208|fort|enti|ran
209|displ|m|gaves
210|iri|perju|hur
211|nerve|gi|keys
212|ro|caesa|rive
213|mutt|sine|ye
214|paris|cel|cas
215|bat|foll|ca
216|chao|ra|abri
217|.th|fe|he
218|got|drunk|enth
219|wr|ra|ah
220|foi|si|st
221|ber|bar|musi
222|gravh|sat|ch
223|cu|unp|rep
224|met|tym|gui
225|rye|rese|er
226|sen|vesse|si
227|mal|brist|seats
228|islan|f|lain
229|di|mo|expr
230|gel|summo|wre
231|med|sup|cir
232|ri|parti|di
233|tac|unp|fa
234|unco|regre|james
235|cl|beh|vict
236|abr|re|unl
237|couch|pr|ch
238|sil|divi|dis
239|encom|w|ed
240|wh|a|rise
241|murd|biddi|plu
242|hear|i|u
243|apr|sub|chara
244|pres|crea|r
245|exc|tor|bemad
246|expe|yawni|reeki
247|tr|rung|dus
248|pueri|har|clim
249|enti|pand|sc
250|fl|conce|ou
251|fla|com|spa
252|ironr|sc|where
253|mira|enf|ely
254|out|bold|im
255|de|disp|chr
256|note|chou|gao
257|hur|pri|plum
258|ta|foo|unw
259|lus|pri|be
260|tu|br|vo
261|joy|s|won
262|b|hal|indif
263|light|testy|st
264|cordl|mo|dig
265|w|he|altar
266|unbr|re|fu
267|go|edd|hum
268|vig|hies|cl
269|he|br|shed
270|allo|cl|anot
271|susp|poli|in
272|obs|s|b
273|dad|c|nex
274|ke|per|spaw
275|accou|i|gips
276|sci|pulpi|ma
277|manag|ran|h
278|def|c|pl
279|butc|je|gri
280|pr|purg|hea
281|chanc|collu|w
282|dau|ferre|power
283|h|st|grav
284|rem|di|foxes
285|love|sca|st
286|calai|sc|s
287|naked|w|ut
288|hal|ba|stayt
289|fr|nar|fo
290|lend|logg|os
291|cur|half|conf
292|fi|lip|coug
293|mil|vol|ours
294|pal|he|gre
295|que|co|pe
296|harm|dau|prog
297|affe|sta|va
298|bakp|impa|w
299|kingm|di|pilo
300|unt|drow|hoo
301|descr|gorg|favo
302|int|col|br
303|shoul|cont|n
304|geli|perus|qua
305|dalli|nonag|unque
306|boug|henc|un
307|jep|barkt|inf
308|plum|uncon|needl
309|sle|tra|loudc
310|rec|obey|blaz
311|ai|dr|ho
312|mis|fac|twig
313|jes|tr|oli
314|who|meetr|mar
315|bas|dr|super
316|flaw|who|be
317|ligh|drug|h
318|deter|co|jacob
319|mer|w|mar
320|salu|pen|con
321|comp|pure|rem
322|ga|cha|le
323|chan|hu|man
324|ki|high|hel
325|halb|latt|pres
326|holi|reb|clos
327|hat|favo|ey
328|che|pomm|de
329|mour|nub|s
330|read|aspic|pe
331|serv|in|rat
332|stam|cu|hemp
333|naywa|gr|ma
334|rel|una|d
335|lo|flus|fanc
336|viole|bl|bon
337|stand|main|infi
338|casem|ne|stri
339|fee|be|dar
340|scot|hu|assay
341|crus|shado|overs
342|grow|godso|prop
343|n|heref|toaz
344|inv|shrou|sup
345|sour|sieve|cru
346|be|und|r
347|ind|ac|ya
348|atte|di|r
349|wea|cond|be
350|adva|ad|fa
351|pro|in|dr
352|oppos|drabb|visi
353|flo|unc|talke
354|ar|p|vio
355|fisn|go|dee
356|trav|heir|hoard
357|hatha|diss|sting
358|slip|pathd|caper
359|deig|una|lux
360|unl|swo|ab
361|alta|tr|in
362|tally|troya|es
363|sup|ense|dis
364|beste|disa|prove
365|im|serve|ca
366|deso|fleer|bawdy
367|tum|expr|rebe
368|heml|ma|sa
369|item|lendd|winn
370|bea|mult|p
371|i|tartr|plain
372|six|verba|usur
373|me|sp|bo
374|horn|bar|dig
375|ful|l|tal
376|looke|dir|ci
377|braz|in|dar
378|chain|be|f
379|turl|lass|thy
380|va|alli|su
381|bla|quip|skye
382|cro|untun|u
383|nerv|ri|phoeb
384|teet|cr|mov
385|pass|hard|woem
386|crow|tem|coo
387|k|unsig|co
388|impr|unta|bevyp
389|hook|madne|scen
390|motl|stat|rebuk
391|loat|procl|cu
392|wit|bra|ca
393|rede|fa|fuel
394|gory|pli|pr
395|tip|on|da
396|sep|ro|b
397|unbel|fann|bull
398|l|rai|clo
399|te|imp|offer
400|sum|outra|f
401|showe|stun|banis
402|merc|la|rebu
403|refl|testi|pa
404|misa|jo|g
405|plu|yell|perso
406|br|distr|trot
407|spo|rude|ap
408|fert|stage|hel
409|an|du|pasti
410|envy|a|reas
411|suff|ru|p
412|ven|amb|trea
413|grat|hal|keen
414|rev|cra|lolli
415|loanc|map|mys
416|fu|sn|found
417|best|de|ge
418|zene|sub|ropes
419|sw|po|awa
420|mus|im|mi
421|shif|wh|dast
422|marty|ch|enc
423|inve|h|c
424|rutt|bl|utter
425|fear|ret|gl
426|acco|sam|des
427|cauc|betr|nu
428|lard|bl|cures
429|arg|hand|st
430|bedr|h|eva
431|disp|en|spou
432|fard|tr|wells
433|g|tr|lab
434|fumb|merl|aco
435|gil|as|unwr
436|sits|sta|cou
437|unabl|obs|ple
438|bedfe|pre|time
439|weakn|ce|spar
440|seaso|boun|ove
441|gentl|eve|ides
442|fos|contr|vol
443|add|re|un
444|wild|fi|noni
445|limed|mi|c
446|eve|rogu|i
447|minc|begui|despo
448|pewu|human|ha
449|foa|u|atte
450|yiel|di|su
451|steel|pr|fame
452|hou|grie|panda
453|inde|woodc|incur
454|boltf|grey|ap
455|proc|vic|amen
456|sq|shea|smac
457|sa|cr|pa
458|reh|aims|sl
459|mann|unti|les
460|savo|un|enthr
461|handl|rare|bedd
462|hel|smoo|da
463|awem|marg|earth
464|eiec|con|al
465|darl|comf|be
466|spe|vent|co
467|scr|a|bles
468|mew|me|cora
469|despi|cro|cu
470|trip|t|bound
471|und|cro|mood
472|fello|junoa|impio
473|heri|iro|ye
474|gage|st|mea
475|stag|priv|pr
476|graz|resp|il
477|to|ve|un
478|specu|en|sh
479|tui|fal|di
480|maso|b|idol
481|cr|ch|q
482|si|chit|spur
483|dis|vowe|f
484|dem|ital|frai
485|rap|quond|in
486|chew|esp|gilb
487|main|hil|no
488|razm|ba|inte
489|sand|at|di
490|gen|fett|bea
491|bete|tur|arnp
492|doit|lan|me
493|unpi|exc|kn
494|ple|col|fr
495|phe|impa|num
496|shall|a|da
497|cho|howe|we
498|ric|harm|watch
499|thith|lab|exhi
500|god|sca|roar
