1|sea|s
2|vowed|unf
3|dif|exa
4|blus|ye
5|name|sty
6|garm|clare
7|ev|y
8|rotd|ise
9|foun|hi
10|infer|gen
11|out|ga
12|accum|lethe
13|pia|s
14|bed|tra
15|trot|fair
16|unbi|who
17|sub|c
18|urget|sc
19|refle|boa
20|holi|sol
21|ruth|rai
22|copu|per
23|diss|in
24|popp|la
25|wh|tw
26|sup|ga
27|info|scho
28|cauc|tendi
29|pla|stone
30|int|pla
31|main|the
32|resu|impat
33|ensn|sh
34|aven|shou
35|dece|musta
36|exa|vacan
37|am|servi
38|veng|rem
39|heml|tas
40|tart|whe
41|cha|hu
42|allo|fals
43|harks|sur
44|comp|enc
45|note|ser
46|envy|bas
47|undu|un
48|good|hie
49|keepe|ugli
50|hal|paw
51|ra|targ
52|arro|v
53|adm|da
54|look|trust
55|shuff|na
56|lear|nip
57|div|musta
58|fo|pau
59|fumb|suf
60|duell|vie
61|mus|un
62|faul|t
63|gory|a
64|di|cass
65|be|ind
66|dowr|miss
67|conce|pet
68|a|se
69|lad|atte
70|repr|o
71|coldc|cal
72|q|c
73|mour|re
74|ph|rod
75|sul|tu
76|palt|gna
77|ran|dams
78|outj|quaer
79|slut|q
80|to|co
81|her|ins
82|laz|pal
83|tumul|c
84|wed|jaun
85|nerv|ri
86|agree|de
87|ung|dist
88|marl|foot
89|bre|for
90|ackn|obs
91|infi|lodgi
92|strif|prac
93|dad|le
94|af|de
95|zoun|di
96|mal|arro
97|tige|de
98|exasp|ali
99|v|bodi
100|tri|af
101|murd|woul
102|bull|prof
103|par|fri
104|sili|sues
105|u|unl
106|expe|s
107|ho|bla
108|disp|fir
109|bir|rec
110|pre|beg
111|o|cha
112|thw|pert
113|dila|hu
114|fut|u
115|beau|t
116|flyi|con
117|loa|kn
118|gel|pre
119|trea|en
120|defi|bast
121|invit|poiso
122|chr|star
123|parol|weare
124|yeom|bl
125|redee|rock
126|hap|fa
127|bro|hab
128|foi|ch
129|neg|whitm
130|fana|mys
131|mat|am
132|denso|un
133|im|di
134|tollu|a
135|live|obst
136|appr|buy
137|opini|sho
138|fur|li
139|tr|mona
140|sess|se
141|sl|co
142|plo|her
143|cor|e
144|bat|lo
145|light|moed
146|barb|t
147|viole|misc
148|fe|mi
149|ke|luna
150|devi|c
151|offe|reas
152|wind|wooe
153|fa|in
154|gil|ensu
155|neede|st
156|unsh|fo
157|ret|fit
158|bakp|ow
159|fos|smite
160|tip|el
161|exc|bus
162|fra|atte
163|affe|co
164|oppos|mer
165|cordl|frank
166|benu|mild
167|brav|sw
168|unrem|ma
169|colo|im
170|will|aur
171|pr|ind
172|purrc|comp
173|po|hungr
174|san|band
175|horn|ge
176|mi|b
177|rampi|iwi
178|woun|al
179|supsl|fr
180|uncon|wre
181|sick|co
182|merr|co
183|der|clai
184|pump|te
185|whist|d
186|vaca|combi
187|hyd|be
188|butc|neg
189|du|qu
190|dart|ra
191|casem|stan
192|ex|vagro
193|felon|lag
194|ta|sat
195|hosp|obl
196|looke|pol
197|geli|tea
198|bul|s
199|tre|sa
200|cons|maggo
201|late|ho
202|wr|we
203|jo|e
204|unco|blubb
205|read|shipb
206|cogn|taug
207|unbel|wiped
208|shoul|cau
209|ro|pa
210|presc|py
211|deal|en
212|dil|shov
213|slip|thi
214|ca|i
215|unju|conce
216|cu|bonn
217|th|uncur
218|cho|d
219|shrou|ma
220|urg|jourd
221|unpr|plod
222|imp|fini
223|absen|affe
224|dr|newe
225|inve|powe
226|tory|servi
227|ironr|specu
228|sp|ma
229|vi|hayb
230|unpi|musi
231|waryg|u
232|savo|laps
233|bru|re
234|gros|beq
235|lack|cas
236|tar|mang
237|curat|goo
238|me|mi
239|go|haugh
240|vig|e
241|tu|less
242|occas|si
243|aea|th
244|unlaw|v
245|handl|m
246|n|co
247|cucko|pr
248|pipi|swea
249|prem|cop
250|sun|obs
251|reek|tig
252|acco|cons
253|ant|fath
254|mort|taste
255|torm|lurks
256|beha|batt
257|hear|di
258|mis|roww
259|erri|whose
260|ric|care
261|motl|beck
262|visi|comp
263|epil|sauc
264|minc|seeun
265|bea|invad
266|ea|bucku
267|med|ch
268|birth|par
269|res|pe
270|tough|targe
271|gri|e
272|inf|he
273|supr|pro
274|cyg|asha
275|sai|go
276|mira|vaga
277|def|be
278|medit|ma
279|rea|appro
280|appa|med
281|boh|c
282|wondr|drun
283|steep|fl
284|chri|y
285|sa|da
286|com|lan
287|fu|sc
288|dau|co
289|bott|r
290|exalt|assig
291|unban|hem
292|lea|lydi
293|wit|tre
294|spon|he
295|do|sw
296|clapp|p
297|tum|dec
298|merc|unma
299|mutua|lo
300|serv|hil
301|chol|bakes
302|adv|a
303|furt|w
304|it|sc
305|swee|cou
306|steel|un
307|subsc|ba
308|subo|ve
309|w|pace
310|deig|sta
311|les|rece
312|quo|somet
313|mostj|h
314|inc|sat
315|grat|benvo
316|wee|ins
317|sle|jaqu
318|comf|enda
319|sen|destr
320|vir|uns
321|ar|u
322|expir|s
323|watc|canon
324|neu|je
325|braz|ordi
326|adder|b
327|re|pe
328|cura|honor
329|diffe|pri
330|chew|whol
331|lions|ang
332|await|nob
333|busi|abo
334|la|tre
335|bu|oa
336|cause|roc
337|wolf|pa
338|hide|quoi
339|tac|adam
340|e|whol
341|boltf|e
342|manag|re
343|eni|woof
344|fre|efte
345|prot|q
346|fee|con
347|uttin|har
348|oswa|stag
349|rutt|he
350|rui|unct
351|ent|chris
352|deter|limit
353|pewu|str
354|por|cle
355|got|toler
356|accou|fan
357|dir|her
358|god|etont
359|viza|found
360|boy|int
361|invi|m
362|gual|fo
363|gentl|care
364|waft|for
365|shi|con
366|eats|highe
367|ble|un
368|de|sinkh
369|bedr|a
370|comb|se
371|chan|retur
372|sta|fing
373|unev|octa
374|for|cons
375|crow|learn
376|tookb|conf
377|gua|cro
378|ec|whit
379|scrim|pract
380|unde|swa
381|joy|unn
382|best|go
383|upli|di
384|sla|disp
385|prope|vaisf
386|el|pio
387|proc|quill
388|reve|shoul
389|tran|abili
390|unpeo|dr
391|labou|se
392|alte|ind
393|cas|tur
394|somet|gree
395|indu|udg
396|chara|pr
397|seve|amaz
398|unbr|di
399|bete|hear
400|te|instr
401|enti|p
402|sid|lam
403|prese|tw
404|loanc|p
405|chain|to
406|naked|nym
407|spur|eb
408|wages|chr
409|exh|inte
410|fla|d
411|brib|lowi
412|m|busi
413|oli|f
414|unst|pr
415|b|in
416|lu|s
417|bas|pri
418|misc|as
419|aban|o
420|h|r
421|absta|etern
422|refl|brace
423|lam|lawnr
424|yok|meagr
425|fi|sl
426|ap|st
427|k|che
428|augm|com
429|powe|ho
430|fopp|leave
431|leave|ru
432|f|sing
433|lim|in
434|unca|disv
435|si|wea
436|br|pin
437|macu|ove
438|ob|s
439|gl|epit
440|hook|bon
441|dem|serv
442|qu|to
443|ste|pr
444|time|ga
445|rem|da
446|eve|a
447|lispe|blast
448|ma|roa
449|sire|no
450|orph|en
451|haps|un
452|ale|ye
453|rum|soo
454|sig|st
455|ch|s
456|rec|enem
457|dec|baske
458|gr|lou
459|ewe|si
460|hou|pro
461|shrif|barn
462|pres|li
463|showe|mor
464|idlen|newe
465|tap|gir
466|stea|masts
467|pru|cl
468|recan|tisve
469|sc|sl
470|saws|te
471|sect|mal
472|pal|une
473|pol|scam
474|conte|inf
475|bedfe|th
476|una|fi
477|east|pat
478|verif|pois
479|wron|lea
480|calai|ma
481|rhap|se
482|tuc|untr
483|repul|th
484|exp|main
485|turl|forc
486|rev|co
487|cankc|ind
488|them|spe
489|cod|expos
490|ref|disc
491|ind|ord
492|cull|equal
493|pren|reg
494|inde|rust
495|rid|sen
496|ween|bo
497|.th|bas
498|ang|ordp
499|lus|gip
500|clo|staf
501|displ|de
502|pedan|s
503|whee|mont
504|cur|de
505|bra|oct
506|via|pr
507|sand|tra
508|beti|pe
509|atte|cer
510|blubb|gu
511|obid|om
512|cli|cyn
513|he|car
514|forat|wrin
515|tra|d
516|soa|thro
517|stag|da
518|comm|dare
519|mode|ghos
520|thith|conc
521|insp|en
522|awem|danc
523|sn|g
524|unt|pau
525|gna|pa
526|graz|arm
527|sum|advan
528|wa|resol
529|encom|mi
530|fina|princ
531|dap|r
532|spurr|ac
533|sourc|wa
534|bear|re
535|salu|race
536|vani|s
537|limed|cho
538|thr|bu
539|woosr|mona
540|pathw|royni
541|scr|bir
542|iden|maj
543|specu|sen
544|min|m
545|dear|rank
546|inha|val
547|quint|bl
548|reca|lead
549|few|comp
550|ber|lo
551|gla|lea
552|fire|temp
553|del|d
554|ine|irre
555|deso|pro
556|j|cel
557|stri|tr
558|sour|arm
559|espo|te
560|cram|va
561|ep|bri
562|acc|h
563|bak|oppo
564|varn|tut
565|desti|net
566|stra|ser
567|jes|post
568|speci|conv
569|panda|shap
570|maj|s
571|lard|th
572|mor|fun
573|lawf|ghos
574|str|de
575|que|ne
576|razm|di
577|ita|jeal
578|t|tinke
579|unlu|loa
580|stom|ext
581|darl|we
582|we|ove
583|mudd|o
584|baw|sc
585|hing|t
586|fear|buff
587|abr|aimsm
588|titus|de
589|han|gorg
590|fard|f
591|ensco|m
592|tur|everl
593|surve|headi
594|jep|orkc
595|rushd|letl
596|neat|c
597|ple|ma
598|wear|often
599|nec|c
600|boo|cand
601|hur|dis
602|knee|ban
603|hat|sca
604|ga|sh
605|mann|pr
606|remon|n
607|sot|wring
608|giddi|di
609|hois|g
610|pilg|over
611|bur|pal
612|und|exch
613|rig|distu
614|fort|allo
615|less|cl
616|eiec|dece
617|prov|plu
618|bunc|banes
619|en|ur
620|lend|d
621|fick|succ
622|des|wi
623|mer|una
624|sting|eya
625|boug|sto
626|gravh|furr
627|cl|world
628|evans|re
629|pra|wors
630|rede|di
631|ab|sta
632|emhr|compa
633|ush|bewra
634|har|ste
635|rye|magn
636|spo|bu
637|ge|wh
638|bigot|mi
639|franv|san
640|shif|rea
641|qua|pared
642|rep|deu
643|pu|trou
644|hel|hidth
645|seeki|chap
646|new|neck
647|opp|deli
648|au|symp
649|wei|ja
650|pro|ch
651|gra|f
652|phe|tra
653|arr|post
654|remo|det
655|forc|sacr
656|recr|pe
657|unres|deed
658|heri|vi
659|part|un
660|sco|un
661|clamm|buck
662|mew|har
663|inv|mis
664|purs|cor
665|d|prov
666|rosf|na
667|nay|pot
668|stone|po
669|wea|pen
670|chie|str
671|clepe|sp
672|ambus|di
673|fl|ma
674|gen|ja
675|grow|issu
676|mist|al
677|adva|otto
678|trav|o
679|mumha|magn
680|appe|te
681|sooth|wea
682|l|ep
683|li|br
684|fai|raz
685|felo|facit
686|maso|shou
687|cr|gout
688|unabl|trac
689|harm|lumpr
690|eff|sugge
691|plu|pa
692|ear|tra
693|scrip|straw
694|va|ti
695|roo|bree
696|mo|ama
697|colle|a
698|spilt|pl
699|mes|pr
700|cou|f
701|vell|dim
702|sixte|ebon
703|fans|tuit
704|grudg|cl
705|chanc|r
706|pill|co
707|feet|sou
708|ligh|nove
709|add|ho
710|culp|corr
711|fam|abj
712|nerve|inve
713|var|full
714|lut|tra
715|adju|ex
716|of|sove
717|despi|fou
718|suns|la
719|goers|si
720|plum|famo
721|conv|cap
722|omit|os
723|rap|ser
724|inte|petra
725|fli|swits
726|etn|frien
727|pass|dietp
728|st|hi
729|spea|th
730|mau|d
731|wrat|dif
732|prep|er
733|pe|fa
734|amaze|dat
735|flaw|ca
736|exce|rav
737|eveni|r
738|pomp|pri
739|flo|par
740|ben|pr
741|emb|ga
742|hon|acc
743|islan|sco
744|tel|ess
745|fin|lilie
746|paidc|stak
747|hatha|unh
748|seaso|unloc
749|suff|caps
750|neut|un
751|wild|bed
752|bo|pr
753|impr|oeuv
754|fisn|en
755|es|p
756|cre|gr
757|fau|marit
758|paris|pe
759|lech|mad
760|grac|ki
761|phoen|thri
762|arch|po
763|sq|marc
764|surf|sha
765|mil|grow
766|guil|co
767|deepe|domi
768|ou|rec
769|scour|sup
770|teet|s
771|fr|stak
772|eatco|offe
773|co|memor
774|statu|muzz
775|genit|sole
776|item|di
777|iri|discl
778|free|evi
779|glo|po
780|fert|ch
781|spe|do
782|agon|tut
783|imper|fo
784|sold|gre
785|i|batt
786|nois|be
787|prai|sw
788|goff|poli
789|openi|dis
790|fri|he
791|sits|col
792|indi|unrec
793|hunga|rea
794|mana|mur
795|sci|a
796|adu|sh
797|vent|hal
798|ven|un
799|pto|congr
800|act|wood
801|lig|un
802|ri|nec
803|arg|re
804|woode|inh
805|ala|wa
806|scot|noon
807|clew|c
808|hu|p
809|mutt|urges
810|so|unma
811|un|f
812|kin|a
813|os|wis
814|met|fo
815|stif|t
816|obe|pr
817|ratt|cur
818|bla|forc
819|ful|p
820|bel|drink
821|apr|last
822|circl|towe
823|tau|obse
824|fle|ha
825|trip|co
826|poun|tor
827|bout|benu
828|shall|yewi
829|weakn|privy
830|beste|river
831|an|thri
832|unc|she
833|ed|lea
834|cudge|vowe
835|lat|cr
836|edgev|asso
837|dep|ep
838|mut|equiv
839|allc|le
840|sw|impaw
841|filth|pure
842|marty|vi
843|dalli|ra
844|surna|cord
845|glas|vel
846|pream|o
847|dar|rigo
848|naywa|dowr
849|mem|co
850|quip|bil
851|degen|gna
852|chao|surv
853|ac|w
854|halb|ni
855|mend|all
856|until|u
857|pocky|quive
858|ba|an
859|obs|thir
860|descr|decem
861|ef|tru
862|pupp|c
863|addit|cabl
864|yel|w
865|sep|cl
866|real|isc
867|ad|ab
868|unwor|whe
869|bli|tail
870|infe|untim
871|fello|sta
872|befa|st
873|unfor|vir
874|rel|wres
875|stand|her
876|misa|bet
877|cumbl|l
878|coa|myn
879|shack|noi
880|jerk|o
881|recre|nobl
882|bes|sur
883|sh|ado
884|unsi|ac
885|mar|crams
886|yield|un
887|sing|wells
888|gage|exto
889|swi|lawl
890|stam|adde
891|hicc|em
892|mell|pipp
893|divi|sh
894|g|pre
895|wher|pr
896|nor|poi
897|tow|ecl
898|lestg|elb
899|up|leche
900|rai|cyp
901|swal|hoa
902|pa|fant
903|crus|spre
904|foa|pr
905|wor|unma
906|lo|ordin
907|fal|bo
908|rend|ami
909|s|mec
910|no|enra
911|winki|che
912|ha|lik
913|bides|p
914|gor|unsl
915|chro|harr
916|tui|et
917|tic|def
918|supe|p
919|pur|re
920|dread|slac
921|pi|p
922|ponia|ent
923|tho|fol
924|che|exhi
925|sil|law
926|reh|ze
927|dis|sea
928|zene|bene
929|butl|bath
930|sanct|prate
931|prie|anyfo
932|ki|lab
933|orbs|vi
934|right|dra
935|embo|nicet
936|pil|hoar
937|wes|dec
938|eg|vio
939|horo|sm
940|six|tam
941|r|emb
942|suc|pen
943|zi|wins
944|yiel|firm
945|doit|aus
946|subs|mar
947|drin|jew
948|da|dra
949|pueri|pl
950|pri|tool
951|augu|pro
952|id|bene
953|cro|ship
954|kingm|spli
955|tally|sus
956|plau|d
957|couch|gal
958|in|re
959|taint|oppo
960|rey|ro
961|pl|vi
962|maint|cler
963|kis|mau
964|thems|lu
965|hea|si
966|ass|im
967|love|la
968|su|sligh
969|loat|lim
970|dura|u
971|try|ol
972|unl|puni
973|alta|gil
974|jail|inw
975|barba|p
976|who|yard
977|vouc|pike
978|summe|sp
979|susp|b
980|hen|sent
981|scho|cour
982|phi|ne
983|sti|coro
984|p|mo
985|app|int
986|c|man
987|windi|conc
988|arou|cate
989|y|adop
990|teem|dro
991|con|dex
992|large|ben
993|dish|un
994|capab|fea
995|ensui|acad
996|nort|allu
997|awe|deci
998|ne|qua
999|cand|su
1000|ai|ra
