1|bree|grac
2|d|unsh
3|flago|br
4|cro|free
5|acc|ant
6|gra|mi
7|str|bowed
8|thw|pot
9|feats|rhap
10|f|strum
11|paidc|fle
12|sa|unsh
13|imagi|conte
14|sti|coxw
15|di|bal
16|ove|voic
17|su|dispe
18|abrup|forg
19|un|bowed
20|pa|stu
21|rap|clam
22|obid|deepe
23|begot|grac
24|pensi|pl
25|baki|mor
26|sad|dist
27|espo|oy
28|po|tal
29|acrem|obser
30|felon|ban
31|hu|spee
32|obser|mur
33|will|si
34|h|disti
35|east|gl
36|stri|onwa
37|gui|go
38|s|l
39|remo|strum
40|cri|co
41|hoof|le
42|for|pe
43|weig|bol
44|liby|fau
45|drin|ho
46|prop|rig
47|suspe|u
48|adu|taint
49|like|sh
50|colo|wedn
51|fee|deepe
52|circ|dec
53|cli|tollu
54|bu|oy
55|bric|coxw
56|plo|equ
57|unte|b
58|gall|l
59|gla|pill
60|tha|mer
61|mi|alte
62|up|blus
63|lad|clam
64|con|u
65|re|blubb
66|inv|cr
67|tow|tollu
68|weapo|dis
69|cre|adm
70|ev|stu
71|nib|rhap
72|pe|o
73|v|le
74|deput|scour
75|was|grac
76|refle|chr
77|over|dar
78|ad|sanct
79|capab|ocea
80|wi|fo
81|perf|re
82|subs|re
83|c|sh
84|giv|circ
85|com|hicc
86|me|flyi
87|arr|tuc
88|fa|ant
89|merr|o
90|pers|ora
91|bott|wes
92|marv|co
93|relia|adm
94|obe|anc
95|misgo|try
96|toolo|comp
97|cull|adm
98|angu|pot
99|hea|bowed
100|no|dire
101|fai|pl
102|thr|dispe
103|hoo|vell
104|p|wear
105|dr|senoy
106|egr|ocea
107|sea|equ
108|prie|o
109|insi|rai
110|troja|neck
111|longt|b
112|fopp|sta
113|solem|link
114|n|adm
115|exce|conc
116|juggl|dri
117|vow|exalt
118|bre|sylla
119|foo|ale
120|sadn|appe
121|name|free
122|ch|ban
123|pu|chr
124|trea|s
125|inf|ale
126|mis|capar
127|supe|le
128|succ|bran
129|ta|onwa
130|desti|rui
131|etcp|go
132|vent|rai
133|o|app
134|sh|t
135|sing|adm
136|jo|sta
137|u|senoy
138|equi|par
139|stee|f
140|gual|ma
141|fi|nail
142|co|berr
143|her|si
144|sur|acc
145|col|t
146|bunc|co
147|enco|qu
148|gl|odo
149|ho|app
150|roa|get
151|bo|equ
152|eni|onwa
153|b|wom
154|swol|lan
155|lea|hois
156|inte|lov
157|stock|alte
158|unban|senoy
159|at|tra
160|decay|hois
161|blus|clamm
162|disg|berr
163|repa|d
164|redee|chr
165|live|clam
166|osten|f
167|rig|le
168|hush|suns
169|aug|loa
170|lu|bode
171|que|ma
172|a|sh
173|cont|link
174|na|se
175|fo|rai
176|dep|su
177|da|unpr
178|grudg|aea
179|writ|forg
180|tur|inte
181|fl|infer
182|cha|wolf
183|facil|fo
184|ou|la
185|faul|le
186|dif|tumul
187|sk|ban
188|cur|acc
189|prot|sta
190|inc|suns
191|thre|bol
192|ab|o
193|babbl|pu
194|tru|tal
195|wor|abso
196|win|aea
197|empal|etn
198|copu|get
199|savou|su
200|mered|boors
