1|d|pigmy|ent|s|dige
2|fo|eff|embra|kna|pick
3|apos|tac|s|pist|j
4|wo|foi|shoo|th|unan
5|jud|etn|ha|forge|inv
6|h|cre|ounc|sh|flar
7|the|ar|wavin|deco|love
8|u|good|co|af|o
9|sc|nib|peru|ge|pres
10|imp|b|giv|p|tatt
11|extr|r|rat|pil|unp
12|e|fews|pestp|cruel|st
13|lun|uncu|bea|s|bea
14|in|la|so|man|e
15|t|good|e|da|edi
16|rapie|upwa|octav|b|seam
17|arro|indu|li|as|corr
18|appa|tru|ga|mena|curb
19|adopt|mult|stol|rev|prac
20|eve|ed|o|promp|man
21|time|com|deni|rebe|nilus
22|narb|spr|m|pri|go
23|tun|cand|ne|no|t
24|me|sp|ana|sop|el
25|i|fo|n|glen|ma
26|b|baki|lor|di|vi
27|assu|mi|comp|ar|pl
28|rai|allc|un|lur|filch
29|rab|wea|tard|arga|chi
30|posti|tunsj|boo|glitt|wo
31|f|part|hi|he|qu
32|adop|shi|ra|six|pen
33|sa|beg|in|lim|pollf
34|de|fami|mora|hoi|spa
35|she|unde|sle|horn|arr
36|or|ome|ne|show|f
37|tri|man|plent|pea|d
38|sh|chide|pra|padd|bla
39|he|capab|und|stu|kno
40|for|twig|abb|pre|l
41|dep|pad|reb|inj|acq
42|yicl|serve|hurl|allo|t
43|ring|bakp|in|gow|ne
44|wei|tr|re|rev|sacr
45|plai|ens|frogs|zoun|braw
46|dera|ung|abo|rig|bards
47|ma|undu|los|mo|behe
48|pasti|tra|st|b|dully
49|scor|rail|m|wron|de
50|th|for|s|stra|wh
51|enj|ita|c|way|r
52|forc|arti|a|stea|resol
53|unbo|neg|displ|shor|thir
54|feig|debi|reco|hu|sca
55|int|weave|med|tof|ob
56|audac|despi|agony|conje|pl
57|hear|sc|adm|att|rig
58|jeru|chide|tr|perce|sugh
59|ru|sa|whoef|enrid|ta
60|usele|tor|burl|an|un
61|oft|groat|nessu|pel|bait
62|la|mice|ex|th|l
63|unp|sli|pe|bl|fav
64|di|com|tw|t|re
65|orga|nod|re|buck|sar
66|flung|sta|ad|o|pro
67|accu|razi|thron|conse|co
68|sumt|pr|in|enti|pr
69|sho|scr|gibe|tw|glov
70|clif|chr|jac|bayi|aut
71|bro|agues|min|proud|reli
72|pot|joyt|gob|afiel|def
73|le|cryp|fla|glo|futu
74|p|sens|feve|lay|alex
75|ch|trib|fea|pa|ju
76|bec|nun|st|gr|opu
77|pas|paidc|sonne|acu|chi
78|bas|paidc|fea|depa|ci
79|ant|tra|afoot|flywr|off
80|wors|gar|again|lo|l
81|eter|nay|pro|be|but
82|tre|unfi|doz|juro|twe
83|sea|drunk|goodn|lags|brec
84|plea|ph|slavi|pinre|squ
85|.t|hon|reser|u|c
86|ba|flaw|gl|unken|o
87|re|pr|et|wron|dejec
88|si|har|unfo|thirs|sort
89|pu|bl|foret|sepa|suc
90|ev|gorg|ara|found|pursu
91|und|pr|da|inv|rank
92|lu|ar|t|ar|well
93|pepp|tru|pa|ach|weig
94|un|windi|evi|spr|st
95|kib|p|car|sup|fi
96|ushe|flago|pe|than|r
97|par|emb|pai|sams|s
98|r|foxes|re|ingen|fore
99|comm|vent|u|lo|admi
100|mi|cater|sh|magn|tr
101|c|cou|port|media|m
102|phili|sylla|circ|sh|fi
103|inju|name|qui|h|warn
104|chief|dist|gr|ea|env
105|sto|stone|sub|sh|ru
106|sal|refre|wr|kill|sun
107|catec|sc|ex|nam|outl
108|sha|mali|roo|smoo|far
109|title|fla|ju|weal|per
110|ve|pr|pr|c|fruc
111|goo|foi|awor|shady|rest
112|pon|like|umpi|fre|carpe
113|a|unpr|m|thin|incu
114|perd|jest|ascen|drea|eag
115|gr|vict|tra|lac|ba
116|cr|alls|exc|comp|nere
117|cha|basn|cla|whist|crop
118|thi|bea|ch|clare|la
119|wrin|hon|outbr|disor|ex
120|can|pad|regi|fac|re
121|bu|we|sm|po|lodo
122|wicke|hav|tor|banse|saty
123|ices|dive|belo|str|ba
124|su|tull|t|mis|mo
125|cla|car|in|zo|admit
126|l|baks|o|da|medl
127|eru|brief|ac|di|w
128|crit|overl|a|gra|unn
129|dori|sig|pan|din|unci
130|vo|pu|abj|n|co
131|co|fr|did|cr|me
132|li|stone|meal|ta|vill
133|hous|or|grap|lack|se
134|disc|na|con|st|hyp
135|wal|enw|belon|refus|hatch
136|indig|won|flag|d|germa
137|ov|unque|roar|edmu|s
138|s|braz|cro|indi|free
139|con|overl|tra|pri|phan
140|sla|flaw|an|ba|we
141|rev|beli|lo|tren|adv
142|tr|wom|cou|act|st
143|lion|even|prot|absur|wh
144|lycao|gaves|the|nettl|ho
145|rob|capar|ab|diver|fl
146|felt|gra|mors|rec|s
147|milk|bedr|cas|hu|enrag
148|dart|foxes|manor|sou|funct
149|sec|jade|infe|ra|sup
150|goos|tip|con|beau|car
151|rea|art|cent|b|d
152|spe|out|commo|m|sled
153|cabl|na|pend|contr|su
154|ge|agues|a|ens|treas
155|defac|bo|marr|pict|unt
156|fa|goo|wh|talk|ha
157|over|enw|met|bor|blaz
158|shil|exh|no|unfi|s
159|bese|grat|p|recou|me
160|infu|for|adu|rob|at
161|injus|empt|phe|war|scr
162|bit|gov|sy|sca|ar
163|mah|abu|br|claim|gard
164|fra|goot|wh|burst|ragge
165|sava|sensi|i|l|whe
166|obey|dist|ban|es|b
167|pl|bish|de|maj|h
168|spil|defi|ungr|bes|lien
169|gat|fana|cov|impor|shin
170|pard|shee|pt|petk|seed
171|inf|stif|rai|sto|ve
172|darli|ga|lownd|am|can
173|slau|erran|r|stel|pre
174|sew|arr|des|wi|bos
175|do|part|locke|ques|must
176|enga|thy|wr|nic|i
177|basa|mali|car|ligh|wield
178|pala|her|nur|j|bec
179|exerc|spee|build|be|pra
180|se|regr|pe|port|ba
181|fumb|goodl|eate|wit|cle
182|gove|gov|di|c|bi
183|st|resc|pear|ruda|co
184|cra|gaves|thin|miss|bles
185|moth|empt|ex|tri|b
186|out|to|tod|so|neare
187|wel|cordl|rob|r|macet
188|osw|rib|sole|unlov|str
189|el|phi|r|foo|not
190|evil|wells|des|wh|q
191|vie|foo|stra|dild|car
192|po|e|n|vulg|con
193|o|fews|herm|su|stra
194|grin|ble|f|acc|clodd
195|compe|thin|fl|busi|riban
196|caus|iden|mann|pigm|fr
197|vi|hies|wa|t|knav
198|stub|furt|br|bat|edmu
199|har|basn|di|r|awhil
200|dri|quea|f|onw|ba
201|troa|ensui|b|sc|ripe
202|fee|rail|disj|amber|embo
203|wanin|su|ph|r|ep
204|v|les|cab|quail|und
205|fi|iden|plu|la|tyran
206|retur|half|spru|com|rheu
207|affr|agon|bower|oxfo|edu
208|wipt|f|me|walt|flak
209|sl|car|p|che|sandf
210|hoo|pla|flout|hom|vil
211|fran|rey|te|h|enno
212|enp|arnp|un|fal|godv
213|descr|inc|cro|amit|indi
214|porpe|eff|panc|tr|fre
215|muc|razi|c|marbl|p
216|ens|nay|log|delu|occu
217|farr|turf|c|mach|scant
218|wha|won|dem|sto|ken
219|muf|grat|dis|gen|marq
220|head|fami|part|cou|gir
221|emb|arr|suck|merma|ind
222|pap|rec|redo|pa|s
223|fainm|b|nos|si|e
224|pit|col|fun|laneu|ince
225|wrap|pulpi|fa|coun|ru
226|assa|pos|car|ac|castl
227|dete|capab|le|shr|f
228|sever|st|foxc|rai|carve
229|car|vict|f|uni|turk
230|as|woem|va|ha|en
231|spoil|pocky|m|di|even
232|exche|defi|aside|mene|ru
233|sense|prof|cla|se|sca
234|cong|tollu|kin|mis|oma
235|boa|maso|fa|hillo|recko
236|card|good|dogg|thr|per
237|per|rare|al|rea|ours
238|acqu|clam|li|ca|fool
239|expe|razi|fel|bef|reach
240|sup|pet|poli|re|da
241|com|moed|a|poul|pav
242|sw|sm|st|ch|regi
243|wrec|t|l|heres|bra
244|mann|paw|ac|co|blam
245|norm|ju|fear|revel|no
246|mouth|rig|mill|bat|inu
247|anc|comp|laya|cas|humb
248|du|fear|kee|varl|aban
249|fini|pl|untru|lus|r
250|wh|paw|be|ro|gib
251|who|de|pa|hele|dist
252|chu|ru|bem|dra|retu
253|moo|pol|lupe|crus|frail
254|repo|cree|un|p|somew
255|cors|nun|an|acc|ras
256|oddly|sylla|regis|bas|at
257|gobl|surf|rede|a|fro
258|disd|wea|rheum|r|ami
259|briti|gra|com|treas|f
260|conn|chudb|fr|ul|env
261|cons|chudb|thou|wild|sort
262|supp|gov|s|kno|pot
263|pick|genit|d|bowl|ga
264|wret|ens|ab|ar|s
265|ben|pos|she|enqu|ben
266|pro|b|ele|sur|tapst
267|tend|ri|vai|win|c
268|const|repr|exc|br|r
269|inde|mice|c|hemm|sc
270|lea|pr|cutsc|su|ho
271|mo|tend|lac|dist|lusc
272|tram|theo|figh|im|rumb
273|windi|less|kenfo|rifl|shru
274|self|mice|subs|d|pers
275|shee|se|stic|sp|sic
276|relig|agon|hent|hol|dis
277|fopp|gen|pr|in|pen
278|glitt|s|exa|famis|car
279|might|gaves|p|clo|ly
280|king|baki|so|repug|ho
281|ca|exalt|fi|humph|orgil
282|pri|tac|ince|loads|imp
283|w|des|h|doub|ch
284|grand|nod|p|d|ryed
285|pluc|sta|rheu|endea|surf
286|ham|sensi|cro|shep|muf
287|mino|ha|li|daint|c
288|sati|man|coff|fe|strat
289|geor|sits|ash|sour|ali
290|exas|zoun|soilu|ma|atte
291|expos|dig|fran|unbu|plau
292|ul|na|ro|depar|ol
293|unta|p|the|proph|richm
294|exto|car|brai|galen|mo
295|fore|vo|unb|lispd|dai
296|effec|exh|le|p|aene
297|indis|min|tale|si|suff
298|unsli|coop|thy|advis|mar
299|luce|beli|di|re|sha
300|ord|na|swo|mi|ha
301|disch|alls|for|sub|matr
302|ble|impl|pas|shu|r
303|mont|uncon|p|par|pl
304|sams|bea|swa|cl|to
305|pr|cou|di|alex|digr
306|ridi|rebu|foreh|to|p
307|spot|devi|arrow|etern|dar
308|g|ome|unr|impe|styxi
309|cher|alls|has|accou|extol
310|pen|pri|a|stin|glide
311|opp|pewu|under|fu|cho
312|mayor|deci|adv|bir|st
313|obeye|vio|ju|ta|portl
314|style|chudb|c|impl|feare
315|grum|grat|pa|la|oc
316|indi|undu|mount|for|re
317|ea|vi|una|le|rebu
318|towa|fire|s|p|d
319|op|s|hear|guess|cha
320|ties|unde|wal|co|worth
321|spar|po|a|cons|maje
322|meher|squi|arr|he|sh
323|nim|tollu|east|pers|land
324|nou|swa|exc|poi|sireb
325|en|wa|ste|tumul|t
326|neat|no|inso|sweat|cere
327|load|les|hobgo|n|to
328|prefe|benu|po|hoop|rive
329|forf|goo|pa|forcg|ort
330|fewze|b|hal|de|t
331|neig|barb|mutu|beh|d
332|revel|re|swad|th|fore
333|cof|pet|fop|lo|ang
334|felic|sho|temp|fr|ter
335|fool|br|hive|ver|li
336|sp|ski|co|col|ma
337|ex|rib|be|wi|in
338|fl|ban|ne|ma|pole
339|smir|in|drab|tr|hurl
340|fearf|ri|wh|li|ch
341|wor|gros|sac|shu|br
342|hype|exc|gal|ste|hoop
343|lets|alli|gun|nio|ur
344|godhe|ju|garme|o|quit
345|falc|theo|reli|d|p
346|carve|rev|ar|slutt|rub
347|m|les|bo|lou|magic
348|pa|ur|di|poore|pel
349|ra|unpr|pa|cyn|mira
350|waf|cater|s|stayi|h
351|dove|tally|d|baj|sca
352|so|com|le|c|aud
353|str|joyt|h|occas|mi
354|wit|cordl|f|gre|serp
355|just|b|spad|murm|clou
356|bull|sect|chole|dov|r
357|ad|woolb|invo|f|stra
358|tithi|bru|hey|und|cne
359|handm|coop|p|la|esche
360|poins|re|spac|la|off
361|et|gra|amaz|fr|conv
362|whore|fals|ma|apos|l
363|marri|bakp|pole|ca|reig
364|te|vent|ear|d|in
365|oa|eth|eunu|wa|pen
366|loa|ung|tr|heart|te
367|ab|par|bl|co|sol
368|brea|unque|mig|m|propa
369|is|le|pri|c|sp
370|ince|exalt|atten|doug|toy
371|alex|moed|gl|mag|hov
372|ye|sm|t|var|mor
373|esta|stone|pelt|tood|t
374|hys|grisl|mur|han|ful
375|dol|recan|grey|be|towe
376|unt|mice|vill|a|dwel
377|sau|pa|so|e|cli
378|hea|her|suff|act|penn
379|ga|inte|bawdu|chase|ser
380|empe|grisl|count|exch|swe
381|shar|rushd|veni|accu|en
382|fetch|damna|lau|r|seet
383|unear|shi|sl|pro|be
384|fix|gua|th|care|unco
385|diff|tollu|jow|misfo|vaux
386|moy|serv|manl|per|facul
387|ro|indi|comba|meddl|pud
388|dawn|goot|how|egr|mas
389|inqui|theo|uncom|irec|bi
390|cont|fo|rea|pr|mas
391|tatt|res|de|bl|impat
392|kate|until|big|s|stak
393|bo|e|bar|ci|spr
394|go|te|pilg|r|ar
395|oppre|wom|pan|pr|lul
396|shre|pocky|a|co|co
397|ston|nell|th|dist|scan
398|win|flago|c|actin|sui
399|noon|gr|roo|dais|acc
400|forni|whol|la|pyrrh|sta
401|mur|quea|tods|laug|glue
402|sed|half|succ|cap|f
403|app|gua|lute|cap|appr
404|lo|groat|ten|n|bro
405|lee|pos|cyth|m|c
406|pe|nib|free|d|fi
407|tomb|rec|s|air|squ
408|britt|agon|twis|wavi|b
409|inve|half|fe|grapp|gre
410|mirth|ag|blac|vu|into
411|brow|damna|se|d|hand
412|waked|spit|adop|eld|elo
413|woun|thro|tan|porti|ben
414|ep|lux|wan|sa|give
415|usu|neg|rep|rep|husb
416|to|windi|peop|s|exp
417|slin|time|wishe|beac|br
418|gall|affe|veile|tim|l
419|ir|ur|blu|poli|trea
420|ha|ush|vil|pas|read
421|prog|hu|vap|un|reco
422|jesse|cent|si|reco|opere
423|genit|ch|tac|vailp|wishi
424|ki|min|endow|cut|al
425|requ|pad|da|case|f
426|wa|bonn|forsp|ai|si
427|rejo|appoi|flat|gr|h
428|nuts|jest|i|hor|boug
429|inte|pau|sc|kin|hood
430|irawh|do|wint|husks|bo
431|compu|bull|ve|bra|ob
432|roes|arnp|witto|in|b
433|disda|drun|s|fr|bil
434|quell|misgo|bu|nona|sim
435|ci|enw|unkep|sh|c
436|qua|tum|sabl|wante|s
437|unl|fear|po|cob|corl
438|unwe|zo|bangp|poiso|joyfu
439|unlo|ceas|fewne|pl|scen
440|prob|favo|ne|yie|p
441|deni|de|c|seve|thre
442|twe|pow|res|co|simpl
443|suppo|like|m|geni|ca
444|touc|si|fo|pro|wou
445|defec|an|v|quits|bese
446|limb|cand|be|milk|wil
447|fid|pos|enj|bol|sh
448|fau|abso|con|belo|comp
449|vane|he|rude|j|siege
450|foug|expe|mu|tith|guidi
451|bea|destr|exc|dis|dro
452|omnip|c|mou|fal|ma
453|yo|tull|ab|clai|han
454|im|turf|fo|r|los
455|pun|limit|ta|uses|lea
456|dila|vio|anchi|co|re
457|vio|foxes|kateg|wr|exce
458|sme|allc|ca|unh|luke
459|dea|boun|you|et|pi
460|grou|pap|ch|endam|disc
461|ho|coop|law|un|a
462|mus|jade|wh|r|unl
463|sta|t|arti|kic|pure
464|offe|sits|a|abho|o
465|misin|lux|mi|a|goa
466|mote|fana|smo|plume|in
467|bloc|gros|s|fria|bla
468|bird|turf|arr|gi|in
469|ecst|even|rep|iron|issu
470|cet|rej|cha|re|res
471|redee|prope|blan|capul|thirt
472|ph|s|stin|frid|ama
473|law|ball|tr|gate|y
474|ap|vic|igno|begin|lord
475|bl|inc|ber|bl|be
476|ac|fear|gossi|chi|ne
477|gorg|uncon|ble|pette|suffe
478|da|cater|br|mo|tou
479|sur|infi|supp|af|spous
480|bak|earth|calms|ins|c
481|ato|joyt|mine|trump|p
482|dict|st|le|peris|dis
483|wi|will|funer|jes|b
484|vap|sp|kett|shak|ple
485|fr|junoa|exp|com|c
486|unpre|repr|str|pr|hig
487|ach|ju|sple|an|dis
488|ta|m|ed|grat|c
489|slu|loa|pr|sinni|ch
490|hap|gr|sno|prol|hyme
491|pra|wom|quit|sub|ins
492|fou|un|la|u|tr
493|fault|un|lang|exp|su
494|manl|refre|rav|innp|se
495|heel|goodl|sch|le|pr
496|roa|thy|pene|brute|a
497|bur|pewu|bat|vanis|gi
498|desc|vigi|pr|di|cano
499|afore|va|blea|plent|mixt
500|leag|we|vani|bac|st
