1|exalt|purch|blubb|invit|odo|hor|ent|p
2|unpr|co|c|bea|a|sai|coxw|fal
3|sta|a|app|botc|cr|boy|tend|sl
4|o|hov|sh|offe|mi|vol|wear|dist
5|sylla|ca|hu|ho|hea|blo|ba|rid
6|wom|ete|rai|pri|wedn|ensco|re|cov
7|mor|suppl|dri|pomp|strum|gat|woun|thiev
8|sti|comm|di|lur|suns|ge|f|tic
9|bowed|str|f|wil|get|rai|beha|gla
10|ant|hear|conc|kis|ocea|patr|free|co
11|ba|remon|mer|b|blubb|en|b|lestg
12|clam|last|un|comp|nail|verif|s|pe
13|try|re|link|ch|ubi|pri|pl|pr
14|a|fo|senoy|apro|fle|br|bol|in
15|berr|wannp|bed|co|a|una|co|disg
16|loa|ful|a|ex|adop|boa|taint|talk
17|c|fur|car|bushy|hois|richn|tal|sh
18|weave|unnat|live|votar|hu|wind|vouc|con
19|pe|sle|stu|lad|knee|con|acc|pict
20|uncu|gra|blus|be|clamm|unw|di|sold
21|mali|r|clapp|ov|go|d|se|tr
22|pu|deba|circ|m|wr|co|alte|p
23|brief|sul|far|f|ackn|pil|fau|bir
24|even|giddi|pill|in|dist|hosp|equ|crip
25|po|ol|lov|la|fe|adver|vani|un
26|mort|ra|part|sugg|st|c|butch|qua
27|ha|salti|troop|mes|var|outs|gra|po
28|dire|t|su|l|wolf|accu|rank|es
29|vigi|chr|bu|re|re|u|si|rega
30|chr|rave|forg|chol|hu|ca|appe|w
31|cater|sixte|t|pah|re|qu|oy|prem
32|ste|nedl|la|ch|fe|da|ni|gra
33|re|rh|eav|wages|pot|b|rui|g
34|tra|unde|so|par|ha|nett|dis|ear
35|g|refu|sta|hatt|ora|unev|t|ne
36|etn|cher|dark|m|d|f|dec|opera
37|u|rea|inte|vaill|deepe|in|neck|bides
38|br|in|r|es|ho|co|over|slee
39|e|lea|boors|pi|w|se|c|bo
40|car|s|mu|exe|unsh|s|disti|unlu
41|lan|bac|hicc|boxe|gar|ambus|mids|palms
42|tollu|peda|su|pre|march|sup|phoen|bol
43|l|mi|spee|f|adm|m|dr|s
44|ur|wri|ale|mi|sun|ad|qu|l
45|par|da|comp|waft|esc|sib|tumul|eq
46|le|wed|s|mo|tuc|qu|voic|e
47|tend|be|rhap|ble|par|info|fo|wai
48|vell|bra|rig|colle|l|im|conte|to
49|ban|pe|be|v|s|fra|dispe|arch
50|sati|ma|grac|tre|car|t|sp|s
51|ma|ca|bal|defi|dar|ung|wes|do
52|capar|barba|onwa|crie|flyi|ne|grum|felo
53|baks|co|infer|plan|mur|cha|cho|aff
54|cou|est|r|un|bran|poi|la|fo
55|for|un|bode|clob|aea|veri|pe|dart
56|abso|vi|l|engu|scour|carp|bree|d
57|flago|cro|acc|gra|str|thw|feats|f
58|paidc|sa|imagi|sti|di|ove|su|abrup
59|un|pa|f|rap|obid|begot|pensi|f
60|baki|sad|espo|po|acrem|felon|hu|obser
61|will|h|east|stri|gui|s|remo|cri
62|hoof|for|weig|liby|drin|prop|suspe|adu
63|like|f|colo|fee|circ|cli|bu|bric
64|plo|unte|gall|gla|tha|mi|po|up
65|lad|con|re|inv|tow|weapo|cre|ev
66|nib|pe|v|deput|was|refle|over|ad
67|capab|wi|perf|subs|c|giv|com|me
68|arr|fa|merr|pers|bott|marv|relia|obe
69|misgo|toolo|cull|angu|hea|no|fai|thr
70|f|d|d|troja|fai|s|longt|fopp
71|solem|n|exce|juggl|vow|bre|foo|sadn
72|name|ch|pu|trea|inf|mis|supe|succ
73|ta|desti|etcp|s|vent|o|sh|sing
74|jo|u|c|equi|stee|gual|fi|co
75|her|sur|col|bunc|enco|gl|ho|roa
76|bo|eni|b|swol|lea|inte|stock|unban
77|at|decay|blus|disg|repa|redee|live|osten
78|rig|hush|aug|lu|que|a|p|cont
79|na|fo|dep|da|grudg|pe|writ|tur
80|fl|d|cha|facil|ou|faul|ta|dif
81|cre|sk|cur|prot|inc|thre|ab|babbl
82|tru|wor|win|empal|copu|savou|mered|dowr
83|encou|s|dep|a|fury|unrem|wi|soa
84|s|jawh|s|fort|enti|ran|displ|m
85|gaves|iri|perju|hur|nerve|gi|keys|ro
86|caesa|rive|mutt|sine|ye|paris|cel|cas
87|su|na|b|bat|foll|ca|prot|be
88|appoi|chao|ra|abri|.th|fe|he|got
89|drunk|enth|wr|ra|ah|la|divi|i
90|foi|si|st|ber|bar|musi|dec|cont
91|slau|gravh|sat|ch|cu|unp|rep|met
92|tym|gui|rye|rese|er|sen|vesse|si
93|mal|brist|seats|islan|f|lain|di|mo
94|expr|e|pur|res|gel|summo|wre|free
95|on|u|med|sup|cir|ri|parti|di
96|tac|unp|fa|unco|regre|james|cl|beh
97|vict|abr|re|unl|couch|pr|ch|r
98|thro|st|sil|divi|dis|encom|w|ed
99|wh|a|rise|murd|biddi|plu|hear|i
100|tor|bemad|expe|yawni|reeki|tr|rung|dus
101|exc|rome|p|pueri|har|clim|enti|pand
102|sc|fl|conce|ou|t|av|fol|fla
103|com|spa|ironr|sc|where|mira|enf|ely
104|out|bold|im|de|disp|chr|note|chou
105|gao|hur|pri|plum|tr|s|often|ta
106|foo|unw|lus|pri|be|tu|br|vo
107|con|groo|ru|pre|eye|che|joy|s
108|won|c|sto|vouc|b|hal|indif|light
109|testy|st|un|sit|pi|s|con|cu
110|cordl|mo|dig|w|he|altar|su|las
111|ro|unbr|re|fu|go|edd|hum|vig
112|hies|cl|he|br|shed|allo|cl|anot
113|vi|a|not|susp|poli|in|re|vo
114|bl|obs|s|b|dad|c|nex|de
115|mice|expo|fo|test|in|una|move|accu
116|fla|g|week|ke|per|spaw|ho|u
117|rib|con|what|stri|accou|i|gips|sci
118|pulpi|ma|manag|ran|h|p|gov|n
119|def|c|pl|butc|je|gri|ri|a
120|sp|pr|purg|hea|chanc|collu|w|c
121|p|yoke|dau|ferre|power|live|tabo|f
122|t|cheer|ca|h|st|grav|rem|di
123|foxes|wind|gr|d|love|sca|st|calai
124|fr|nar|fo|e|loa|ma|gl|mell
125|te|lend|logg|os|co|fearf|pol|cur
126|half|conf|fi|lip|coug|mil|vol|ours
127|b|for|affe|sta|va|ho|d|ca
128|bakp|impa|w|kingm|di|pilo|com|du
129|spee|unt|drow|hoo|descr|gorg|favo|int
130|col|br|f|de|rip|shoul|cont|n
131|geli|perus|qua|co|poin|tirg|dalli|nonag
132|unque|boug|henc|un|jep|barkt|inf|plum
133|uncon|needl|un|fai|clien|sle|tra|loudc
134|rec|obey|blaz|ai|dr|ho|mis|fac
135|twig|jes|tr|oli|who|meetr|mar|bas
136|dr|super|de|top|realm|int|jumpq|vents
137|flaw|who|be|ligh|drug|h|deter|co
138|jacob|mer|w|mar|salu|pen|con|v
139|ri|spra|ra|o|g|comp|pure|rem
140|ga|cha|le|chan|hu|man|ki|high
141|hel|halb|latt|pres|holi|reb|clos|hat
142|favo|ey|che|pomm|de|mour|nub|s
143|pi|blot|ac|ma|d|be|read|aspic
144|gr|ma|try|in|mer|rel|una|d
145|lo|flus|fanc|viole|bl|bon|stand|main
146|infi|casem|ne|stri|fee|be|dar|scot
147|hu|assay|crus|shado|overs|grow|godso|prop
148|n|heref|toaz|inv|shrou|sup|wr|env
149|comp|sour|sieve|cru|be|und|r|be
150|al|ar|ind|ac|ya|atte|di|r
151|wea|cond|be|adva|ad|fa|co|we
152|goodl|pro|in|dr|trea|loss|ge|co
153|liv|fit|co|oph|oun|lea|min|so
154|oppos|drabb|visi|flo|unc|talke|ar|p
155|vio|da|entr|fume|co|adh|r|wr
156|du|no|fisn|go|dee|trav|heir|hoard
157|hatha|diss|sting|slip|pathd|caper|deig|una
158|lux|c|ri|dish|unl|swo|ab|flo
159|tally|troya|es|sup|ense|dis|beste|disa
160|prove|e|fool|sonn|tr|d|spl|im
161|serve|ca|dr|trans|ker|deso|fleer|bawdy
162|tum|expr|rebe|heml|ma|sa|item|lendd
163|winn|slip|su|frig|pu|ni|bewee|bea
164|mult|p|i|tartr|plain|six|verba|usur
165|me|sp|bo|de|dru|up|horn|bar
166|dig|t|liege|oppo|ful|l|tal|looke
167|dir|ci|ho|cabl|sum|ex|sh|hou
168|braz|in|dar|chain|be|f|turl|lass
169|thy|r|cou|afr|her|se|becom|va
170|alli|su|bla|quip|skye|cro|untun|u
171|nerv|ri|phoeb|teet|cr|mov|pass|hard
172|woem|crow|tem|coo|k|unsig|co|v
173|sli|e|be|trick|vigo|impr|unta|bevyp
174|rebuk|loat|procl|cu|wit|bra|ca|rede
175|fa|fuel|he|espi|o|gory|pli|pr
176|tip|on|da|sep|ro|b|unbel|fann
177|bull|l|rai|clo|te|imp|offer|c
178|thr|cen|de|em|uns|r|depa|flo
179|sum|outra|f|showe|stun|banis|merc|la
180|rebu|refl|testi|pa|misa|jo|g|bea
181|abom|in|plu|yell|perso|ent|d|simon
182|fo|overc|supe|co|cash|me|par|answ
183|tull|te|m|bes|h|ta|fo|s
184|man|respi|br|distr|trot|spo|rude|ap
185|pasti|i|d|s|envy|a|reas|suff
186|ru|p|con|perg|toss|ven|amb|trea
187|grat|hal|keen|n|com|p|pr|auda
188|regr|di|spe|s|mer|tem|scour|d
189|h|col|rev|cra|lolli|loanc|map|mys
190|fu|sn|found|best|de|ge|zene|sub
191|ropes|i|ter|rej|sh|sp|h|c
192|gar|aff|sw|po|awa|mus|im|mi
193|ex|app|propo|unche|shif|wh|dast|marty
194|ch|enc|inve|h|c|rutt|bl|utter
195|fear|ret|gl|acc|rev|hun|acco|sam
196|des|cauc|betr|nu|lard|bl|cures|r
197|groat|l|pi|int|fa|arg|hand|st
198|bedr|h|eva|disp|en|spou|fard|tr
199|wells|g|tr|lab|fumb|merl|aco|fear
200|si|sof|gil|as|unwr|t|laurt|pecu
201|sits|sta|cou|unabl|obs|ple|bedfe|pre
202|time|i|eleph|m|e|fa|pal|weakn
203|ce|spar|seaso|boun|ove|gentl|eve|ides
204|fos|contr|vol|add|re|un|h|cor
205|tr|wild|fi|noni|limed|mi|c|sil
206|lame|ush|eve|rogu|i|minc|begui|despo
207|pewu|human|ha|foa|u|atte|yiel|di
208|ho|musi|live|disn|kind|hou|grie|panda
209|mine|inde|woodc|incur|boltf|grey|ap|proc
210|vic|amen|sq|shea|smac|free|li|gen
211|sa|cr|pa|reh|aims|sl|mann|unti
212|les|b|a|ap|savo|un|enthr|handl
213|rare|bedd|r|prom|round|ch|in|cha
214|mi|sup|cani|hel|smoo|da|awem|marg
215|earth|eiec|con|al|darl|comf|be|spe
216|vent|co|scr|a|bles|mew|me|cora
217|despi|cro|cu|trip|t|bound|un|ra
218|read|und|cro|mood|supe|gig|suff|fello
219|junoa|impio|heri|iro|ye|in|blowe|tett
220|gage|st|mea|stag|priv|pr|a|sibyl
221|gra|graz|resp|il|to|ve|un|read
222|combi|hoist|ber|p|dawn|specu|en|sh
223|tui|fal|di|maso|b|idol|u|acord
224|de|cr|ch|q|in|bo|ay|p
225|unpru|lia|r|mon|th|si|chit|spur
226|coop|anyt|chew|esp|gilb|main|hil|no
227|in|cou|valui|plu|a|nomi|razm|ba
228|inte|s|daw|dem|ke|dece|mar|va
229|gen|fett|bea|una|dizz|re|bete|tur
230|arnp|tu|rav|foot|doit|lan|me|unpi
231|ple|col|fr|pr|sev|be|phe|impa
232|num|po|wa|soun|shall|a|da|cho
233|howe|we|ca|tap|bisho|ma|alcid|wh
234|ric|harm|watch|pr|cla|amp|su|ben
235|sn|po|all|har|disco|uncr|bel|c
236|unge|as|di|zo|u|swi|as|when
237|unf|sid|sta|e|ref|skit|gu|wee
238|go|march|stea|aff|appet|str|th|eno
239|trib|tur|ve|nur|tri|presc|us|surna
240|bath|coff|cu|anti|bal|wron|oa|unm
241|boo|ite|puri|s|d|weigh|seve|dou
242|zo|cons|riot|d|rampi|cit|peop|teet
243|no|achi|whist|cuck|t|gr|p|tally
244|tunsj|ben|ouibr|ordi|visi|vi|r|sire
245|forge|dye|fl|t|step|unpeo|c|dest
246|res|g|gallc|a|tory|dish|ad|de
247|pla|a|ap|em|te|lo|rogu|ba
248|hea|tru|a|qu|ref|ve|unlaw|ma
249|ju|rosf|tremo|p|ma|where|ex|pol
250|woolb|ho|ponia|s|su|nor|vizo|even
251|few|u|cer|rea|ab|pr|cumbl|sovis
252|tumb|sco|er|hou|dr|bles|tot|barb
253|murt|equ|dece|fu|athw|c|ma|pre
254|prope|un|di|ric|norwe|men|outj|c
255|lips|hu|reti|enact|brav|fees|s|bro
256|deci|star|gra|heav|chudc|urg|unbe|spe
257|urget|lov|qu|les|rage|oc|sick|fairw
258|windi|go|geese|del|bootl|donnm|yeom|d
259|gal|w|insp|tol|suc|cor|ha|befa
260|empt|pa|pr|jo|ragge|whee|e|hathf
261|defi|repul|amb|dew|ab|dime|r|sp
262|boun|chick|steep|an|bepa|fe|lastc|fo
263|int|leisu|ta|sh|m|str|m|l
264|pl|appr|meadc|wi|cr|t|fee|ang
265|damna|de|yok|ea|test|exp|satep|mil
266|iden|deat|delig|sa|crue|e|time|san
267|cent|div|adjo|per|tap|run|resi|pla
268|st|ra|di|sun|b|pis|mumha|th
269|twosp|titus|enme|qu|dir|unp|clo|tri
270|hida|fixt|s|pleas|min|chro|p|cont
271|hyd|shif|s|ob|con|plut|cu|at
272|fami|augu|humes|clea|i|cave|lovel|quip
273|cryp|nio|sting|hum|ta|recr|ed|ti
274|art|br|st|pa|e|thund|mo|tel
275|basn|cr|re|laf|mete|goff|mith|stop
276|indu|dan|i|beti|lev|stalk|lo|dri
277|goot|infe|po|nes|v|paybe|pu|ba
278|serv|giv|sewer|rotd|s|inst|imp|ho
279|pun|vi|mur|obs|hur|car|su|mer
280|statu|di|red|pru|cons|c|tr|hate
281|sh|omit|jea|sei|adv|toas|gri|bel
282|hudd|ruler|fur|d|infu|denso|sect|cade
283|agon|mang|blame|sp|encr|core|os|deane
284|overl|mostj|squi|ap|in|rari|swor|he
285|ush|gl|fo|fold|pri|shrif|her|w
286|fra|nouri|cypre|stea|unha|matc|ri|le
287|debi|kin|civ|r|inv|c|ble|s
288|allc|sta|cavi|ev|nowhe|chr|chri|laud
289|maso|g|com|bur|lions|prod|sl|di
290|mu|beac|com|us|d|fle|ta|pane
291|sect|insu|doubl|coldc|vilen|filth|lack|thr
292|shee|busi|b|brea|lut|sweet|succ|upli
293|sat|south|swee|atta|juge|bout|un|loat
294|che|me|hyp|ar|ripe|salve|mudd|prot
295|w|tra|tr|h|gor|unp|throm|pe
296|gi|e|str|brac|cr|in|d|br
297|indi|th|int|con|smo|gr|rai|st
298|gout|infi|bowd|flag|ep|co|tabo|d
299|ar|bu|st|gui|p|them|he|p
300|cram|witt|c|bu|inevi|froze|ch|super
301|rej|fi|chi|endle|unpr|ama|tr|giddi
302|vo|mard|p|me|wi|adder|les|balan
303|dive|hows|dil|conf|car|co|d|l
304|ra|prime|ac|gl|sup|r|wher|drag
305|jade|comb|in|out|bur|blood|s|o
306|neut|arche|pra|rec|buz|voya|un|de
307|there|gorsh|sp|wron|whipt|haps|tory|prov
308|benu|dis|rive|st|al|pen|br|fore
309|razi|dart|de|tran|wad|shuff|n|im
310|barb|def|eff|ref|vali|pro|f|clep
311|pa|east|a|guil|ba|mispr|m|w
312|co|att|h|yar|mis|h|k|unc
313|spilt|rut|del|merr|terme|cates|culp|fee
314|ph|filth|kite|co|pa|knav|achi|diss
315|bat|boli|unfor|saili|sig|look|r|quite
316|ensui|sal|thr|i|palme|opul|reca|un
317|squi|guil|be|co|fut|phe|betw|re
318|resc|cour|sess|ble|cae|dif|dea|co
319|arg|c|mis|hen|sta|prem|tr|cod
320|thin|prese|hai|senat|r|len|f|shack
321|eth|sw|t|mo|wait|par|bew|swea
322|an|be|appr|ween|fet|pin|pr|t
323|arti|gos|waryg|fac|v|stra|d|extor
324|m|coll|gut|labou|ste|per|p|prom
325|rail|p|ala|gu|titus|hu|la|am
326|undu|mar|unre|unres|nunn|mend|winki|merri
327|nod|vir|beh|w|mi|un|parc|bigot
328|dar|cor|gobbe|supe|fre|v|d|a
329|pap|fr|j|stone|co|deriv|copi|st
330|sensi|me|me|bl|bo|me|we|i
331|curat|j|i|pra|fea|im|thems|broac
332|spr|galet|dr|al|cons|ruth|prec|palt
333|ita|for|swe|chan|br|pres|fli|im
334|uncl|res|i|espo|late|go|gru|hide
335|stone|b|s|dis|b|summe|un|pl
336|quea|co|mem|t|ph|p|outc|st
337|nell|p|hea|hon|we|c|ca|scho
338|hawkk|end|cha|e|debas|stom|plu|capon
339|rey|unwo|capta|scrip|gu|send|accum|sc
340|feat|ha|be|birc|unca|sack|pre|ta
341|vowed|po|cri|nois|pan|stuf|rend|mo
342|envio|minc|pebb|mir|exa|repl|justn|no
343|ens|c|divi|prin|se|augm|path|assu
344|fire|allt|deli|dear|num|pahco|pl|endur
345|furt|goa|sa|gua|coup|ine|agree|fidd
346|turf|turn|brib|mona|he|zi|rid|bet
347|i|t|ext|she|ne|lott|b|dread
348|ed|mag|saws|van|un|bo|nig|an
349|upli|warri|feat|bra|off|ac|misc|prov
350|to|w|lame|melt|lear|potfa|temps|mus
351|ski|lack|varn|piam|outf|thr|ex|u
352|repr|wh|termu|quo|saun|plent|watc|fea
353|cree|ba|te|br|light|laysa|t|inf
354|nec|brib|ki|ind|alepp|supr|c|c
355|q|large|rev|over|s|mona|l|sc
356|defe|th|spar|ba|s|ja|eveni|appe
357|r|equ|clo|wa|kn|bo|dani|chan
358|eff|wa|wou|duell|adve|uns|pro|brayh
359|unde|ta|perf|mana|cloud|z|orbs|villa
360|ca|doing|c|in|cla|clew|unliv|enfo
361|bed|pu|si|c|hen|imit|smi|di
362|min|commo|jowls|r|e|h|ensn|for
363|rew|af|c|climb|q|rep|unr|dap
364|exh|e|drin|insp|angst|can|swee|m
365|dis|phi|bagsa|tro|inte|apo|pro|misa
366|begi|vicio|en|dea|cante|ac|accou|s
367|recre|du|gre|ev|join|unex|unwor|exc
368|pow|de|dei|com|cu|pe|chudt|unsi
369|unpur|scab|pil|tru|den|parol|ni|unic
370|ball|scot|yield|ni|de|roo|ren|do
371|neg|than|pear|g|fil|burg|lo|shar
372|proo|trage|lim|lur|aqua|s|app|s
373|merc|cu|sin|sha|w|bru|sta|rede
374|devi|mop|cau|d|impo|fa|fau|unke
375|chudb|goers|reap|bea|l|he|c|mell
376|drun|exp|re|nicet|b|ma|a|rec
377|bish|au|prod|cl|he|lea|c|evans
378|spe|do|play|speci|quoni|canc|int|sign
379|chide|be|gon|d|sl|pre|thr|mut
380|wr|h|l|sh|wi|dish|whea|rub
381|se|en|i|im|jo|ra|t|el
382|pen|sup|tige|cu|disd|inc|re|ad
383|shi|te|pl|af|str|beh|so|revo
384|pr|ec|rind|c|reve|te|elbow|maint
385|sig|pea|cankc|dece|repul|r|twe|c
386|beau|wardb|fi|mo|al|adv|du|sc
387|cea|embo|c|cr|pur|wh|gu|arou
388|th|pupp|val|dis|sh|depo|see|des
389|rel|like|bai|marl|se|pa|bak|welki
390|ab|sunsr|bo|mi|confi|sooth|hai|foa
391|jest|foun|o|vou|ra|h|disc|ph
392|frig|unsw|p|stre|gl|dis|el|ba
393|bea|capa|adver|co|nere|miss|forat|su
394|do|cucko|chall|pr|diffe|educ|de|spurr
395|expe|no|vaca|d|ga|s|reve|eva
396|beli|w|s|ex|fi|div|sh|ou
397|di|im|conce|d|provo|mur|rec|un
398|pro|new|cho|pe|bli|ballo|unfe|forc
399|ble|ir|eve|revo|la|sili|lamb|dev
400|net|prai|b|s|degen|admo|con|a
401|or|jeth|de|loo|vi|good|envi|pr
402|rev|mi|avo|pia|stu|p|sta|mans
403|gorg|co|than|smoth|p|red|tram|resu
404|pri|b|glist|opp|lose|hi|pr|deno
405|grisl|p|hap|wa|pur|cyg|scurr|inh
406|va|co|shrou|fron|plots|gna|passi|co
407|refre|act|ma|sc|indi|und|a|sub
408|erran|vi|d|ma|mu|to|maj|tuc
409|stif|app|dow|popp|blis|ou|pto|move
410|pad|app|whit|o|s|se|disca|eveni
411|agues|pedl|occas|th|phan|e|coh|trag
412|sai|owed|gage|for|kee|u|lig|forsp
413|unfi|chast|tough|tri|vi|re|unto|doz
414|gros|smar|howb|cor|loc|him|imper|beeny
415|recan|churc|bit|bes|li|stud|trot|fo
416|good|orkco|mode|mot|co|unbr|vapo|glo
417|scr|jum|p|tric|reve|mort|lam|de
418|pocky|imp|cre|pathw|conve|wou|cou|fu
419|wa|prank|panda|charn|regul|indu|mai|por
420|fana|we|u|jail|deli|in|ge|humh
421|nun|tra|tr|he|viza|dove|geffr|veng
422|neede|ty|end|ho|q|wear|via|lean
423|spit|fles|circl|ti|se|b|t|na
424|emb|fer|m|ass|royni|ro|cas|bobt
425|ulce|tar|r|st|qua|offic|sat|fri
426|ung|lift|fran|right|conce|sev|lawf|evas
427|fews|ran|c|whe|sp|edgev|betra|unho
428|rushd|em|rid|an|em|thi|eats|mo
429|part|prol|ob|smo|f|unpr|wr|cos
430|ind|t|fe|epil|arith|hoa|erri|rese
431|alls|di|im|ache|s|es|fain|leave
432|genit|me|ance|des|d|pa|pe|di
433|tres|dila|mono|or|th|ac|ride|der
434|phi|capon|pipi|go|inf|br|co|hove
435|upwa|aff|mist|proph|vesp|aven|ba|mag
436|court|woosr|tal|ha|res|p|hu|bear
437|v|mus|rep|drain|stir|m|ri|se
438|abu|sc|untr|gyv|dr|we|s|cause
439|pigmy|d|l|est|gad|in|dep|pin
440|cand|bl|prie|torm|sme|fop|clepe|re
441|ber|b|tough|wer|han|tat|f|coa
442|pos|t|dis|sm|re|ef|reco|poor
443|surf|u|lowne|ap|sus|im|var|hang
444|inc|u|seed|d|lend|br|prime|cudge
445|enw|dea|fla|a|mess|ea|ho|e
446|sm|bu|pro|labo|mat|ob|gin|powe
447|ag|guidi|b|cotsw|cheer|lech|c|cneiu
448|la|rib|unha|sla|o|read|lam|nor
449|teem|una|cou|add|tr|u|inte|hop
450|sens|co|lam|dili|purrc|in|c|neu
451|impl|place|appa|ever|woo|ro|co|fillr
452|pet|supsl|c|ha|conv|illop|e|poun
453|theo|ram|gr|ance|o|ine|ch|runn
454|hon|rep|simpl|expir|woful|tre|ratt|copp
455|is|dr|ca|u|aban|wa|char|l
456|bru|thin|gl|sig|che|li|spur|pri
457|hav|pr|t|devis|openi|co|cre|part
458|zoun|p|storm|feet|de|ple|stone|b
459|until|c|j|cura|hurts|fourt|bul|se
460|gua|pla|mar|consu|wh|con|ab|neat
461|nay|cop|e|ric|c|bl|ran|gu
462|ke|por|sh|si|mau|goo|o|s
463|shou|musta|vacan|servi|rem|tas|whe|hu
464|fals|sur|enc|ser|bas|un|hie|ugli
465|paw|targ|v|da|trust|na|nip|musta
466|pau|suf|pensi|vie|un|t|a|cass
467|dist|foot|for|obs|lodgi|prac|le|de
468|prof|fri|sues|unl|s|bla|fir|rec
469|beg|cha|pert|hu|u|t|con|ra
470|kn|pre|cr|en|bast|poiso|star|weare
471|am|supp|un|di|in|a|obst|buy
472|sho|li|mona|se|co|her|e|lo
473|moed|t|misc|mi|luna|c|reas|wooe
474|bus|atte|co|mer|frank|mild|sw|ma
475|im|could|aur|ind|comp|s|hungr|band
476|qu|ra|a|stan|vagro|lag|sat|obl
477|pol|tea|s|lon|sa|awar|maggo|ho
478|we|e|blubb|shipb|taug|wiped|cau|pa
479|bonn|uncur|d|ma|jourd|phant|plod|fini
480|affe|newe|powe|servi|specu|ma|hayb|peltf
481|musi|u|laps|re|beq|wigh|cas|mang
482|goo|unlet|mi|dis|elo|haugh|e|var
483|less|e|si|th|v|m|s|co
484|ceas|taste|lurks|batt|di|roww|whose|care
485|gov|no|frigh|beck|comp|sauc|seeun|invad
486|bucku|ch|par|pe|pilef|dus|targe|e
487|vaga|be|ma|ptol|bold|appro|vala|med
488|he|vai|sw|tipsw|p|dec|snea|unma
489|ome|sta|rece|feat|somet|unbat|gor|h
490|destr|uns|u|pur|sudd|s|canon|wa
491|whol|e|re|woof|efte|q|con|r
492|har|stag|divi|he|unct|chris|his|rumi
493|limit|str|co|cle|toler|p|fan|sco
494|care|for|con|highe|un|sinkh|a|se
495|retur|expe|fing|a|a|octa|cons|marin
496|blab|accu|learn|conf|cro|pe|whit|pract
497|swa|usu|unn|go|di|disp|vaisf|c
498|pio|quill|shoul|pr|abili|dr|la|se
499|joyt|hea|sta|instr|fee|p|bl|ho
500|lam|dote|imp|alo|tw|vigit|la|p
