1|exc|rome|p|pueri|har|clim|enti|pand|sc|fl|conce|ou
2|t|av|fol|fla|com|spa|ironr|sc|where|mira|enf|ely
3|out|bold|im|de|disp|chr|note|chou|gao|hur|pri|plum
4|tr|s|often|ta|foo|unw|lus|pri|be|tu|br|vo
5|con|groo|ru|pre|eye|che|joy|s|won|c|sto|vouc
6|b|hal|indif|light|testy|st|un|sit|pi|s|con|cu
7|cordl|mo|dig|w|he|altar|su|las|ro|unbr|re|fu
8|go|edd|hum|vig|hies|cl|he|br|shed|allo|cl|anot
9|vi|a|not|susp|poli|in|re|vo|bl|obs|s|b
10|dad|c|nex|de|mice|expo|fo|test|in|una|move|accu
11|fla|g|week|ke|per|spaw|ho|u|rib|con|what|stri
12|accou|i|gips|sci|pulpi|ma|manag|ran|h|p|gov|n
13|def|c|pl|butc|je|gri|ri|a|sp|pr|purg|hea
14|chanc|collu|w|c|p|yoke|dau|ferre|power|live|tabo|f
15|love|sca|st|calai|sc|s|naked|w|ut|hal|ba|stayt
16|fr|nar|fo|e|loa|ma|gl|mell|te|lend|logg|os
17|co|fearf|pol|cur|half|conf|fi|lip|coug|mil|vol|ours
18|harm|dau|prog|com|b|for|affe|sta|va|ho|d|ca
19|bakp|impa|w|kingm|di|pilo|com|du|spee|unt|drow|hoo
20|descr|gorg|favo|int|col|br|f|de|rip|shoul|cont|n
21|geli|perus|qua|co|poin|tirg|dalli|nonag|unque|boug|henc|un
22|jep|barkt|inf|plum|uncon|needl|un|fai|clien|sle|tra|loudc
23|rec|obey|blaz|ai|dr|ho|mis|fac|twig|jes|tr|oli
24|who|meetr|mar|bas|dr|super|de|top|realm|int|jumpq|vents
25|flaw|who|be|ligh|drug|h|deter|co|jacob|mer|w|mar
26|salu|pen|con|v|ri|spra|ra|o|g|comp|pure|rem
27|ga|cha|le|chan|hu|man|ki|high|hel|halb|latt|pres
28|holi|reb|clos|hat|favo|ey|che|pomm|de|mour|nub|s
29|pi|blot|ac|ma|d|be|read|aspic|pe|serv|in|rat
30|stam|cu|hemp|naywa|gr|ma|try|in|mer|rel|una|d
31|lo|flus|fanc|viole|bl|bon|stand|main|infi|casem|ne|stri
32|fee|be|dar|scot|hu|assay|crus|shado|overs|grow|godso|prop
33|n|heref|toaz|inv|shrou|sup|wr|env|comp|sour|sieve|cru
34|be|und|r|be|al|ar|ind|ac|ya|atte|di|r
35|wea|cond|be|adva|ad|fa|co|we|goodl|pro|in|dr
36|trea|loss|ge|co|liv|fit|co|oph|oun|lea|min|so
37|oppos|drabb|visi|flo|unc|talke|ar|p|vio|da|entr|fume
38|hatha|diss|sting|slip|pathd|caper|deig|una|lux|c|ri|dish
39|unl|swo|ab|flo|f|te|alta|tr|in|lo|di|dwar
40|tally|troya|es|sup|ense|dis|beste|disa|prove|e|fool|sonn
41|tum|expr|rebe|heml|ma|sa|item|lendd|winn|slip|su|frig
42|pu|ni|bewee|bea|mult|p|i|tartr|plain|six|verba|usur
43|me|sp|bo|de|dru|up|horn|bar|dig|t|liege|oppo
44|ful|l|tal|looke|dir|ci|ho|cabl|sum|ex|sh|hou
45|braz|in|dar|chain|be|f|turl|lass|thy|r|cou|afr
46|her|se|becom|va|alli|su|bla|quip|skye|cro|untun|u
47|nerv|ri|phoeb|teet|cr|mov|pass|hard|woem|crow|tem|coo
48|k|unsig|co|v|sli|e|be|trick|vigo|impr|unta|bevyp
49|f|whip|expen|hook|madne|scen|motl|stat|rebuk|loat|procl|cu
50|wit|bra|ca|rede|fa|fuel|he|espi|o|gory|pli|pr
51|tip|on|da|sep|ro|b|unbel|fann|bull|l|rai|clo
52|te|imp|offer|c|thr|cen|de|em|uns|r|depa|flo
53|sum|outra|f|showe|stun|banis|merc|la|rebu|refl|testi|pa
54|misa|jo|g|bea|abom|in|plu|yell|perso|ent|d|simon
55|fo|overc|supe|co|cash|me|par|answ|tull|te|m|bes
56|h|ta|fo|s|man|respi|br|distr|trot|spo|rude|ap
57|envy|a|reas|suff|ru|p|con|perg|toss|ven|amb|trea
58|grat|hal|keen|n|com|p|pr|auda|regr|di|spe|s
59|mer|tem|scour|d|h|col|rev|cra|lolli|loanc|map|mys
60|fu|sn|found|best|de|ge|zene|sub|ropes|i|ter|rej
61|sh|sp|h|c|gar|aff|sw|po|awa|mus|im|mi
62|re|e|a|ad|dr|s|n|bo|ex|app|propo|unche
63|shif|wh|dast|marty|ch|enc|inve|h|c|rutt|bl|utter
64|fear|ret|gl|acc|rev|hun|acco|sam|des|cauc|betr|nu
65|lard|bl|cures|r|groat|l|pi|int|fa|arg|hand|st
66|bedr|h|eva|disp|en|spou|fard|tr|wells|g|tr|lab
67|fumb|merl|aco|fear|si|sof|gil|as|unwr|t|laurt|pecu
68|sits|sta|cou|unabl|obs|ple|bedfe|pre|time|i|eleph|m
69|e|fa|pal|weakn|ce|spar|seaso|boun|ove|gentl|eve|ides
70|fos|contr|vol|add|re|un|h|cor|tr|wild|fi|noni
71|limed|mi|c|sil|lame|ush|eve|rogu|i|minc|begui|despo
72|pewu|human|ha|foa|u|atte|yiel|di|su|ber|pres|co
73|steel|pr|fame|n|ho|musi|live|disn|kind|hou|grie|panda
74|boltf|grey|ap|proc|vic|amen|sq|shea|smac|free|li|gen
75|sa|cr|pa|reh|aims|sl|mann|unti|les|b|a|ap
76|savo|un|enthr|handl|rare|bedd|r|prom|round|ch|in|cha
77|mi|sup|cani|hel|smoo|da|awem|marg|earth|eiec|con|al
78|darl|comf|be|spe|vent|co|scr|a|bles|mew|me|cora
79|despi|cro|cu|trip|t|bound|un|ra|read|und|cro|mood
80|supe|gig|suff|fello|junoa|impio|heri|iro|ye|in|blowe|tett
81|gage|st|mea|stag|priv|pr|a|sibyl|gra|graz|resp|il
82|to|ve|un|read|combi|hoist|ber|p|dawn|specu|en|sh
83|tui|fal|di|maso|b|idol|u|acord|de|cr|ch|q
84|in|bo|ay|p|unpru|lia|r|mon|th|si|chit|spur
85|ha|raza|tria|dis|vowe|f|he|sha|o|dem|ital|frai
86|rap|quond|in|f|coop|anyt|chew|esp|gilb|main|hil|no
87|ke|dece|mar|va|tr|counc|sand|at|di|bu|dash|har
88|gen|fett|bea|una|dizz|re|bete|tur|arnp|tu|rav|foot
89|doit|lan|me|unpi|exc|kn|c|f|tea|cou|neckl|c
90|ple|col|fr|pr|sev|be|phe|impa|num|po|wa|soun
91|shall|a|da|cho|howe|we|ca|tap|bisho|ma|alcid|wh
92|ric|harm|watch|pr|cla|amp|su|ben|plo|de|ab|ac
93|sn|po|all|har|disco|uncr|bel|c|fl|nort|qu|acq
94|ra|disgu|unt|lat|unge|as|di|zo|u|swi|as|when
95|sc|rol|iss|orph|opp|unco|cou|def|unf|sid|sta|e
96|ref|skit|gu|wee|go|march|stea|aff|appet|str|th|eno
97|tri|presc|us|surna|bath|coff|cu|anti|bal|wron|oa|unm
98|boo|ite|puri|s|d|weigh|seve|dou|zo|cons|riot|d
99|rampi|cit|peop|teet|no|achi|whist|cuck|t|gr|p|tally
100|visi|vi|r|sire|forge|dye|fl|t|step|unpeo|c|dest
