1|po|impo|contr|nec|pa
2|opp|funer|app|gor|pre
3|mo|barba|a|fra|puggi
4|pl|v|inst|pa|co
5|feat|displ|cov|pi|toil
6|to|gran|stabl|tri|purr
7|co|lee|i|steel|bla
8|adva|enra|leche|rel|va
9|sw|p|cyp|ble|rive
10|be|qui|swo|lions|cal
11|reve|ev|yie|h|wit
12|we|dis|se|rev|ark
13|fac|hoa|patc|spilt|cas
14|rud|sap|n|i|att
15|com|mar|pr|mutua|dard
16|di|tack|kna|cram|t
17|spa|dig|mu|awe|he
18|jou|unpr|fant|b|li
19|coi|whe|lusc|hen|gal
20|spre|damn|a|bur|pr
21|diam|jaws|black|undu|dis
22|no|phr|sup|undu|reso
23|unma|di|angel|pur|catap
24|thank|ad|ordin|unde|w
25|mi|pr|pro|sh|scro
26|displ|mas|bo|tr|qu
27|r|ri|bitsc|sl|t
28|ami|offe|div|gros|af
29|prolo|ba|fick|an|unac
30|pre|omn|s|r|comb
31|kin|sh|beg|arg|ca
32|disa|fri|joy|in|di
33|in|ro|s|ke|gli
34|se|rou|g|sc|s
35|em|uni|s|pri|de
36|un|gul|mec|th|pluri
37|tr|drop|sa|light|vaun
38|pe|d|slig|late|la
39|comp|enra|prob|repr|pre
40|ha|che|co|gri|viol
41|c|p|vid|min|venue
42|boun|sl|touc|we|rob
43|impo|coney|maso|furt|hors
44|qual|mil|cu|re|eph
45|gro|pat|pl|acc|gi
46|frui|abho|deca|si|count
47|cric|smock|dang|recan|fo
48|s|des|ref|sa|dart
49|use|moun|r|gage|bubbl
50|liep|strik|b|nec|foun
51|cl|coz|b|barb|b
52|chri|fla|unsl|fans|mona
53|emp|va|co|light|rash
54|bri|sp|dis|limed|dai
55|gaged|dou|egre|spilt|gobbe
56|i|unwa|mus|ric|gu
57|et|o|mored|neut|exp
58|def|crav|p|prope|tu
59|cit|bein|tu|tap|outl
60|ci|clea|slac|h|ratsb
61|ho|hunt|dis|ep|di
62|de|juler|u|h|nell
63|pa|v|je|fo|ga
64|dr|d|de|res|p
65|loos|ro|st|limed|reli
66|colou|lot|mi|few|cont
67|dar|haun|usa|emb|exp
68|dulyv|ent|con|viza|pl
69|bedc|darke|disea|genit|ga
70|fol|si|dest|unpr|gri
71|tra|exhi|so|will|law
72|griml|op|ze|th|h
73|b|port|r|ch|me
74|pi|wo|sea|inv|t
75|dis|peas|ri|sco|with
76|dild|m|hapl|jo|michi
77|re|sus|mu|fi|infi
78|unact|not|loo|pocky|lour
79|mak|dism|arde|gri|chi
80|pepi|sho|im|darl|su
81|shri|ta|re|ung|dr
82|tru|mas|not|barb|insu
83|v|gala|s|serv|dis
84|misc|un|phant|we|sp
85|offi|boxe|deb|sa|mau
86|pause|h|pr|chie|ho
87|bene|now|adjoi|visi|photi
88|atte|bath|prate|diffe|obsc
89|fa|cou|eter|gage|pho
90|reti|co|advis|p|boa
91|tran|disco|whe|darl|pri
92|ad|undu|arc|rampi|b
93|ma|g|corr|gen|serv
94|play|peni|inkd|res|i
95|cla|che|o|conce|bac
96|stare|pr|qu|st|co
97|a|sing|y|ba|fo
98|goe|sist|upho|gen|r
99|jar|gnat|orna|ung|adv
100|mou|ful|ho|ent|car
101|e|co|anyfo|gor|ha
102|duell|winn|nob|di|r
103|th|quak|turt|ab|re
104|ap|di|ul|sai|st
105|pand|dun|triu|indi|i
106|dap|slu|mu|prope|jad
107|lips|lab|bro|l|coac
108|diff|a|an|rev|bless
109|snail|tri|tem|rel|bac
110|rota|c|me|neut|ser
111|rog|writ|aff|fi|pe
112|unadv|ker|soph|spilt|vi
113|denot|rem|plant|unpr|savag
114|ti|hu|ci|arg|he
115|l|fa|bacch|supe|remo
116|dif|s|att|w|dra
117|long|var|con|fut|re
118|cuck|jo|st|reve|gallo
119|acc|snea|waitr|hyd|fo
120|der|op|c|unca|minc
121|shrug|adv|dis|fire|cas
122|nicet|cree|ma|limed|scho
123|pantl|list|gu|sh|s
124|conc|sc|conco|r|r
125|gr|wa|c|genit|fil
126|gildc|bo|bit|lear|clo
127|blow|sub|unlik|fire|fie
128|hoar|bri|deci|m|pione
129|stoc|idol|lu|urget|fore
130|str|dec|inte|rey|flig
131|vio|ni|inter|sn|ti
132|morg|sm|tybu|supe|cas
133|tam|pre|sedi|savo|wi
134|oppo|to|pa|bull|swa
135|emb|sm|gall|neut|foll
136|as|haw|de|ita|darin
137|sc|under|calc|shall|blaz
138|firs|la|s|jerk|scow
139|reb|fac|bl|urget|pr
140|wins|wa|crac|bur|dev
141|d|pa|mazza|w|stag
142|bredc|e|nage|nec|defe
143|expe|ti|to|tui|penu
144|eg|ent|car|si|catc
145|bar|dom|sal|pi|com
146|vid|ma|expo|recan|func
147|unkn|r|pantp|acc|p
148|chamb|a|bows|rap|affli
149|torm|en|other|maj|pe
150|duc|u|wh|fra|c
151|infor|pa|telli|ble|y
152|assi|f|beh|darl|cate
153|aus|brut|loos|nec|mar
154|pr|an|cho|stif|ni
155|impos|memb|th|tri|woo
156|imp|revol|tr|lut|rec
157|wreat|worth|man|rap|make
158|alo|r|wa|q|bab
159|par|u|bend|sits|espec
160|reeli|us|in|ke|im
161|cab|d|ca|fra|i
162|m|fan|fet|th|ste
163|disso|wa|jew|sect|p
164|dra|r|apri|gri|a
165|veng|votar|pompo|su|i
166|hel|s|re|bur|att
167|accu|per|f|sl|cham
168|f|c|hov|upli|br
169|sa|h|b|sh|lec
170|fam|gr|ingot|viza|b
171|fi|un|w|rap|ri
172|tri|pl|tool|barb|forg
173|te|mo|u|q|ree
174|va|fool|polac|ch|clim
175|fl|pro|uph|comp|gre
176|sou|sobe|muten|exh|sc
177|daw|com|ru|reve|de
178|chiva|enki|ship|dr|send
179|con|unre|herm|re|spli
180|suf|fare|lev|devi|mi
181|grea|helli|gro|undu|a
182|g|stra|sus|neg|d
183|thi|cast|unde|shall|nas
184|honor|empt|spid|ga|bigc
185|obj|cynth|chin|furt|speed
186|stir|va|bar|genit|perso
187|su|prep|couns|conce|greek
188|t|so|stop|spilt|denie
189|givee|fad|si|undu|prow
190|shr|fres|scu|v|e
191|bla|pr|p|e|gal
192|ter|i|roo|l|pro
193|weak|fate|ba|res|pro
194|ro|give|turn|wit|on
195|sp|occ|geld|pri|en
196|ex|tap|r|viza|conco
197|ess|syru|m|viza|p
198|desir|geld|an|will|as
199|swi|spa|no|ung|nurs
200|unpe|pro|depu|brav|oppo
