1|roo|guerd|th|aidin
2|wre|th|exce|u
3|e|til|ne|fo
4|mar|capul|poul|than
5|en|refr|vic|londo
6|si|alba|arre|c
7|prop|obloq|wears|di
8|you|banse|blea|swi
9|hove|toads|shade|indi
10|str|fis|fo|gol
11|whirl|cap|pau|infl
12|lam|procu|contr|el
13|scatt|great|taint|chamb
14|u|deman|tyra|un
15|lov|fisn|foreh|ple
16|gnaw|song|dun|thr
17|caro|pun|mu|unsh
18|a|poten|egg|hum
19|b|monsi|show|unsi
20|ap|tory|gover|merc
21|diso|afrai|com|ro
22|re|to|ree|dis
23|wins|vio|share|pre
24|ca|s|ind|cour
25|wi|poiso|brui|tr
26|pan|dete|hen|f
27|vic|unga|hal|pay
28|ch|made|er|vapo
29|reli|aimes|swols|ro
30|plan|scotc|sta|def
31|amo|balk|unt|h
32|nor|ost|engl|mast
33|de|bed|ass|inf
34|co|catl|spl|quee
35|consu|deb|fis|ob
36|t|pal|sp|unres
37|soo|.go|resi|rupt
38|an|off|gaz|i
39|pow|lend|preor|his
40|mi|l|cho|hyme
41|m|encom|begin|v
42|pluck|rid|bab|t
43|remis|priz|actin|gree
44|un|utt|ar|h
45|avo|ba|atone|dasta
46|tipss|aff|unlov|mo
47|far|gend|des|cop
48|fr|ho|boysv|expr
49|mom|ti|coli|she
50|blin|f|value|ass
51|em|tim|dr|flash
52|doubt|cruel|gro|mire
53|ta|hoop|guil|escal
54|h|fro|pulp|scho
55|pa|sau|perce|s
56|disch|fro|poten|sk
57|hono|dun|op|im
58|swa|deat|gover|r
59|let|outr|punch|ador
60|comb|agon|tr|hor
61|qui|pine|c|d
62|rewo|sheph|crea|tunes
63|trad|bol|poiso|cana
64|span|fumi|tend|corbo
65|res|tedi|tu|un
66|ele|ele|stee|cup
67|sho|troj|com|per
68|sl|arm|edmu|journ
69|wh|alba|ta|parth
70|pro|affli|suc|re
71|s|c|tomor|qu
72|po|found|dep|f
73|d|vul|tof|fuls
74|fe|oozes|obloq|d
75|whe|wor|foot|far
76|at|ti|nayol|vol
77|ce|ath|gri|e
78|do|val|vanis|lispg
79|trage|shep|si|da
80|excee|glori|rema|fros
81|c|coze|pren|p
82|fam|isl|map|py
83|fie|unt|bell|c
84|fir|tickl|chase|le
85|moun|innoc|cool|mut
86|burg|nea|gover|gl
87|ench|pamph|b|ch
88|ycle|ro|leads|whats
89|want|prepo|chao|beth
90|im|hac|suns|dama
91|viz|kno|mett|glo
92|beco|tor|sall|spea
93|w|defe|glori|bo
94|que|ski|chi|mor
95|imme|dive|wield|me
96|reek|sea|ins|acq
97|succ|deat|mover|a
98|met|loo|gend|pa
99|page|gaz|qua|give
100|fa|bell|ful|brawl
101|lu|farbo|suns|julio
102|rev|bru|affli|inte
103|pr|si|parli|b
104|repu|tip|w|make
105|ba|decea|stayi|pe
106|mac|priv|stra|po
107|mis|exh|cont|atto
108|cat|mot|in|wo
109|mista|fondn|wh|p
110|fig|balk|injur|dogr
111|atw|acci|fisn|wai
112|ravis|wit|afrai|pa
113|casu|sea|br|hy
114|sco|doug|enc|defe
115|we|hac|crus|evil
116|team|mit|stea|cap
117|sc|unga|ti|c
118|ski|deal|bar|wa
119|beau|hen|sto|willo
120|shar|mod|cock|intem
121|con|parks|arm|boar
122|or|pac|doug|diz
123|tain|unwi|wor|top
124|rec|pr|vi|f
125|last|crea|poli|leand
126|tai|oc|sunsf|squa
127|shri|gran|value|fli
128|inst|banse|tedi|gr
129|app|enti|sl|sm
130|sep|sna|eld|fo
131|won|punch|liber|as
132|conf|as|bosko|cl
133|fo|b|catl|des
134|sed|issu|si|exec
135|agesn|suc|injur|fa
136|forki|defil|eld|souse
137|da|signs|impar|fi
138|luxur|vulg|sna|sm
139|woma|clai|swols|em
140|tarq|a|vu|pai
141|sma|spou|made|di
142|abe|minno|amend|unbod
143|intr|mett|vanta|ba
144|forc|leve|pa|twi
145|revel|fashi|whist|fea
146|cons|wai|rip|west
147|r|met|fadom|ch
148|unbas|flag|una|co
149|pli|roug|patte|but
150|sh|obse|lead|yonds
151|feign|con|th|intr
152|eg|padd|sa|who
153|del|linco|torm|p
154|slau|petk|unta|adv
155|tw|all|epil|rott
156|li|indit|cr|sug
157|falst|made|was|ove
158|p|id|exp|reck
159|lau|treas|cock|arr
160|roc|wer|refo|ch
161|sper|pert|li|fai
162|banis|brew|ab|curs
163|dorse|ad|prev|trivi
164|jeal|af|knee|sy
165|qua|harry|edmu|un
166|y|outr|herm|clois
167|go|arden|en|fort
168|as|wher|ut|fl
169|suppl|dorc|iwisw|f
170|hu|misch|til|vicio
171|ghos|h|j|ion
172|fram|refr|gra|cer
173|round|stayi|sill|wic
174|fl|spou|poul|onwar
175|dev|ath|patch|in
176|thre|procu|vizo|hor
177|sepa|merma|bra|si
178|ru|wi|dete|ragec
179|bond|chase|sheph|dates
180|st|ref|lig|feign
181|sa|poiso|ret|me
182|tor|unwi|dr|ex
183|cucko|dupp|civi|chu
184|myst|hear|sup|occi
185|notw|gr|lea|bee
186|cla|garr|led|b
187|hau|spe|ach|c
188|pe|rev|sto|sw
189|gloz|j|heart|prom
190|stra|al|polc|sh
191|can|fewse|proph|ox
192|pl|sph|tou|cl
193|boon|boas|ski|ford
194|meta|circ|robi|pet
195|fanw|hac|heres|lang
196|ped|wh|slink|handk
197|to|snuff|telli|r
198|vi|vanis|polc|emine
199|cont|rid|itsco|leath
200|pla|foreh|minem|he
201|sor|ass|proph|pro
202|yea|meeti|clai|ci
203|adam|speec|ci|e
204|expo|rog|eye|spl
205|rela|expen|roast|dis
206|comf|trun|ta|wa
207|wit|gil|whe|se
208|hors|jeal|patte|out
209|shari|pom|da|cu
210|ama|isis|ga|ruf
211|plant|dai|unt|fo
212|limpa|uni|tai|contu
213|pri|decea|ea|com
214|lo|strai|pelo|b
215|ha|cutt|eldes|lega
216|o|tumul|jeal|red
217|deba|dum|pamph|blush
218|deed|garr|gil|stee
219|ci|hasti|cyni|joi
220|bo|top|wate|om
221|bl|ach|low|bell
222|congr|in|tric|russi
223|wan|newl|offe|vo
224|bra|nic|cool|ea
225|pil|appe|pine|fo
226|bold|unp|circl|bo
227|rare|hiss|esca|i
228|dispo|imp|embo|tr
229|cr|sc|advis|gr
230|sp|beate|smi|che
231|des|can|sof|pist
232|lacki|stayi|pub|fo
233|fort|seve|admi|rumb
234|bir|igno|shiv|shiv
235|be|se|parks|cowa
236|pue|resi|wate|de
237|def|unbu|augu|onw
238|phot|defi|wilf|harp
239|sto|laug|both|pen
240|unf|fate|rebe|pl
241|smo|pau|pib|qu
242|uns|rema|convi|de
243|yar|bo|was|pert
244|wa|both|newu|aba
245|tr|procu|sig|p
246|rin|kno|eld|reed
247|vagab|ski|un|par
248|fu|balt|d|ga
249|conc|sout|riv|ly
250|under|rin|ver|edu
251|shoe|purr|pamph|ta
252|unm|orde|mit|ar
253|janu|spl|hat|re
254|mint|strid|disc|s
255|phil|poten|gover|wh
256|carp|unt|char|gules
257|ex|dan|lio|ci
258|g|juro|dum|horu
259|quit|bedfe|chi|frogc
260|hur|alba|rejoi|var
261|cud|stea|stra|fool
262|stri|han|enfr|reinf
263|flap|enti|prev|l
264|in|ded|til|slav
265|jan|patte|wo|abi
266|mort|bab|qua|de
267|good|cl|gu|stat
268|roes|gli|tric|lea
269|com|feed|buffe|r
270|wag|mans|speec|repu
271|tit|donn|a|here
272|empoi|du|se|b
273|wind|brui|linco|curs
274|tow|strug|por|unw
275|chang|desa|robi|ho
276|cle|rock|seve|con
277|brok|medic|cong|ins
278|los|pib|song|pre
279|sham|minem|fondn|corre
280|ent|d|medic|corru
281|f|bem|viol|su
282|spa|pine|padd|th
283|reco|impe|quee|prom
284|he|lig|adv|comf
285|quot|shril|porti|q
286|idio|unpe|faulc|amaz
287|acc|lend|stra|doub
288|eyas|publ|pamph|pri
289|yours|donn|pl|cho
290|requ|uni|cock|unw
291|hat|led|ful|conf
292|dross|pro|haec|gra
293|ailb|quail|hac|corre
294|n|sic|en|m
295|repo|unlov|rev|qua
296|bri|fisn|macu|fohin
297|luna|oxfo|unt|lov
298|cor|unba|at|whets
299|wrapt|hire|fi|boist
300|snar|due|dim|igno
301|orat|susp|prove|amids
302|grap|was|care|hoo
303|corru|bem|value|esc
304|gor|nam|rush|be
305|dr|j|iwisw|wo
306|bla|unr|haec|darks
307|medic|apos|maj|basta
308|endl|lea|unf|t
309|know|pert|cam|bar
310|ne|ti|fello|v
311|gr|knee|leve|po
312|flag|mat|hasti|in
313|kn|farh|fur|ho
314|edict|cas|ladde|wa
315|la|pist|af|jo
316|being|beg|zodi|ca
317|bu|paus|doug|hi
318|caiti|suns|wea|cemen
319|lispi|ada|ling|sta
320|spe|ke|burst|pr
321|awa|bli|bold|unki
322|beg|unco|dis|righ
323|nu|tra|doug|slau
324|ju|sworm|fair|abh
325|lated|obst|v|h
326|liv|ea|tel|pl
327|di|acu|fe|bea
328|obi|pal|ash|un
329|amaz|dis|meagr|co
330|repr|act|affl|de
331|owner|qua|meri|survi
332|seap|foot|cov|sab
333|assse|whit|sev|marsh
334|i|rip|gran|h
335|ph|didaf|care|a
336|engl|ti|fair|poti
337|gutt|ste|ocu|col
338|ethi|tor|am|buck
339|her|fondn|fist|si
340|fro|fou|foll|mo
341|grat|f|lea|pro
342|isis|ex|glo|n
343|mind|ling|hen|gatem
344|skin|ala|oxfo|ae
345|fiv|maj|can|dis
346|pu|jeal|not|ga
347|imit|stin|mo|re
348|lead|sco|flo|ditch
349|visa|me|haec|coo
350|mour|sigh|sop|alb
351|peac|pres|tras|scot
352|gal|rebe|qua|wea
353|crea|conc|fil|bun
354|pio|rea|affli|non
355|brit|tw|cyni|woo
356|reg|haza|pine|bir
357|exc|sta|moss|re
358|insa|haz|aimes|a
359|rash|poiso|tyra|sc
360|q|brew|fla|fru
361|pite|pamph|anc|doct
362|batte|circ|gaz|no
363|rav|unh|famis|em
364|dec|park|hoop|not
365|garr|ut|coli|fi
366|drac|fr|hecat|hand
367|wreat|bayi|pac|dau
368|briar|una|ensc|wedd
369|av|gardo|gli|unh
370|cl|juda|bate|dia
371|arini|monsi|enqu|bi
372|brui|pa|ro|jour
373|mai|pres|lio|grati
374|torme|i|mi|pract
375|coli|hinc|spl|mi
376|cur|re|cla|sharq
377|isl|bloo|hoop|atone
378|rearw|begin|stuf|mo
379|k|mans|loave|ribal
380|tyin|l|in|san
381|expe|sigh|al|scho
382|mil|oozes|engl|a
383|infi|trun|fuls|pr
384|jaque|to|beate|scan
385|rape|af|smi|n
386|stud|douts|torm|any
387|clo|enqu|home|b
388|ac|bl|tip|po
389|stup|sph|dif|gi
390|men|ost|impe|ro
391|fre|wafts|escap|cours
392|ensn|dan|pisho|g
393|pre|cock|char|spi
394|argu|musi|coze|fu
395|unfr|strug|grap|bares
396|willi|anc|k|ov
397|ga|fuls|top|un
398|tab|maj|unvi|trues
399|fan|will|convi|lust
400|nurs|embo|jud|de
401|pett|contr|pem|dim
402|cu|scio|no|dra
403|poli|banse|wav|wi
404|wea|la|enti|dr
405|ram|bedfe|gr|w
406|luc|tong|fist|tr
407|spide|pea|af|isa
408|sin|wate|juda|ruth
409|bi|tim|fop|ow
410|min|fello|purp|cap
411|pove|fate|sau|d
412|unco|th|marbl|temp
413|rams|ala|qu|stran
414|achem|p|beh|pishs
415|nar|unco|prev|cust
416|qu|hasti|pres|pa
417|brev|un|oxfo|s
418|unde|corre|marbl|pe
419|for|unlov|nea|boa
420|inve|juda|facil|s
421|cause|roast|edms|rumi
422|wors|cau|tri|reco
423|blam|app|wran|glad
424|brea|sil|ang|mere
425|oyes|priv|escap|sli
426|der|crow|wrap|hus
427|inoc|spe|unta|poi
428|wat|bli|ut|feel
429|cata|fre|guil|spe
430|gets|mans|be|remo
431|mon|blubb|vi|p
432|vio|lou|hire|f
433|se|mans|fuls|zea
434|distr|crus|delp|mis
435|hae|wa|wilf|cullf
436|grame|fe|escap|augu
437|ti|brew|conta|vi
438|while|lark|troj|asc
439|uncle|farbo|nayol|va
440|prof|fami|il|sch
441|basi|sheat|sna|fair
442|cot|weak|disc|s
443|enge|bayi|unp|pom
444|shel|pac|fate|pa
445|eyri|disor|vu|bac
446|ushe|deba|toads|pon
447|bub|fig|murm|knoc
448|dear|buy|adv|b
449|tar|harry|sh|fif
450|unqu|a|gri|edge
451|self|met|missi|wr
452|star|mou|enc|jewe
453|whin|clai|injur|pea
454|lame|ov|jeal|co
455|sta|pre|bold|cle
456|pol|ge|rog|year
457|ma|unhe|pinep|goat
458|our|s|cour|impr
459|gar|str|mans|tu
460|vo|nim|i|gag
461|fai|gran|macu|en
462|off|fig|troj|excel
463|med|poten|scrat|br
464|th|sn|patch|coi
465|frag|fria|pri|risi
466|wher|rats|arre|d
467|needa|.go|be|tr
468|ou|farbo|per|scr
469|har|pulp|gil|jour
470|eager|bab|wo|herb
471|inte|nic|leads|pu
472|west|orde|vanta|c
473|ot|help|troj|u
474|smu|aimes|dist|un
475|par|sy|comp|inst
476|comp|ap|gau|see
477|ty|scotc|loode|fle
478|hi|ling|lawl|bor
479|oi|pert|sl|qua
480|elsew|guil|bogm|ext
481|amids|rejoi|ab|dis
482|l|tamel|bayi|cour
483|abor|hecat|gip|v
484|ab|ra|rep|ex
485|temp|onc|not|cr
486|danc|bedfe|rest|col
487|maj|signs|bra|ha
488|darn|show|lo|inher
489|editi|epil|mid|un
490|jow|yond|exce|s
491|mone|inten|al|con
492|omitt|bli|er|re
493|irre|perce|procu|who
494|heav|admi|bet|flag
495|cour|quee|unhe|f
496|cal|minem|fath|af
497|oppr|garr|catl|prote
498|conve|vil|prof|p
499|sou|loave|hat|stop
500|aun|pamph|week|pill
501|no|rog|purr|tr
502|ful|nic|unr|th
503|ki|gre|musi|uns
504|ulys|week|nic|conv
505|glit|mis|spar|sl
506|pres|wea|the|tail
507|gli|tra|sud|asham
508|exte|pri|unfo|req
509|auri|accu|wat|s
510|va|thir|jud|for
511|erepu|conta|l|sco
512|exac|us|bid|fl
513|unb|gli|pelo|y
514|free|mind|swo|unha
515|fiel|desa|prove|moi
516|ging|wal|exha|corr
517|beas|tempo|douts|ref
518|hand|spoo|frac|sa
519|unc|cov|ap|r
520|dolo|cozen|linco|inter
521|tou|ap|shril|acc
522|gawd|lead|plaus|pr
523|witch|unfo|uses|gar
524|exto|hear|isis|adve
525|elbo|due|bull|fad
526|alman|hen|sle|glim
527|paga|wawl|es|bot
528|prie|mit|haza|f
529|solic|satin|sy|her
530|disob|hal|sight|cast
531|j|resi|unhe|s
532|sque|edmu|vic|tol
533|rans|thir|unga|dr
534|perp|prepo|conte|pr
535|peb|acc|fe|ea
536|butl|refo|wea|ca
537|repor|fate|fal|imp
538|knav|ch|conc|soci
539|unexp|worc|compa|to
540|aspi|pisho|pr|stor
541|sn|augu|res|domin
542|befor|ele|pem|exces
543|kind|fla|flin|deep
544|dow|epil|da|hor
545|publ|puls|lig|glue
546|ray|ne|suc|fo
547|fol|tory|patch|al
548|bar|lig|cam|f
549|dum|def|cyni|l
550|cir|song|dum|whe
551|perfo|boas|met|open
552|prese|wh|ful|tim
553|af|hen|stayi|ra
554|cou|tai|unf|dilat
555|br|alba|m|mo
556|woef|cas|wri|en
557|venet|exha|bea|had
558|hec|care|innp|d
559|ard|due|bedfe|flor
560|aveng|oc|inte|wat
561|stopp|sn|patte|vi
562|stal|q|bate|me
563|sis|frac|haec|des
564|braw|bid|innp|dall
565|fee|glitt|rush|.good
566|thoas|bre|una|ill
567|manni|maj|cl|so
568|egma|skil|nic|log
569|saint|spou|dea|co
570|watch|ge|tired|dead
571|card|nayol|lang|rem
572|beh|wawl|scio|mona
573|emb|ne|will|lifti
574|chori|isis|redo|sw
575|gru|rip|eq|hum
576|oa|wher|innoc|ne
577|unfoo|dei|deri|ha
578|corne|esca|trun|vine
579|mag|fashi|lig|lor
580|spou|f|denun|al
581|adm|mot|unbu|star
582|qual|nak|laug|sho
583|harm|sheph|crus|rul
584|barre|taint|twig|ven
585|feeli|exp|fi|curc
586|inmo|deat|desa|yet
587|sm|hal|petk|par
588|fle|juro|heres|butc
589|abbot|leet|impe|plut
590|mu|unle|delp|unba
591|buoy|rats|loos|huene
592|tenu|shre|wrap|sed
593|even|sub|oth|exp
594|gu|hat|loave|bese
595|circ|resi|spl|ch
596|tem|tric|mans|po
597|ith|vile|frac|per
598|pur|bar|likc|erect
599|helle|wran|cour|under
600|foams|arden|guil|wagg
601|blo|coze|speec|ampli
602|finis|wai|stayi|spe
603|bumli|pa|circ|mule
604|wo|bar|ben|tro
605|empr|eldes|agon|im
606|cap|suc|punch|i
607|gou|rush|cha|con
608|jea|ligh|nam|i
609|beat|bem|clai|ag
610|broad|gip|app|soo
611|imp|tu|unco|s
612|mo|go|wher|also
613|spo|fello|he|rel
614|wret|eigh|heres|br
615|priv|ruda|baw|bac
616|twe|nati|anc|kin
617|tho|g|unbu|buoy
618|vita|d|pal|con
619|all|no|marig|unus
620|woo|unco|rathe|cha
621|memb|d|con|pl
622|peru|wran|bedfe|lous
623|impu|hide|faulc|dut
624|defi|polc|rejoi|hi
625|preci|met|bold|prent
626|clod|perce|wives|ado
627|pig|suns|anc|bar
628|othe|torm|ru|oug
629|heap|babb|mu|lame
630|fau|tru|wran|gle
631|req|ban|due|icee
632|mazz|augu|jo|thig
633|unsh|blame|copyr|exa
634|decay|sur|arab|beat
635|rep|echo|measu|trag
636|jo|moss|kis|apt
637|but|exce|eve|do
638|spi|br|sau|ki
639|nutho|en|ruda|firm
640|istf|hal|win|bat
641|abs|noiso|sna|manne
642|not|play|def|seeme
643|over|bli|disor|deso
644|obse|orde|cutt|wi
645|chol|pamph|the|i
646|secr|fate|sta|inf
647|unri|appe|medic|lin
648|coted|fami|steal|stu
649|gath|dupp|tras|r
650|tenan|mourn|deri|kent
651|conv|vu|fle|wi
652|sub|corn|will|puni
653|cha|tood|procu|rob
654|est|wav|borr|pi
655|sedi|pub|sett|wol
656|lion|egg|cam|disr
657|jou|liv|ath|pho
658|alla|fewse|admi|pr
659|envy|wav|adm|wel
660|add|pinep|fla|sea
661|title|gro|ro|tar
662|gui|can|unde|cami
663|sk|bed|bet|fra
664|hibo|dim|b|appe
665|ho|shre|mu|ba
666|umbe|sight|fil|c
667|hal|rema|unco|a
668|le|fondn|unfas|trail
669|avow|musi|fla|su
670|exha|vic|stel|e
671|salut|spoo|snuff|turb
672|kno|ston|rog|cat
673|wak|barga|heart|whos
674|shi|sh|nayol|dw
675|tra|am|foreh|apa
676|vom|clo|chau|ma
677|tet|fi|scrat|fable
678|dick|affl|innp|gri
679|ni|unt|medic|qu
680|tevi|zo|gaz|thro
681|preno|por|death|hur
682|thank|strik|ligh|q
683|were|oth|sea|palac
684|sla|wha|jo|us
685|chi|tickl|parli|e
686|hor|dra|be|hairs
687|infe|adv|defil|u
688|cardu|nec|quee|cueto
689|sure|unp|play|exer
690|light|bles|in|dru
691|win|ki|prec|o
692|capri|sev|mou|o
693|did|t|id|harve
694|per|sigh|fai|blaz
695|so|l|op|gre
696|noni|upri|lang|ch
697|sup|alba|weak|stri
698|am|uns|meagr|poss
699|enf|exper|bull|hea
700|daub|sph|unde|tra
701|fierc|taint|lawl|mur
702|ponde|st|c|unwil
703|bod|fadom|ba|tu
704|tri|cat|disor|p
705|es|meeti|donn|anat
706|coll|li|comf|co
707|rheum|reg|ret|dep
708|arre|pisho|fai|prat
709|pi|sunsf|guil|wi
710|ke|mult|fat|slow
711|hero|sop|puls|ty
712|dox|conc|dum|torm
713|chri|unga|hac|an
714|tripp|pren|ke|le
715|grewa|des|comf|sor
716|wann|soont|balk|begot
717|enmes|sunsf|pea|appro
718|bequ|unwi|mila|pe
719|tom|hecat|r|casu
720|dices|encu|sworm|st
721|warm|injur|slink|prai
722|int|tood|appe|sc
723|jailf|soont|obst|emul
724|fitt|meeti|misch|unwas
725|unj|r|an|confe
726|desig|speec|ladde|co
727|neroe|blea|owner|c
728|unsu|lend|wavi|white
729|botto|isl|unvi|whisp
730|quodc|rin|ne|uns
731|expia|babb|nea|cerem
732|cote|warme|pinre|o
733|cance|viol|egg|ca
734|ambu|burst|ac|hones
735|att|atone|gu|comp
736|den|pelo|rate|ou
737|ov|humi|babb|bed
738|witc|affli|gil|pl
739|prote|uses|deman|gel
740|dan|edms|dr|knave
741|sir|hide|wav|co
742|lusc|top|mar|digdi
743|wrec|wav|perse|timo
744|cherr|lang|out|hu
745|prin|catl|apper|e
746|spee|edms|usu|mul
747|prer|fle|corn|fea
748|hun|oxfo|rev|bu
749|pret|imp|co|fi
750|error|babb|so|p
751|whisp|unt|ho|summe
752|fou|roug|unwi|untu
753|esta|rev|er|co
754|mist|telli|hinc|leng
755|crep|v|art|pa
756|godli|glitt|mou|g
757|yes|rathe|o|line
758|preac|bold|win|go
759|encha|bor|maj|ca
760|zen|arre|mourn|reba
761|mate|lark|fondn|brac
762|life|stayi|telli|cr
763|stage|marg|impur|playf
764|mank|week|scio|jus
765|sw|ab|mou|caro
766|ale|noiso|paus|me
767|shiv|pou|noiso|put
768|it|lou|tri|a
769|see|fol|zo|fil
770|gree|augu|ret|stal
771|aba|map|dif|deno
772|te|sna|gaz|unse
773|ver|beg|fate|fair
774|ro|mo|sph|d
775|exhib|e|afrai|neb
776|vowd|fo|esca|a
777|slig|sigh|sa|s
778|provi|pamph|pr|dis
779|appe|corn|chao|g
780|glo|strid|ho|uses
781|coc|mult|bedfe|mayo
782|v|su|tods|fanta
783|comm|fat|liber|d
784|faira|meeti|se|ne
785|vainl|hoop|catl|s
786|mut|foreh|humi|wh
787|alms|ex|sh|st
788|wal|tras|gip|ent
789|orch|tedi|fello|toa
790|orcha|ath|rush|sta
791|bideh|comf|schoo|adh
792|car|deal|lead|mea
793|insol|sh|pi|besee
794|urge|tai|dom|scu
795|bea|brui|q|pe
796|caud|unba|out|su
797|swo|bra|mel|ne
798|daww|upri|map|imp
799|rel|gip|share|step
800|curds|bra|tho|soci
801|rar|iron|death|pee
802|perc|mult|deat|por
803|mer|fle|pur|sho
804|amb|rock|d|adja
805|nam|ca|rid|ant
806|nob|lat|prev|hawt
807|knapp|edmu|fop|per
808|hopa|hac|exp|heret
809|undut|onc|aff|tuns
810|prov|pine|bedfe|dis
811|brag|balt|stel|ma
812|vent|misc|pibl|des
813|holp|ladde|fat|trow
814|paren|wron|des|h
815|cumbe|haec|barga|tripp
816|buy|ke|due|naso
817|dis|bogm|ins|wh
818|us|dis|us|insu
819|nevb|ass|hac|erudi
820|conj|convi|strik|voidc
821|depr|fro|pel|thumb
822|unfi|moss|ach|off
823|excep|pibl|cruel|mi
824|gel|bol|prece|spen
825|matte|bid|ind|th
826|map|vanta|fr|wi
827|nim|vio|unlov|d
828|maz|fou|fop|unp
829|oy|tr|purp|g
830|heari|susp|irec|em
831|playf|loode|eye|bott
832|accum|skil|sen|dif
833|pic|gover|tired|inves
834|mane|ca|feed|sp
835|plash|comp|jew|sn
836|rank|procu|cam|om
837|gua|tr|han|wha
838|war|u|tro|barn
839|pie|unlov|pro|lack
840|neigh|hoop|mat|de
841|ribs|deat|arm|curll
842|liqu|hac|obse|sa
843|eig|ci|poul|unsa
844|ben|wher|reg|butch
845|gro|frac|val|ste
846|vil|bar|amend|j
847|calve|glitt|gau|wav
848|fat|ad|expen|h
849|enro|fami|man|ab
850|bel|innp|und|d
851|conta|indu|mult|pa
852|unta|defe|pub|aes
853|mine|priv|vanta|mo
854|dist|por|minem|fr
855|needf|cop|puls|boa
856|gi|mett|wofu|omit
857|ar|embo|paus|ren
858|of|medic|gaz|st
859|su|famis|donn|stal
860|babe|adv|stri|disre
861|germa|con|c|uns
862|usew|bit|ga|met
863|rea|orei|re|part
864|reel|wri|medic|defa
865|arc|cau|foot|rusti
866|du|notio|wafts|ob
867|ther|notio|rea|bl
868|bles|mit|toads|jo
869|ra|sill|encu|th
870|dolou|cop|apper|tran
871|nettl|crow|oc|cab
872|froz|inte|roug|comme
873|sheaf|rus|cudg|dola
874|squ|gar|inte|fl
875|issu|ling|not|com
876|rosyp|por|beate|oy
877|edenc|bi|iron|id
878|tumb|fate|al|str
879|id|spou|nai|t
880|yor|haz|gover|color
881|falc|tong|gran|gorg
882|shot|.go|sis|honey
883|oaksg|bogm|tale|poe
884|betr|accu|wea|tr
885|lik|heart|value|c
886|shuff|dist|ban|per
887|thri|wed|p|di
888|dut|gu|trun|fr
889|wri|glitt|wav|dim
890|bui|lea|innp|mine
891|cnei|deat|perdy|cr
892|smi|exte|comma|inco
893|bat|affl|patte|lo
894|agai|sp|jew|sad
895|asun|disc|mel|rec
896|bef|po|sil|la
897|loz|mans|polc|bi
898|foul|go|sh|do
899|untan|mat|ena|fats
900|fang|sna|juro|happ
901|grav|facil|leads|d
902|char|fello|tric|weap
903|luci|shee|fuls|re
904|read|ti|encom|d
905|atwai|bogm|brui|of
906|dem|hudd|injun|larg
907|ante|crow|treas|gar
908|angu|advis|fath|lan
909|rus|defi|deb|t
910|endu|indit|reg|sing
911|ophma|poste|not|spelt
912|reque|meeti|pist|ills
913|sente|merma|la|tap
914|incr|unwi|slip|sh
915|gapef|op|shre|wa
916|ol|ba|prec|cyn
917|sat|hol|sh|rheu
918|dint|borr|unh|su
919|wilt|des|conc|y
920|und|fou|han|un
921|belie|an|dra|infe
922|slav|led|.go|stru
923|bawd|pisho|bli|boo
924|balno|bayi|thir|do
925|rugge|wron|vul|y
926|shir|utt|ling|ep
927|pha|hi|pom|entre
928|goa|prepo|recou|det
929|ri|uni|por|psalm
930|gem|exce|c|ph
931|thril|sca|defil|phys
932|unman|chai|di|s
933|fore|low|g|wh
934|hum|unp|act|ca
935|sold|foot|nega|mou
936|lan|obst|wea|trop
937|unp|gover|lig|exo
938|threa|ea|cerbe|fivep
939|penn|si|bell|una
940|bur|preor|coli|e
941|swif|tyra|tumul|pr
942|tapst|pu|pige|pl
943|jud|gra|fop|all
944|lod|rep|flag|be
945|fifth|lend|vulg|go
946|benc|fello|wan|cyni
947|revol|farbo|tale|stra
948|ope|dail|unlov|leane
949|abso|a|fra|exe
950|sweet|bed|fadom|con
951|offe|lo|m|inst
952|enq|cau|patch|e
953|encr|to|ca|outbr
954|twi|epil|newl|re
955|apes|wo|whit|ser
956|creat|mind|sinf|un
957|mou|ruda|glitt|hil
958|pole|perse|fami|ber
959|giv|cons|cons|playe
960|airp|arab|pac|t
961|parti|tre|le|edgta
962|prior|zo|porti|dolt
963|foo|dim|poul|merc
964|azu|favou|uns|visio
965|loave|unpe|chai|garr
966|je|embo|sco|re
967|hire|bre|ea|pota
968|nom|atone|unlov|co
969|puddl|nea|harry|se
970|insta|low|moss|con
971|hang|exper|schoo|ri
972|mutte|vio|mat|achi
973|road|thir|indit|migh
974|ut|bull|bold|embo
975|dou|prof|h|ou
976|suc|murm|e|str
977|chr|dis|cool|mast
978|yo|flin|punch|co
979|astro|punch|p|mach
980|goos|pea|show|sch
981|dir|stayi|appro|me
982|cra|fro|patch|ar
983|bro|exh|pl|t
984|repro|agon|upri|lo
985|minc|nea|br|su
986|knott|mar|spoo|wor
987|inhoo|great|chase|i
988|unpr|pres|tre|wr
989|lapi|poul|viol|arche
990|plum|fou|br|ski
991|innsw|nayol|knee|bri
992|gulf|lawl|sill|bas
993|vomi|sev|pea|ju
994|pea|wand|exce|bois
995|rob|musi|lim|morta
996|eastw|anc|judg|umber
997|enve|spe|rip|gour
998|discl|steal|tomor|pri
999|laz|hal|quail|pro
1000|sinf|lio|latt|dangl
