1|mistr|imma|carr|satis|cli|kiss
2|arm|bi|sun|tr|fla|f
3|exor|ap|dism|cond|tro|havo
4|sol|ru|yoke|m|peli|hear
5|comm|ded|dis|lente|un|cen
6|phr|f|bea|seve|bloo|ga
7|down|ca|slug|citi|hoar|pe
8|unpr|sca|pantr|hov|gli|be
9|beque|d|ind|slavi|su|these
10|b|gru|bese|rely|cop|tort
11|in|infe|pu|h|swel|crack
12|plea|coura|unpo|bel|u|h
13|ora|whirl|co|int|j|slee
14|spri|cli|des|trump|whi|c
15|bead|asi|sonn|ra|ry|peace
16|al|aff|moves|bosko|skip|vers
17|so|bo|met|preg|ora|mae
18|p|exa|warre|mich|mo|law
19|t|tas|dire|unsaf|fu|inf
20|igno|due|genne|pall|pr|pa
21|april|mors|ex|handl|glozg|inva
22|heirm|re|pre|prov|tor|rev
23|vota|bris|rise|a|mal|b
24|capil|gap|shut|s|f|swa
25|c|sou|stub|jour|pou|go
26|riddl|ten|sto|p|heir|tyr
27|sm|wi|am|sunsg|us|ha
28|timo|corr|vil|seri|va|long
29|th|time|gr|brea|ruth|wa
30|s|priv|scr|musk|r|behal
31|twasd|ri|ab|s|pl|grec
32|gre|outw|him|par|sa|pa
33|pat|noon|w|grope|impud|we
34|bri|supp|con|mel|ch|st
35|a|imi|trans|hocf|kno|amaz
36|lates|re|p|mach|g|gin
37|be|co|s|new|su|out
38|ass|unc|la|wi|drive|hear
39|incl|en|over|fo|l|du
40|agopa|cen|pa|coxco|rem|brai
41|pr|c|wort|posse|suppo|quodi
42|calpu|jars|enca|we|tra|cano
43|bal|prey|wear|tow|omit|tos
44|desca|s|tipt|fei|h|rum
45|neede|spur|squ|d|sop|el
46|eni|quite|haun|hi|disj|con
47|own|ch|se|in|rad|te
48|i|super|en|in|unha|con
49|po|b|brok|co|th|un
50|hunts|ni|buss|sh|hat|s
51|r|suf|dall|unso|pra|ar
52|smit|war|ba|th|jun|pro
53|gladw|h|gall|dilem|cons|bid
54|lea|dero|etc|ill|re|disp
55|o|foot|ski|g|ark|sc
56|sh|boari|gaz|enc|ite|s
57|sta|m|pe|acce|imp|r
58|w|sha|im|boo|bel|meet
59|bir|untas|co|blee|rebe|dist
60|wa|ac|s|spec|wroug|que
61|idiot|sob|so|pu|be|f
62|wre|de|nur|toedo|to|mak
63|sil|whe|awa|chaf|gr|com
64|e|r|d|corr|mas|paint
65|int|ho|bac|argui|bind|abe
66|u|thum|aff|fo|p|un
67|quar|frien|r|ear|sl|d
68|ang|go|doe|ab|dislo|bette
69|ch|tho|pr|per|tanta|lead
70|hincr|cur|her|disc|char|pulp
71|aski|ca|d|sang|do|depo
72|hal|o|r|u|dupp|co
73|palyg|acce|sple|c|cab|te
74|her|remed|admit|ag|fl|un
75|stai|ba|head|cate|all|saru
76|hea|sna|lon|riba|foll|co
77|chec|carn|topp|chr|shril|froz
78|ha|bo|sourr|ga|rutl|sh
79|qu|ins|rem|suppo|strea|prop
80|nu|i|lewdn|ro|a|ca
81|suf|h|cart|en|snor|dalli
82|for|strew|cat|a|ra|l
83|tra|defl|cou|smi|extol|fa
84|vin|s|pa|w|mac|te
85|prem|tiny|purea|bulk|soph|et
86|cour|pr|int|d|bre|c
87|f|lear|ch|t|ma|r
88|h|ra|sixt|phry|murde|pra
89|chro|st|fa|tortu|b|pr
90|pl|ridin|be|com|p|invei
91|sauc|st|wo|lab|nam|pas
92|illu|best|co|feign|cala|save
93|gov|sit|tran|rec|ph|webf
94|cu|r|like|he|le|se
95|pair|tette|ge|me|man|deat
96|de|da|b|pre|trans|enamo
97|imp|paus|ma|face|scyth|tri
98|detes|apie|brea|spo|bro|u
99|doc|gen|is|bar|sen|con
100|hand|dig|pro|sc|prat|usury
101|fl|inti|outt|begsc|disch|dau
102|stra|en|trac|whe|e|ba
103|awo|hou|e|d|wo|de
104|plai|enter|rec|di|predi|ladf
105|inco|tr|so|ac|rev|taper
106|bark|sho|ta|you|la|si
107|sl|gu|ti|ride|hideo|fo
108|g|l|di|engin|reh|harr
109|legi|luc|cam|forb|g|ch
110|spak|po|ca|god|b|mixtu
111|vill|bo|lesse|ba|ex|do
112|defe|fra|bo|bianc|na|mar
113|pe|fery|provi|repro|th|se
114|ex|d|hear|br|roa|con
115|ab|avoi|s|calv|ma|th
116|bonn|mixt|livi|noble|a|sched
117|rea|di|rank|ti|pil|peni
118|aton|pui|fa|rheum|con|wort
119|stri|lodg|grov|s|le|knife
120|herit|c|husba|pal|medd|potat
121|re|smot|int|pa|d|waggi
122|ri|st|unsur|chaf|fine|hus
123|suff|thri|il|gua|for|fash
124|want|mo|l|gray|au|mour
125|boug|pro|lien|ca|m|be
126|mep|jawsv|lofty|fr|lux|nowco
127|deer|ho|lea|sure|sy|mi
128|fa|sedu|bloo|o|chi|conc
129|cord|night|bu|p|wr|get
130|d|eye|m|hea|int|pu
131|bitt|sho|e|porta|misc|exe
132|acce|enfol|boo|trus|sur|ch
133|rony|pr|s|harm|th|p
134|manly|pr|wipe|bec|wel|wi
135|str|tre|to|rest|bulle|rays
136|crim|tr|se|r|clip|car
137|det|pr|sa|evenp|ur|mowb
138|fo|tr|for|es|ex|jer
139|mat|stra|res|imag|wic|con
140|cap|alarm|murt|bla|unval|d
141|tight|vict|wo|palac|do|crisp
142|turk|pe|sh|deba|l|gathe
143|appr|ulc|wea|dict|sa|il
144|soun|toot|sk|im|pr|si
145|duc|ant|clipt|inau|ma|ind
146|curle|mi|s|aco|hosp|a
147|pu|repli|rese|pr|accu|clif
148|repe|susp|think|ha|taint|se
149|mon|cons|cow|caus|che|sta
150|arr|scat|ou|indi|wa|fr
151|bidi|oa|pr|w|be|sho
152|ungr|dis|a|r|ri|rec
153|wan|bloc|dis|taske|dr|di
154|att|od|afo|re|de|r
155|unwi|fir|ho|pest|ung|ruffl
156|tr|pe|cros|melu|sw|dee
157|warr|dull|blo|skyu|chau|conte
158|ti|cou|oa|me|suff|facst
159|cha|pa|su|sac|muss|s
160|kei|int|crutc|e|desc|mari
161|fai|awr|woful|bot|grim|abj
162|pisto|pra|div|ripen|unp|vale
163|com|indus|pa|fal|d|beh
164|poeta|prou|unmuf|chas|attor|ru
165|ve|flews|de|pr|cr|li
166|gas|cou|ribbo|payme|blubb|o
167|the|ench|un|c|har|p
168|tax|pul|desca|swea|bu|strai
169|conf|ru|tru|ex|enkin|rag
170|gr|hig|fe|b|ottom|gen
171|sp|afte|bru|un|disc|mode
172|mart|bar|u|bo|brav|je
173|am|futr|twai|com|bat|oppre
174|horns|croo|wayw|sist|pu|co
175|sati|str|pertf|dre|man|hoaru
176|op|sw|unki|com|af|co
177|not|remi|ba|str|o|v
178|steep|we|pot|repos|pun|talle
179|enfo|bru|viol|jar|fur|avo
180|lof|bal|enjo|unfru|s|drea
181|fol|gh|sapit|fruc|u|n
182|dun|di|diss|ten|cap|presc
183|l|gr|live|rou|serv|ki
184|bro|exte|fl|expe|ea|nil
185|mald|op|hi|pla|stru|sup
186|hast|cad|pos|sung|pr|ma
187|aud|qual|m|d|ove|sma
188|skill|co|roya|sin|cham|ari
189|wret|pron|i|co|stin|seduc
190|amia|sla|cou|doc|oppo|co
191|leavy|tush|towa|ear|usu|wilts
192|invas|g|f|tu|sec|prom
193|shuf|t|che|com|reco|flam
194|sad|ephes|no|ad|beag|al
195|ta|p|bless|kib|do|deb
196|ter|venom|sust|exas|fa|russi
197|eng|room|reli|hy|c|solem
198|ape|ha|q|coun|end|prowe
199|tan|impl|dis|nutho|brand|ofte
200|perc|clo|eig|blow|do|foibe
201|stu|se|sho|main|helm|insc
202|se|smatt|wri|sp|sp|c
203|halt|ga|sing|be|fede|dep
204|seduc|ung|cliff|te|f|mank
205|spa|dec|dive|scot|past|fore
206|phil|advi|roe|forbe|black|pe
207|boll|willi|re|r|sev|unge
208|co|carr|l|su|cad|whop
209|nak|tuto|dap|s|fo|cov
210|vo|co|yo|up|sanc|tis
211|spie|st|empi|ma|juni|griev
212|af|unti|im|c|wet|u
213|tor|mi|fo|mang|ros|se
214|ju|eld|indic|revis|p|inf
215|mel|oile|di|dio|hi|out
216|comp|conv|advis|dep|rea|chin
217|pick|a|span|a|g|dete
218|do|laby|fa|sit|t|emb
219|march|envi|bla|s|beau|batt
220|chari|wa|par|surg|u|ten
221|hor|ou|he|la|hope|bagb
222|ad|ledat|starv|methe|ne|perv
223|dre|rule|ar|avaun|w|thith
224|ga|king|t|livel|gr|piss
225|gna|be|brav|refl|sphin|p
226|inf|dapp|lash|cred|mind|c
227|dri|youn|ra|ab|br|perpe
228|tipto|neig|un|bred|rid|be
229|lour|r|risi|copu|slic|ap
230|en|fore|noun|bitch|boun|rumin
231|like|puiss|beg|discr|woman|ledm
232|we|accep|fo|d|ar|soaki
233|who|disp|a|ex|g|wo
234|sir|met|la|guise|powe|t
235|pant|conve|sp|slip|b|unp
236|col|envir|u|fo|d|br
237|wake|sn|m|diss|term|t
238|cist|infer|di|cr|ins|cur
239|gra|sto|f|pla|d|gle
240|drows|ra|irr|tid|impl|p
241|prod|mers|co|paph|hatc|ungra
242|tran|g|bree|fana|fustt|sam
243|cr|boilb|di|nort|fault|ble
244|unsp|ro|prof|retur|c|bee
245|over|s|lad|p|qu|thre
246|endo|ea|p|sup|lev|ca
247|nego|vag|draw|e|extre|impo
248|ball|cur|fewb|stre|with|se
249|fe|illu|join|unmi|f|o
250|spo|d|ha|ex|st|revo
251|pos|shi|obse|penda|tra|v
252|m|wo|repe|re|feig|spill
253|sw|s|star|ti|le|hum
254|el|mour|see|suff|clou|vide
255|od|tei|to|succe|foi|fate
256|mor|st|ex|va|mout|th
257|sle|conve|footm|eva|bl|ha
258|backw|en|ga|ar|m|al
259|tar|thu|idle|antho|bulw|tents
260|cons|ses|po|alar|p|pres
261|paris|empt|port|ab|sic|l
262|drav|act|bot|bo|rou|le
263|wo|l|c|v|da|bed
264|begs|seede|sph|aud|chole|is
265|rin|ch|dri|inn|weas|mi
266|joi|t|gapes|com|des|se
267|ma|impr|ass|artir|di|fo
268|ans|me|mise|needl|bene|poet
269|ench|nick|mora|achil|ext|swe
270|unque|ens|res|endur|d|wh
271|wat|tu|defl|ma|lo|por
272|gro|ido|digr|lea|com|smel
273|hum|pen|macca|af|cl|viera
274|mi|c|di|rog|gate|aged
275|babbl|mount|deat|heels|how|ba
276|wall|cal|am|e|m|s
277|gh|woo|resig|di|untop|unmo
278|qui|sus|rails|th|disl|judg
279|lacks|unf|ex|prepo|birt|la
280|shi|joan|di|crue|fi|wors
281|ge|duc|lusty|inv|m|drin
282|im|aga|indie|shak|pa|dist
283|fac|zo|cl|mee|ap|i
284|ind|outg|divi|hiss|joby|a
285|wises|unde|slan|unre|sous|v
286|di|wat|drawb|ca|water|gr
287|gods|en|in|immod|l|st
288|satir|sal|cost|spou|br|am
289|seem|hy|p|impa|pluc|com
290|esi|a|lou|behe|h|safeg
291|requi|save|pro|ap|gr|boye
292|cas|shi|joyfu|clit|da|re
293|asso|fostg|art|gazer|ab|ble
294|wag|ex|mo|test|porte|ses
295|lib|minc|m|usual|luces|clois
296|exce|terc|rog|appr|co|fo
297|game|bl|butt|fin|thron|serve
298|bol|clie|dids|know|hea|cuck
299|suret|char|u|ope|unc|donl
300|heft|outc|row|b|c|pre
301|cl|ex|lik|com|fan|behe
302|auth|d|war|al|tick|cea
303|har|dizz|d|pu|im|hemed
304|unma|be|sou|pri|pe|var
305|con|pr|p|clov|do|fett
306|freem|d|mar|en|toysc|gre
307|saf|ju|d|b|ho|fif
308|coron|embl|acc|sif|ov|sca
309|sea|kind|pin|trun|prof|milan
310|nicer|phoe|carr|fo|p|wa
311|mayor|benc|stra|situ|su|loa
312|wantc|dil|i|pur|wha|una
313|oft|fr|vaug|reck|cock|nig
314|aff|re|c|cent|beh|memor
315|inc|fr|rat|light|wo|moo
316|abh|rest|ca|achie|b|a
317|bou|sirei|f|nobod|d|sing
318|pla|med|bl|dif|wa|fra
319|fort|b|qua|sto|topg|re
320|lune|z|w|to|l|st
321|suc|ant|open|th|fa|t
322|pardo|accid|fruit|broac|unurg|furr
323|safe|appe|falst|sta|c|eate
324|embra|indi|cadu|mutte|dul|pho
325|busin|roc|peach|ap|e|o
326|heig|pratt|brie|gain|suspe|gr
327|miceh|dispo|disc|tods|c|ed
328|unri|co|p|caut|awa|co
329|si|rio|slu|phoe|topf|cas
330|vi|const|wa|u|dec|sled
331|pror|sin|li|vil|roa|g
332|ent|insa|s|hal|sieg|r
333|everm|pis|pat|expo|co|bran
334|us|un|lur|v|ap|tran
335|ov|he|pu|f|drun|uncle
336|disc|en|ben|lus|s|tor
337|glid|embow|co|glor|impa|trad
338|ro|guia|fla|cora|headi|argue
339|disg|tr|com|res|cutsf|ha
340|rec|or|runa|thre|rec|bailw
341|cir|seld|dou|we|adve|subt
342|dames|recom|rhym|tire|leer|t
343|exec|nett|noteo|henr|resca|unve
344|soci|beli|des|driv|vo|tamw
345|un|wa|h|un|trus|fair
346|capi|quarr|murm|order|n|tru
347|v|qu|c|tru|apie|cou
348|eun|wou|exc|caps|inse|o
349|wott|rem|repas|recko|div|gua
350|seasi|pr|enk|ali|eft|vol
351|carr|mi|newl|zedc|l|voca
352|blo|mea|goes|ind|madu|gib
353|st|prop|homes|pe|co|dis
354|mac|gna|bun|norm|adve|l
355|sa|t|gar|si|p|le
356|kent|dep|sal|hosta|unsk|fun
357|vapo|grai|b|att|leag|sl
358|din|bord|m|occ|pu|mang
359|frau|fa|grea|ist|c|v
360|trag|pa|bo|inc|ere|razi
361|apop|fron|fa|lig|gov|exas
362|baboo|watch|reas|heroh|cook|w
363|dr|spor|glass|u|sota|so
364|behov|qua|fad|m|una|val
365|cupb|me|anvi|kni|p|loos
366|depen|r|pers|ta|cha|b
367|da|mode|s|spu|unse|pe
368|inso|lott|pail|fre|re|i
369|unc|trap|doub|kib|suffi|rea
370|cred|fath|s|ca|con|par
371|eas|raze|u|ca|pulp|gain
372|obser|glo|st|ann|bake|ed
373|pa|unle|f|si|exu|un
374|fool|gene|elega|wher|tyra|dog
375|bail|delp|dr|nev|e|chara
376|cant|flou|in|wh|to|bo
377|contr|daub|disce|rashl|f|off
378|anc|p|si|epic|le|vil
379|purge|mon|u|pr|v|un
380|just|duma|vaunt|exa|gal|taff
381|par|thir|whis|repu|for|opp
382|to|f|h|b|s|nell
383|wint|spun|y|en|int|black
384|cor|cri|h|dial|pr|swag
385|fran|s|n|egr|unm|se
386|lon|tarr|me|ta|ca|fami
387|accu|tras|hig|part|soli|supe
388|me|mons|fra|varl|dig|sev
389|padd|pe|qu|beema|co|s
390|alps|fl|r|sear|greg|dis
391|hu|ipse|tra|cu|d|canzo
392|wrest|salv|c|arde|taw|strid
393|sal|wi|dis|pri|abho|pidw
394|lift|be|int|ou|abst|a
395|stung|br|fon|supp|patt|dissu
396|beat|elfl|g|aim|reco|a
397|roas|y|spo|en|un|mond
398|te|r|ar|dar|a|vide
399|glo|unl|d|up|ramsm|ru
400|pro|unde|disse|u|know|bro
401|go|c|ink|siste|udde|far
402|poc|ho|pros|g|grat|one
403|joc|s|pi|laws|ped|ex
404|duri|s|bid|esca|in|agr
405|moo|wri|aud|pr|met|st
406|cur|e|gobl|d|primr|heed
407|woo|brief|po|pos|bulw|m
408|bl|yor|dete|hott|pe|wh
409|fat|manet|bowe|p|wal|mu
410|pur|am|revis|trem|inv|uni
411|wil|choi|bur|for|c|deck
412|neck|swat|tra|agr|eyn|rig
413|zou|murth|bl|iri|skitt|thw
414|sovde|pratt|mere|meta|spa|nod
415|sack|asl|do|bew|br|re
416|coes|sa|co|waked|fo|te
417|swin|midwi|l|stead|s|di
418|confo|peas|e|th|fort|hare
419|ear|u|ch|thr|affri|char
420|sud|li|pa|mo|sw|dieut
421|resp|comm|b|s|pari|bo
422|dig|ey|mo|rul|cowar|coteu
423|putar|godfa|he|other|chi|aw
424|shock|whis|mu|prec|dowe|super
425|bel|le|re|oa|wo|d
426|sipch|passi|de|un|lo|no
427|enc|dif|kin|ag|exh|fre
428|req|de|mou|eff|ori|per
429|terr|chor|om|cou|post|u
430|j|jest|cl|inc|good|bu
431|noble|y|gets|gr|en|do
432|child|plo|carn|d|smo|mart
433|su|tu|con|hume|h|pe
434|windl|i|ca|wench|cl|dro
435|hee|m|t|th|suff|ra
436|glor|pa|cli|ext|healt|foul
437|inkb|pa|hunge|fea|va|s
438|afor|d|ker|di|ba|trad
439|vari|so|gree|he|hea|inc
440|muddy|je|encl|gro|ca|re
441|mo|op|sup|over|in|mede
442|king|belo|entr|pik|unbr|pea
443|have|da|rob|sting|addr|monop
444|bu|bl|chu|con|aff|tu
445|ke|stop|s|pruni|wa|chi
446|clo|si|wit|sum|sin|pres
447|langu|bees|passe|tr|v|aspi
448|ale|over|h|dumbs|even|rab
449|fel|earlr|mir|c|outda|cata
450|won|bese|capo|stabg|tal|co
451|dive|belo|tempt|stom|tena|count
452|offe|tamha|male|pa|ind|suc
453|minno|ma|tru|pers|spec|pin
454|jaun|etcne|log|diff|pen|wh
455|decay|k|prie|grave|hos|eff
456|sente|desc|sc|den|h|app
457|glan|alls|hares|gar|si|craf
458|spla|rank|aro|ves|ea|str
459|redre|t|staf|care|ro|diabl
460|tart|chec|a|w|ca|wal
461|holi|str|part|se|frank|ha
462|fau|pun|sp|da|mew|asm
463|desc|wom|w|seiz|subdu|d
464|mayv|reg|sus|fic|d|su
465|fu|sess|may|tar|cere|pal
466|roofs|immo|answ|nort|al|tem
467|wes|ve|captr|b|pr|co
468|brave|sp|te|pass|pen|span
469|wels|c|i|co|dow|ev
470|wi|hal|bate|hide|l|o
471|eno|cla|sm|joyle|resto|proo
472|sharp|ome|bl|p|appli|v
473|pen|re|pur|pic|lewd|s
474|calml|so|sta|juni|me|ser
475|ki|ambe|see|pl|sch|is
476|quai|p|kee|r|duel|sip
477|poet|be|s|r|rus|ac
478|clov|aff|exc|se|co|ma
479|jou|sur|rung|g|can|t
480|allo|sp|amb|c|thy|m
481|tu|awa|f|in|su|con
482|spare|emin|n|cu|raim|adi
483|reco|m|nun|s|qu|att
484|mean|me|unt|num|sham|po
485|ser|unt|mar|go|agoco|wh
486|antic|libe|br|the|vasti|bro
487|an|to|drea|sump|mi|und
488|sheep|ac|ki|wor|g|inter
489|hope|atte|va|be|stoc|fa
490|enr|l|happi|ti|stuf|dar
491|grumb|silli|horr|limed|load|cou
492|exi|isbe|st|th|fool|acre
493|buffe|un|iss|dola|s|l
494|sur|k|every|outw|co|maime
495|love|re|ap|so|stru|yar
496|mis|f|co|a|b|wal
497|seeme|c|tre|grizz|da|diss
498|damn|h|ta|g|punto|boun
499|gast|your|draym|so|requi|majo
500|unnot|morse|pl|off|groa|ur
501|ger|bal|co|s|inher|lol
502|cursy|s|faith|peri|st|met
503|diss|laud|gone|mor|fu|me
504|sla|tri|os|fast|ham|oren
505|dem|s|gue|tongu|re|syrup
506|clasp|purpo|qu|turkm|enn|ho
507|wives|sl|un|admir|orla|wood
508|ho|par|r|manor|u|in
509|tore|en|r|th|some|de
510|pi|cedar|garl|marr|sw|sl
511|besee|visi|pois|star|ti|dan
512|upb|bre|sat|p|happ|rebuk
513|dama|u|burd|nigh|amoun|ins
514|inst|ung|flea|vein|wis|slee
515|maye|butc|than|poten|blas|ind
516|rocks|will|n|remu|advo|feat
517|amb|court|a|do|repo|com
518|sc|fe|feat|start|unw|not
519|scou|hi|ac|ch|c|gre
520|free|trag|mi|gen|ho|acc
521|ove|fa|al|foe|tr|saf
522|chu|sh|ro|perfe|pur|stray
523|fres|doub|char|ha|sc|raysw
524|erec|diss|bor|swoo|ch|mine
525|seq|ma|ame|tabl|re|serv
526|south|un|grav|re|cert|thro
527|rages|hear|grego|da|smi|br
528|er|disa|whel|rubbe|sun|mu
529|unn|fa|s|f|p|sapi
530|prev|cursi|bla|defe|wee|ero
531|nor|requi|isab|b|pile|c
532|ap|mas|sh|out|palmy|gr
533|ris|fo|en|re|sta|ma
534|sun|orego|que|te|co|depa
535|vil|co|cist|shew|spea|cross
536|saint|res|hal|stri|sem|ca
537|mabb|shr|ruptu|sp|buck|m
538|sheds|lousy|co|for|flaxr|sanct
539|insid|hone|st|dens|fill|th
540|per|wan|dep|cens|bea|liste
541|peers|vis|be|ses|st|gras
542|succ|kenn|w|dis|boun|sh
543|bear|ru|spur|wrong|horo|bet
544|unf|p|sol|prop|lord|tak
545|ea|tee|in|p|volu|de
546|age|leo|helme|bl|over|ob
547|wood|re|unsh|co|fla|hym
548|lock|clip|up|tre|c|ind
549|hou|wi|depa|tap|unre|unto
550|life|fortu|labo|j|em|ad
551|abs|contr|s|blo|yewf|atal
552|obj|c|talk|whi|pa|hold
553|osi|mos|frien|d|serp|heed
554|sec|cons|fa|prec|uns|man
555|befal|ch|co|scrip|bo|expi
556|coll|vol|c|inc|av|wea
557|daun|pai|cha|inte|lea|wi
558|shape|alone|crone|po|po|sta
559|app|sle|is|cha|en|ton
560|finge|hard|y|meso|mode|afte
561|high|m|dis|l|when|zoun
562|nost|tru|s|to|youp|cit
563|guil|di|the|le|di|crams
564|tumb|rog|put|c|pr|c
565|but|rip|fami|demo|ea|t
566|alleg|div|matu|sug|dis|dis
567|hi|labo|i|e|mirr|flam
568|pleas|er|w|re|co|dolp
569|late|sp|ar|rob|pit|wi
570|ros|e|su|au|henr|av
571|ca|si|foin|unfi|tr|c
572|bra|unlin|pepi|wink|publi|jac
573|rh|d|moth|yours|fl|cont
574|even|allh|lea|g|pt|turk
575|tort|sa|negl|dews|who|dis
576|stal|fret|str|flin|h|sig
577|ra|low|man|ha|not|go
578|assa|unbr|t|anno|c|jou
579|sli|pe|jes|dori|memo|bewra
580|mout|li|whe|adds|u|prev
581|drea|s|giant|d|bu|mur
582|arbo|scaff|m|adm|de|unlo
583|gi|unb|equ|wir|trou|mark
584|sci|depe|nour|bo|e|dis
585|sheaf|e|bab|exa|benef|cro
586|bay|note|needl|co|bedch|depr
587|lo|labie|th|aut|cabba|su
588|fron|large|vic|marr|r|siz
589|lute|rupt|extir|c|garbd|miti
590|attai|na|pirat|licki|consc|sw
591|flame|anybo|rhod|com|fatal|aged
592|pleai|st|th|wa|rest|bri
593|tenwo|ni|affl|inwa|unki|lini
594|wor|oppr|excit|unt|cr|cake
595|gul|re|ca|mi|mu|thwa
596|ingra|tyi|in|brin|f|furla
597|ob|di|m|s|fre|rh
598|poo|arte|nobl|arc|down|gam
599|pot|en|bushy|cele|restr|nee
600|godhe|negl|u|over|uns|todp
601|env|mu|mal|j|bag|p
602|propo|alexa|de|th|brutu|co
603|seas|th|tib|waxu|gre|adve
604|remot|play|droop|s|what|ven
605|engua|inter|ne|debto|i|bec
606|aw|thou|f|w|taf|con
607|ver|sli|dar|le|tai|lank
608|nevi|sh|lovi|ordai|indu|att
609|carry|disa|lotf|trac|air|vi
610|conte|s|ensu|vaug|curb|lodgo
611|winno|esp|for|di|ap|t
612|all|esca|serve|sn|co|mil
613|speak|rey|pea|tr|malic|hea
614|goo|salu|poet|broo|egmad|cand
615|teno|bl|not|fri|fo|pres
616|publ|recon|fe|no|you|d
617|blus|dep|slee|seed|ru|mu
618|farth|heath|oppo|pon|b|erec
619|dece|mu|dil|templ|conf|j
620|win|consu|j|fru|thr|loa
621|una|brot|glide|here|work|ripe
622|linc|wi|domin|n|co|d
623|cunn|lu|dil|lagg|stu|forc
624|tragi|pur|unct|cud|pirat|und
625|wayw|comed|scra|be|weste|gra
626|rete|ma|inces|gisla|disp|wo
627|affli|pit|c|coh|worr|winks
628|driv|b|epic|ado|se|erro
629|brea|shoc|ba|c|be|coldn
630|na|tr|inkl|diz|wh|par
631|sub|wawl|blazo|r|propo|vene
632|adv|mag|rec|qui|c|feare
633|fan|rug|r|beg|carn|after
634|sap|avail|pugg|melu|pu|thisk
635|wea|supp|super|wra|der|p
636|agre|conc|cl|t|spa|pursu
637|bugc|exit|prai|l|sour|ith
638|arbi|urs|he|lif|inh|ber
639|step|chaos|ridi|conta|in|p
640|whe|surv|t|no|re|hap
641|fr|am|out|sixt|con|hald
642|parad|chri|foolb|re|hol|mend
643|non|mark|reme|blin|par|defia
644|desp|blu|pi|fate|m|untr
645|mast|bail|d|escap|m|buil
646|ado|milan|moy|ob|un|ins
647|eate|ma|pay|rhymo|brink|wo
648|ari|va|depec|int|curi|lo
649|vis|pe|minor|maj|pre|nei
650|gow|lark|ev|tente|im|tofor
651|will|sa|bi|mo|str|cri
652|lan|won|doth|ar|imp|tau
653|ounce|disro|penit|v|wo|lat
654|farm|misco|dim|hisp|ra|s
655|mer|st|tu|sp|pill|chai
656|blan|un|do|g|can|h
657|cape|ad|anten|rathe|st|ca
658|show|com|peer|ele|poli|writ
659|rest|bed|numbn|roge|sauc|c
660|winn|nu|t|ind|drunk|th
661|trac|lonel|fai|h|ung|rul
662|betra|inte|muni|gou|sco|rend
663|he|t|chick|r|stope|off
664|give|heed|grea|pla|ma|lea
665|la|bla|p|serv|lame|sw
666|has|s|aff|unti|firma|s
667|live|fa|arres|t|con|frog
668|bi|n|g|di|despi|sw
669|funda|calc|puddi|join|marg|ame
670|howli|ith|mus|mea|denay|ple
671|whi|surve|thi|rh|sc|mudap
672|pea|lamp|jul|setu|lin|bar
673|du|co|rui|chirr|p|contr
674|warm|pitif|sin|w|wh|pith
675|bendi|app|madam|capes|de|sli
676|recto|ro|fo|ding|sext|a
677|mithr|manne|too|di|bil|a
678|gau|pines|cami|va|na|ced
679|meres|be|sk|giv|ran|summ
680|buck|abo|di|grant|st|e
681|des|co|sp|p|r|tank
682|n|swoun|pa|trad|sha|fi
683|dori|dism|ro|fi|rape|phy
684|erra|re|onc|crim|no|kin
685|relia|a|gard|moa|aqua|bat
686|waked|viles|h|hear|por|re
687|unpi|addr|s|circ|p|for
688|dodg|whal|shame|enti|ab|pote
689|trad|tr|visa|co|fu|peas
690|fam|for|bon|chri|parri|dae
691|las|diamo|con|wak|ha|video
692|rov|not|ov|rej|s|dou
693|victo|re|dout|pl|g|pro
694|dwell|di|wrin|sca|r|ki
695|frant|co|go|ret|st|oils
696|lodge|drum|punk|quayp|doit|prop
697|stin|care|poth|pre|pub|pr
698|twe|ro|n|oppr|sho|hin
699|je|secr|view|bed|chu|rig
700|ly|slime|berr|life|blis|car
701|loc|b|advi|depe|la|deign
702|sen|no|hollo|joyr|s|r
703|kno|tha|brag|l|tru|engl
704|beh|jigg|gibe|coo|spin|mor
705|endu|tor|so|i|mate|procl
706|poi|dar|nea|oppo|qui|i
707|cler|stir|enq|m|decla|whe
708|cro|ar|h|ba|tyba|be
709|sayes|tilte|s|e|make|sli
710|plo|two|pe|don|honey|e
711|fi|cozu|bende|me|clim|pres
712|joh|extre|trium|amon|styx|re
713|sho|nobl|cove|mo|epicu|ti
714|hurri|har|exte|fa|p|pidu
715|rep|en|pu|p|th|ear
716|convo|flatt|knig|dis|lud|alexa
717|progr|vowe|thi|hack|not|un
718|coww|vagra|gar|wag|tau|hom
719|part|par|mat|tes|s|mess
720|band|ham|t|do|in|prop
721|shor|grov|wa|ra|ar|speci
722|bomba|al|ra|as|do|as
723|coina|acorn|hi|coo|says|dis
724|ph|ange|fitte|spea|ragge|fe
725|exp|wast|up|linge|v|stumb
726|repr|noi|ligh|ki|agess|se
727|ador|tra|sto|mons|var|ma
728|omn|para|dra|in|vi|u
729|pac|luci|ma|grap|n|unti
730|roars|verg|rem|cala|dizy|ga
731|knig|lik|smil|halt|last|woma
732|cre|endam|skil|br|falc|felle
733|rubyg|touc|far|amazo|deliv|ne
734|boar|w|choo|u|p|inj
735|souri|impa|maste|moef|lub|deliv
736|docto|char|for|mes|tr|ba
737|urg|ba|whate|wild|foo|a
738|bo|ens|s|plo|be|chan
739|bonds|a|pro|cres|tw|sp
740|nei|sim|co|untu|incu|imp
741|affa|tribu|kn|nimbl|p|pro
742|sel|prono|sp|sheep|fo|disso
743|thas|an|disp|ra|gain|boy
744|awooi|make|disco|str|tremb|cour
745|greek|p|di|a|qua|g
746|ext|wher|un|al|lik|bar
747|port|spa|forwa|ch|per|usel
748|masc|pra|u|at|serv|depen
749|red|p|de|wa|soo|prop
750|appre|flea|frank|whisp|whipt|sh
751|impli|a|fant|pr|desir|lon
752|nurs|beari|prou|man|eve|re
753|concl|lave|suga|jer|sorr|favou
754|nimb|p|contr|forti|fo|amo
755|va|floc|wea|pri|paw|z
756|hip|sol|pi|reve|shoo|frai
757|conq|g|p|con|rabb|spect
758|nob|boy|fid|loq|co|de
759|sepa|suf|sedit|b|u|drau
760|extr|fu|arm|bra|ga|th
761|thral|cow|ounc|limb|spi|str
762|dimin|sto|fee|s|embo|aft
763|east|o|em|de|clo|b
764|beas|de|ind|solid|didb|wa
765|bes|tru|disc|sulph|glo|requ
766|obse|ref|m|extr|bakp|garni
767|fra|ext|say|wr|m|entr
768|sim|unpur|fog|tr|dis|slai
769|onwar|fa|part|ban|hono|whit
770|pik|dec|zod|bian|cru|br
771|rebel|des|g|del|mode|wi
772|ato|diver|bet|defy|ra|acc
773|rosal|chu|squ|augme|e|drop
774|point|con|intr|iliu|openl|tro
775|bree|shipw|fond|p|stu|unm
776|muf|in|na|mau|ac|dain
777|perd|pre|tr|grad|hos|ric
778|snow|di|spou|rusti|e|b
779|chang|de|coas|poi|flyi|hele
780|hail|c|bez|enrol|pos|wh
781|begdi|mond|dr|cano|rou|arti
782|eggs|liv|j|c|e|c
783|swe|men|c|lath|be|pou
784|sie|t|soci|deed|thank|ch
785|folks|am|ac|de|oc|dem
786|aunts|bo|flun|gui|adul|m
787|bedla|sti|oc|war|labor|lo
788|pota|t|vexin|i|sin|ami
789|wiza|shif|alik|con|bera|inoc
790|tumbl|conju|plod|wh|din|coh
791|fowls|si|stumb|di|pos|thre
792|entr|sna|tai|sob|sic|the
793|sall|s|co|poww|admi|hel
794|slin|re|inwa|m|unsea|acc
795|oun|pic|duteo|ado|tro|wel
796|hear|str|po|ena|unl|br
797|shak|confe|su|bou|spin|je
798|cle|arme|su|no|mar|ra
799|wedge|inj|salti|skip|u|c
800|ever|f|surge|cas|remor|cha
801|gun|evide|con|stic|cro|su
802|diffi|d|wa|god|s|gulls
803|wh|dec|inv|exh|lan|aff
804|ur|unde|a|ma|gains|i
805|flat|mo|levie|ven|l|im
806|manif|thu|glou|livi|ever|trust
807|hymns|towg|cl|fuel|whirl|vo
808|ple|p|rem|c|si|ve
809|ce|disd|su|be|allow|nurs
810|unp|im|oded|puff|qu|da
811|touch|bl|im|li|ado|a
812|set|utte|stai|w|waite|leng
813|chara|in|unm|nutho|de|st
814|pap|gre|card|loos|p|r
815|blun|de|aqui|inkle|g|he
816|prai|thr|gamb|end|up|unpu
817|alba|slu|s|cock|fi|sel
818|cam|behe|spies|me|is|bath
819|send|re|h|b|doi|pr
820|name|shi|da|i|antre|ear
821|cont|m|zwag|exec|mit|att
822|dwe|d|tu|beeo|pres|rapi
823|turre|g|home|ha|overs|whin
824|there|pr|mon|comf|s|pe
825|never|tu|raz|ec|la|fl
826|arou|l|slu|pr|adva|enc
827|chi|mini|o|fr|pre|extr
828|prot|utter|tub|cus|il|ge
829|carv|drea|gu|unc|subd|brea
830|fant|be|sa|thr|mee|shedu
831|pug|des|dotar|phe|bene|swa
832|y|th|su|rec|atte|va
833|res|mont|bo|whol|ar|de
834|tri|bawc|soc|jaque|brav|carg
835|reput|allie|c|drums|c|whon
836|lu|moti|ves|pede|mad|pan
837|suedb|title|cont|bowl|write|stung
838|buy|ref|poe|la|pro|mel
839|weat|hil|waln|ac|carou|afr
840|grim|pto|di|cave|bood|hi
841|arriv|conc|je|ram|mouth|t
842|fears|majo|winde|unr|massy|at
843|bast|no|dall|gawd|homes|an
844|eve|im|trop|cl|ab|los
845|rome|reach|we|journ|jumpe|co
846|shoul|bedd|swe|oly|lau|sing
847|becko|domi|ba|mistr|sha|com
848|ba|bendw|splee|star|reekl|ni
849|pup|unge|seti|con|brok|couch
850|abrup|car|makes|rabb|p|clea
851|ava|d|dote|cabl|dr|uns
852|sis|iniq|pren|c|to|mi
853|plu|sq|sa|burgu|tak|a
854|turnc|nam|sc|weare|cho|re
855|gen|su|h|cr|hi|pole
856|nippl|enve|wor|ha|vi|iri
857|mach|lor|con|shea|carg|lu
858|parf|pla|w|tuck|manur|pe
859|rever|gr|pi|com|m|elep
860|elb|yar|rul|prou|tou|a
861|caro|ab|be|sw|he|s
862|cy|impl|mor|stai|d|las
863|deno|ru|fops|bri|ch|u
864|whel|de|phee|salle|edgs|co
865|sav|cami|per|vi|co|sud
866|eliz|ric|exti|no|wort|fa
867|pit|bruti|supe|a|ush|baff
868|ou|ple|r|arro|am|s
869|sull|be|accu|unbe|wetco|chou
870|jade|win|mist|gage|u|h
871|gover|lasti|clem|pat|pap|ente
872|pickl|man|to|w|rudeb|a
873|glutt|l|de|sch|verg|moi
874|tinc|slide|glaz|neig|egr|pl
875|abso|atti|coral|catli|tattl|cha
876|ar|angl|flan|novi|he|dear
877|benn|sail|sorro|con|ino|shee
878|purs|r|grat|go|st|hort
879|ton|colu|purg|vowe|ram|proc
880|filch|pea|shrub|ech|poth|need
881|chron|infe|flayb|d|pri|spaw
882|green|claud|nu|serv|merc|st
883|ess|app|mou|spaw|won|v
884|put|gr|resis|sou|rats|we
885|pee|be|unr|bee|re|short
886|tried|s|thank|u|ch|excu
887|cue|s|phr|triu|gar|s
888|mu|hap|go|adve|cu|ma
889|thou|for|s|go|b|ga
890|spoi|add|embr|gloo|leas|f
891|sugg|dis|vau|fre|port|drea
892|rem|s|re|ruth|ch|b
893|tuto|fel|pomps|ro|vani|att
894|foe|comm|com|prop|u|tappi
895|ast|al|oa|afl|t|ragin
896|clea|pur|ex|conc|mow|mi
897|of|af|orig|s|tame|a
898|hoof|mark|q|sacr|tra|terr
899|vaul|w|a|h|sta|flin
900|sport|gape|mer|inju|petit|da
901|than|messa|blub|co|la|l
902|enco|deat|f|bra|coa|adjac
903|sphe|sl|shop|sen|augme|fash
904|pren|meado|con|weap|onc|abbey
905|belc|s|pr|phi|fooli|b
906|bowe|dire|coll|bowed|clai|tro
907|pai|lo|fide|e|poth|bleac
908|vala|goes|ch|heavi|bo|diff
909|jeph|gear|unse|compa|bevym|st
910|shee|res|squ|gr|vin|tuf
911|merit|dr|co|rungd|hu|ge
912|at|globe|d|mel|forew|h
913|pres|warrs|trea|re|immo|libel
914|betr|br|eas|pe|abat|ta
915|fairs|bon|r|warrf|can|stanc
916|le|r|negli|he|expir|sent
917|less|eye|ign|holi|exped|rig
918|ruf|clote|f|dies|m|sup
919|parl|disme|te|gallo|ve|tard
920|begu|par|blea|rou|u|we
921|hulk|mour|u|q|h|rel
922|with|sc|r|po|kn|bedre
923|no|teat|disgu|v|c|cra
924|wit|w|upho|s|p|pl
925|avo|per|behav|wa|deno|coph
926|moun|ba|misp|yiel|pric|fo
927|abu|si|cur|mu|damp|town
928|unfe|ro|vow|vill|beat|cheap
929|wolv|tric|matr|ob|burn|prom
930|tru|chal|e|but|dis|c
931|aba|su|s|r|andro|inti
932|sau|talke|bi|s|fast|dee
933|equal|unfei|raz|cher|mar|char
934|ratt|lan|fle|dout|arr|vor
935|up|comba|or|idol|mal|porta
936|bread|s|e|ab|awa|chic
937|exe|cad|cont|sp|pa|mani
938|pep|mins|sesto|pro|s|ha
939|spe|mu|i|mov|host|me
940|rain|wi|pea|most|nec|stew
941|rav|ba|car|upris|supp|he
942|sto|tr|demi|ac|un|bo
943|intr|thorn|vile|f|la|bea
944|birt|acci|de|m|meddl|p
945|ant|rev|lan|be|delu|cl
946|val|si|me|cance|sh|sw
947|small|fai|conce|thys|mode|unw
948|drumm|pl|drop|fe|alli|passi
949|fou|fa|mend|spans|sle|aut
950|shou|cr|he|lift|thriv|knee
951|sif|privi|admi|exce|e|led
952|four|com|broca|l|bo|pa
953|rej|be|der|th|comp|star
954|cli|pow|fid|tow|prev|follo
955|ling|sac|adve|pri|sou|eg
956|agam|tr|s|di|u|mar
957|rou|duc|chi|bra|de|eden
958|inte|co|mamil|j|mill|k
959|fact|s|ship|she|thir|al
960|upr|expi|cael|mer|bal|in
961|reno|unw|cushi|inte|con|plur
962|harp|sch|y|st|desk|ful
963|divid|bo|sque|talen|cho|cont
964|acci|disg|owi|st|th|gropi
965|gest|be|merm|di|qu|gent
966|opp|fer|cu|tr|graye|whor
967|ru|oa|expec|mere|crit|bewe
968|br|s|tette|c|plent|fr
969|mus|ach|e|tr|mor|craf
970|cowa|hea|milk|m|cresc|hat
971|cata|gran|p|abh|t|c
972|load|fu|betwe|pr|obta|cano
973|vaun|sully|haw|fix|inscu|lepr
974|etern|b|co|rousi|h|cu
975|man|hamm|re|pi|ach|an
976|barin|high|oppor|so|vapor|sober
977|cele|reba|se|he|ew|s
978|carpe|ci|suppl|pa|un|circ
979|untru|unpos|veri|ergom|age|ensu
980|gue|rail|trad|mal|term|whit
981|inwar|pe|ravi|gains|prat|forfe
982|caiu|tenu|mis|trem|p|pease
983|ston|stan|thri|bow|ben|you
984|uns|a|ch|recov|pr|wi
985|qua|disca|ha|pound|cr|rea
986|daw|rest|hor|c|swi|str
987|ow|b|st|bo|sava|c
988|head|po|w|p|fruit|pr
989|here|d|kn|veri|cler|bris
990|plyb|op|bu|sold|pi|a
991|spr|sup|e|p|fe|rac
992|em|ver|ge|ma|hu|supp
993|tall|impu|unq|disc|whi|ca
994|pepp|assu|sn|coun|rh|be
995|slo|l|die|lesse|murt|dia
996|vic|s|mi|tu|u|reme
997|cond|gui|dab|lon|cad|exem
998|fru|sapp|cond|sk|t|ado
999|join|co|go|han|la|dar
1000|trot|b|goes|unlo|clou|knac
