1|exalt|purch
2|blubb|invit
3|odo|hor
4|ent|p
5|unpr|co
6|c|bea
7|a|sai
8|coxw|fal
9|sta|a
10|app|botc
11|cr|boy
12|tend|sl
13|o|hov
14|sh|offe
15|mi|vol
16|wear|dist
17|sylla|ca
18|hu|ho
19|hea|blo
20|ba|rid
21|wom|ete
22|rai|pri
23|wedn|ensco
24|re|cov
25|mor|suppl
26|dri|pomp
27|strum|gat
28|woun|thiev
29|sti|comm
30|di|lur
31|suns|ge
32|f|tic
33|bowed|str
34|get|rai
35|beha|gla
36|ant|hear
37|conc|kis
38|ocea|patr
39|free|co
40|mer|b
41|b|lestg
42|clam|last
43|un|comp
44|nail|verif
45|s|pe
46|try|re
47|link|ch
48|ubi|pri
49|pl|pr
50|senoy|apro
51|fle|br
52|bol|in
53|berr|wannp
54|bed|co
55|co|disg
56|loa|ful
57|adop|boa
58|taint|talk
59|car|bushy
60|hois|richn
61|tal|sh
62|weave|unnat
63|live|votar
64|vouc|con
65|pe|sle
66|stu|lad
67|knee|con
68|acc|pict
69|uncu|gra
70|blus|be
71|clamm|unw
72|mali|r
73|clapp|ov
74|go|d
75|se|tr
76|pu|deba
77|circ|m
78|wr|co
79|alte|p
80|brief|sul
81|far|f
82|ackn|pil
83|fau|bir
84|even|giddi
85|pill|in
86|dist|hosp
87|equ|crip
88|po|ol
89|lov|la
90|fe|adver
91|vani|un
92|mort|ra
93|part|sugg
94|st|c
95|butch|qua
96|sanct|d
97|blot|garm
98|obser|nod
99|ha|salti
100|troop|mes
101|var|outs
102|gra|po
103|dire|t
104|su|l
105|wolf|accu
106|rank|es
107|vigi|chr
108|bu|re
109|si|rega
110|chr|rave
111|forg|chol
112|appe|w
113|cater|sixte
114|t|pah
115|oy|prem
116|ste|nedl
117|la|ch
118|ni|gra
119|eav|wages
120|pot|b
121|rui|g
122|tra|unde
123|so|par
124|dis|ear
125|g|refu
126|ora|unev
127|etn|cher
128|dark|m
129|d|f
130|dec|opera
131|u|rea
132|inte|vaill
133|deepe|in
134|neck|bides
135|br|in
136|r|es
137|ho|co
138|over|slee
139|e|lea
140|boors|pi
141|w|se
142|mu|exe
143|unsh|s
144|disti|unlu
145|lan|bac
146|hicc|boxe
147|gar|ambus
148|mids|palms
149|tollu|peda
150|march|sup
151|phoen|bol
152|l|mi
153|spee|f
154|adm|m
155|dr|s
156|ur|wri
157|ale|mi
158|sun|ad
159|qu|l
160|par|da
161|comp|waft
162|esc|sib
163|tumul|eq
164|le|wed
165|tuc|qu
166|voic|e
167|rhap|ble
168|fo|wai
169|vell|bra
170|rig|colle
171|conte|to
172|ban|pe
173|be|v
174|dispe|arch
175|sati|ma
176|grac|tre
177|sp|s
178|ma|ca
179|bal|defi
180|dar|ung
181|wes|do
182|capar|barba
183|onwa|crie
184|flyi|ne
185|grum|felo
186|baks|co
187|infer|plan
188|mur|cha
189|cho|aff
190|cou|est
191|bran|poi
192|for|un
193|bode|clob
194|aea|veri
195|gl|decli
196|th|wa
197|anc|ar
198|wondr|robe
199|abso|vi
200|scour|carp
201|bree|d
202|flago|cro
203|str|thw
204|feats|f
205|paidc|sa
206|imagi|sti
207|obid|begot
208|pensi|f
209|baki|sad
210|espo|po
211|acrem|felon
212|will|h
213|east|stri
214|gui|s
215|remo|cri
216|hoof|for
217|weig|liby
218|drin|prop
219|suspe|adu
220|like|f
221|colo|fee
222|plo|unte
223|gall|gla
224|tha|mi
225|lad|con
226|tow|weapo
227|cre|ev
228|nib|pe
229|v|deput
230|was|refle
231|capab|wi
232|perf|subs
233|com|me
234|arr|fa
235|merr|pers
236|bott|marv
237|relia|obe
238|misgo|toolo
239|cull|angu
240|fai|thr
241|p|dr
242|egr|sea
243|prie|insi
244|longt|fopp
245|solem|n
246|exce|juggl
247|vow|bre
248|foo|sadn
249|name|ch
250|inf|mis
251|supe|succ
252|ta|desti
253|etcp|s
254|vent|o
255|jo|u
256|stee|gual
257|fi|co
258|her|sur
259|col|bunc
260|enco|gl
261|bo|eni
262|lea|inte
263|stock|unban
264|at|decay
265|repa|redee
266|aug|lu
267|que|a
268|na|fo
269|dep|da
270|grudg|pe
271|writ|tur
272|fl|d
273|cha|facil
274|ou|faul
275|cur|prot
276|inc|thre
277|ab|babbl
278|tru|wor
279|win|empal
280|copu|savou
281|mered|dowr
282|encou|s
283|fury|unrem
284|wi|soa
285|enti|ran
286|displ|m
287|gaves|iri
288|perju|hur
289|nerve|gi
290|keys|ro
291|caesa|rive
292|mutt|sine
293|ye|paris
294|cel|cas
295|foll|ca
296|prot|be
297|appoi|chao
298|ra|abri
299|.th|fe
300|he|got
301|drunk|enth
302|ah|la
303|divi|i
304|foi|si
305|bar|musi
306|slau|gravh
307|sat|ch
308|cu|unp
309|rep|met
310|tym|gui
311|rye|rese
312|er|sen
313|vesse|si
314|mal|brist
315|seats|islan
316|expr|e
317|pur|res
318|gel|summo
319|wre|free
320|on|u
321|med|sup
322|cir|ri
323|parti|di
324|tac|unp
325|fa|unco
326|regre|james
327|cl|beh
328|vict|abr
329|couch|pr
330|ch|r
331|thro|st
332|sil|divi
333|wh|a
334|rise|murd
335|biddi|plu
336|hear|i
337|sub|chara
338|pres|crea
339|tor|bemad
340|expe|yawni
341|reeki|tr
342|rung|dus
343|exc|rome
344|har|clim
345|sc|fl
346|conce|ou
347|fol|fla
348|ironr|sc
349|where|mira
350|enf|ely
351|out|bold
352|im|de
353|disp|chr
354|note|chou
355|gao|hur
356|pri|plum
357|tr|s
358|often|ta
359|lus|pri
360|con|groo
361|ru|pre
362|eye|che
363|joy|s
364|won|c
365|sto|vouc
366|indif|light
367|testy|st
368|pi|s
369|cordl|mo
370|dig|w
371|ro|unbr
372|hum|vig
373|hies|cl
374|shed|allo
375|vi|a
376|not|susp
377|poli|in
378|bl|obs
379|dad|c
380|nex|de
381|mice|expo
382|in|una
383|move|accu
384|fla|g
385|week|ke
386|per|spaw
387|rib|con
388|what|stri
389|accou|i
390|gips|sci
391|pulpi|ma
392|manag|ran
393|h|p
394|gov|n
395|def|c
396|je|gri
397|ri|a
398|purg|hea
399|chanc|collu
400|dau|ferre
401|power|live
402|tabo|f
403|ca|h
404|rem|di
405|foxes|wind
406|gr|d
407|love|sca
408|naked|w
409|ut|hal
410|fr|nar
411|te|lend
412|logg|os
413|pol|cur
414|half|conf
415|coug|mil
416|vol|ours
417|rud|pal
418|en|sh
419|harm|dau
420|prog|com
421|affe|sta
422|va|ho
423|bakp|impa
424|drow|hoo
425|descr|gorg
426|favo|int
427|rip|shoul
428|cont|n
429|geli|perus
430|qua|co
431|poin|tirg
432|dalli|nonag
433|unque|boug
434|henc|un
435|jep|barkt
436|uncon|needl
437|clien|sle
438|rec|obey
439|blaz|ai
440|mis|fac
441|twig|jes
442|who|meetr
443|mar|bas
444|de|top
445|realm|int
446|jumpq|vents
447|flaw|who
448|drug|h
449|deter|co
450|jacob|mer
451|salu|pen
452|pure|rem
453|ga|cha
454|ki|high
455|hel|halb
456|latt|pres
457|holi|reb
458|clos|hat
459|che|pomm
460|nub|s
461|ac|ma
462|read|aspic
463|stam|cu
464|hemp|naywa
465|una|d
466|lo|flus
467|fanc|viole
468|stand|main
469|infi|casem
470|ne|stri
471|fee|be
472|crus|shado
473|overs|grow
474|godso|prop
475|n|heref
476|toaz|inv
477|shrou|sup
478|sieve|cru
479|al|ar
480|ind|ac
481|ya|atte
482|wea|cond
483|ad|fa
484|goodl|pro
485|trea|loss
486|ge|co
487|liv|fit
488|oun|lea
489|min|so
490|oppos|drabb
491|visi|flo
492|unc|talke
493|ar|p
494|vio|da
495|entr|fume
496|du|no
497|fisn|go
498|dee|trav
499|heir|hoard
500|hatha|diss
501|sting|slip
502|pathd|caper
503|deig|una
504|lux|c
505|unl|swo
506|alta|tr
507|tally|troya
508|es|sup
509|ense|dis
510|beste|disa
511|prove|e
512|fool|sonn
513|spl|im
514|serve|ca
515|ker|deso
516|fleer|bawdy
517|tum|expr
518|rebe|heml
519|item|lendd
520|winn|slip
521|bewee|bea
522|mult|p
523|i|tartr
524|plain|six
525|verba|usur
526|me|sp
527|dru|up
528|horn|bar
529|liege|oppo
530|ful|l
531|dir|ci
532|sum|ex
533|braz|in
534|turl|lass
535|thy|r
536|becom|va
537|alli|su
538|bla|quip
539|skye|cro
540|untun|u
541|nerv|ri
542|phoeb|teet
543|pass|hard
544|woem|crow
545|tem|coo
546|k|unsig
547|sli|e
548|vigo|impr
549|unta|bevyp
550|expen|hook
551|madne|scen
552|motl|stat
553|rebuk|loat
554|procl|cu
555|wit|bra
556|pli|pr
557|tip|on
558|da|sep
559|unbel|fann
560|bull|l
561|offer|c
562|thr|cen
563|uns|r
564|depa|flo
565|stun|banis
566|merc|la
567|rebu|refl
568|testi|pa
569|misa|jo
570|abom|in
571|plu|yell
572|perso|ent
573|cash|me
574|tull|te
575|m|bes
576|man|respi
577|trot|spo
578|rude|ap
579|stage|hel
580|an|du
581|pasti|i
582|envy|a
583|reas|suff
584|toss|ven
585|amb|trea
586|grat|hal
587|keen|n
588|pr|auda
589|regr|di
590|spe|s
591|rev|cra
592|lolli|loanc
593|map|mys
594|fu|sn
595|found|best
596|zene|sub
597|ropes|i
598|ter|rej
599|sw|po
600|awa|mus
601|ex|app
602|propo|unche
603|shif|wh
604|dast|marty
605|inve|h
606|fear|ret
607|acco|sam
608|des|cauc
609|betr|nu
610|lard|bl
611|cures|r
612|groat|l
613|hand|st
614|bedr|h
615|eva|disp
616|fard|tr
617|wells|g
618|fumb|merl
619|aco|fear
620|gil|as
621|unwr|t
622|laurt|pecu
623|sits|sta
624|obs|ple
625|bedfe|pre
626|time|i
627|eleph|m
628|pal|weakn
629|ce|spar
630|seaso|boun
631|ove|gentl
632|eve|ides
633|fos|contr
634|limed|mi
635|lame|ush
636|begui|despo
637|pewu|human
638|yiel|di
639|steel|pr
640|fame|n
641|kind|hou
642|grie|panda
643|apem|coac
644|mine|inde
645|woodc|incur
646|boltf|grey
647|ap|proc
648|vic|amen
649|sq|shea
650|smac|free
651|li|gen
652|sa|cr
653|pa|reh
654|aims|sl
655|mann|unti
656|les|b
657|savo|un
658|enthr|handl
659|rare|bedd
660|round|ch
661|cani|hel
662|smoo|da
663|awem|marg
664|earth|eiec
665|darl|comf
666|scr|a
667|bles|mew
668|despi|cro
669|cro|mood
670|suff|fello
671|junoa|impio
672|heri|iro
673|blowe|tett
674|gage|st
675|mea|stag
676|priv|pr
677|resp|il
678|to|ve
679|combi|hoist
680|ber|p
681|dawn|specu
682|tui|fal
683|ay|p
684|unpru|lia
685|chit|spur
686|tria|dis
687|vowe|f
688|ital|frai
689|rap|quond
690|coop|anyt
691|chew|esp
692|gilb|main
693|hil|no
694|valui|plu
695|razm|ba
696|daw|dem
697|ke|dece
698|sand|at
699|dash|har
700|gen|fett
701|bea|una
702|dizz|re
703|bete|tur
704|arnp|tu
705|rav|foot
706|doit|lan
707|tea|cou
708|neckl|c
709|ple|col
710|sev|be
711|phe|impa
712|num|po
713|wa|soun
714|shall|a
715|howe|we
716|bisho|ma
717|alcid|wh
718|ric|harm
719|watch|pr
720|cla|amp
721|thith|lab
722|exhi|god
723|sca|roar
724|sn|po
725|all|har
726|disco|uncr
727|bel|c
728|unt|lat
729|unge|as
730|as|when
731|iss|orph
732|opp|unco
733|unf|sid
734|ref|skit
735|gu|wee
736|stea|aff
737|appet|str
738|shy|ro
739|lotad|low
740|butl|diss
741|trib|tur
742|ve|nur
743|tri|presc
744|us|surna
745|bath|coff
746|oa|unm
747|boo|ite
748|puri|s
749|seve|dou
750|zo|cons
751|riot|d
752|rampi|cit
753|peop|teet
754|no|achi
755|whist|cuck
756|play|quint
757|sail|sta
758|of|writ
759|tunsj|ben
760|ouibr|ordi
761|forge|dye
762|step|unpeo
763|unju|wear
764|res|g
765|gallc|a
766|tory|dish
767|pla|a
768|rogu|ba
769|unlaw|ma
770|ju|rosf
771|tremo|p
772|woolb|ho
773|ponia|s
774|vizo|even
775|few|u
776|cer|rea
777|cumbl|sovis
778|tumb|sco
779|tot|barb
780|murt|equ
781|dece|fu
782|athw|c
783|prope|un
784|norwe|men
785|outj|c
786|lips|hu
787|reti|enact
788|brav|fees
789|deci|star
790|chudc|urg
791|unbe|spe
792|urget|lov
793|rage|oc
794|sick|fairw
795|mo|toys
796|jerk|dis
797|ja|unl
798|somet|exte
799|enc|p
800|windi|go
801|geese|del
802|bootl|donnm
803|yeom|d
804|gal|w
805|insp|tol
806|suc|cor
807|empt|pa
808|ragge|whee
809|pilg|li
810|pren|str
811|defi|repul
812|boun|chick
813|steep|an
814|bepa|fe
815|lastc|fo
816|int|leisu
817|meadc|wi
818|damna|de
819|yok|ea
820|test|exp
821|satep|mil
822|iden|deat
823|delig|sa
824|crue|e
825|cent|div
826|adjo|per
827|tap|run
828|resi|pla
829|prae|dura
830|mumha|th
831|twosp|titus
832|enme|qu
833|clo|tri
834|hida|fixt
835|hyd|shif
836|fami|augu
837|humes|clea
838|lovel|quip
839|cryp|nio
840|ed|ti
841|blac|fam
842|id|forme
843|art|br
844|basn|cr
845|mete|goff
846|mith|stop
847|indu|dan
848|lev|stalk
849|goot|infe
850|exasp|sa
851|serv|giv
852|sewer|rotd
853|imp|ho
854|pun|vi
855|hur|car
856|franv|moe
857|unle|co
858|swo|parc
859|statu|di
860|red|pru
861|cons|c
862|jea|sei
863|adv|toas
864|gri|bel
865|hudd|ruler
866|fur|d
867|infu|denso
868|sect|cade
869|agon|mang
870|blame|sp
871|encr|core
872|os|deane
873|overl|mostj
874|squi|ap
875|swor|he
876|ush|gl
877|fra|nouri
878|cypre|stea
879|unha|matc
880|debi|kin
881|civ|r
882|inv|c
883|ble|s
884|sot|fanta
885|ext|lea
886|allc|sta
887|cavi|ev
888|nowhe|chr
889|chri|laud
890|maso|g
891|lions|prod
892|sl|di
893|doubl|coldc
894|vilen|filth
895|lack|thr
896|shee|busi
897|lut|sweet
898|succ|upli
899|swee|atta
900|juge|bout
901|hyp|ar
902|ripe|salve
903|mudd|prot
904|gor|unp
905|throm|pe
906|gi|e
907|indi|th
908|smo|gr
909|gout|infi
910|bowd|flag
911|ep|co
912|cram|witt
913|inevi|froze
914|rej|fi
915|chi|endle
916|vo|mard
917|nec|joint
918|caiu|unc
919|dive|hows
920|dil|conf
921|sup|r
922|wher|drag
923|jade|comb
924|bur|blood
925|life|fi
926|neut|arche
927|pra|rec
928|buz|voya
929|isla|d
930|obj|w
931|there|gorsh
932|whipt|haps
933|benu|dis
934|rive|st
935|razi|dart
936|wad|shuff
937|barb|def
938|eff|ref
939|vali|pro
940|keepe|s
941|thic|spon
942|coin|hea
943|godd|c
944|ewe|con
945|erud|do
946|spilt|rut
947|del|merr
948|terme|cates
949|culp|fee
950|ph|filth
951|kite|co
952|achi|diss
953|bat|boli
954|unfor|saili
955|sig|look
956|ensui|sal
957|palme|opul
958|reca|un
959|fut|phe
960|betw|re
961|resc|cour
962|sess|ble
963|cae|dif
964|dea|co
965|arg|c
966|thin|prese
967|hai|senat
968|eth|sw
969|wait|par
970|bew|swea
971|appr|ween
972|fet|pin
973|fans|le
974|arti|gos
975|waryg|fac
976|gut|labou
977|lege|en
978|must|sourc
979|rail|p
980|ala|gu
981|titus|hu
982|undu|mar
983|unre|unres
984|nunn|mend
985|winki|merri
986|nod|vir
987|beh|w
988|parc|bigot
989|tib|b
990|gobbe|supe
991|fre|v
992|pap|fr
993|j|stone
994|copi|st
995|sensi|me
996|we|i
997|curat|j
998|fea|im
999|thems|broac
1000|spr|galet
1001|prec|palt
1002|ita|for
1003|swe|chan
1004|fli|im
1005|uncl|res
1006|late|go
1007|gru|hide
1008|stone|b
1009|medit|att
1010|awe|pu
1011|quea|co
1012|mem|t
1013|outc|st
1014|tongu|baw
1015|birth|sitla
1016|nell|p
1017|hawkk|end
1018|debas|stom
1019|rey|unwo
1020|capta|scrip
1021|accum|sc
1022|feat|ha
1023|unca|sack
1024|pre|ta
1025|tre|su
1026|beg|wan
1027|vowed|po
1028|cri|nois
1029|pan|stuf
1030|rend|mo
1031|envio|minc
1032|pebb|mir
1033|exa|repl
1034|justn|no
1035|ens|c
1036|path|assu
1037|fire|allt
1038|deli|dear
1039|ouph|scar
1040|seeki|repu
1041|tho|ret
1042|horo|nextd
1043|furt|goa
1044|coup|ine
1045|agree|fidd
1046|maj|cha
1047|san|glo
1048|turf|turn
1049|brib|mona
1050|rid|bet
1051|saws|lispe
1052|immed|high
1053|dif|fin
1054|nig|an
1055|upli|warri
1056|off|ac
1057|misc|prov
1058|lear|potfa
1059|temps|mus
1060|ski|lack
1061|varn|piam
1062|outf|thr
1063|repr|wh
1064|termu|quo
1065|saun|plent
1066|watc|fea
1067|cree|ba
1068|light|laysa
1069|alepp|supr
1070|heig|o
1071|macu|excur
1072|q|large
1073|dispu|pump
1074|defe|th
1075|spar|ba
1076|eveni|appe
1077|kn|bo
1078|dani|chan
1079|wou|duell
1080|adve|uns
1081|pro|brayh
1082|hour|tart
1083|esqu|tr
1084|unde|ta
1085|cloud|z
1086|orbs|villa
1087|becko|s
1088|two|m
1089|unliv|enfo
1090|pat|intim
1091|hen|imit
1092|smi|di
1093|vomi|woode
1094|bound|sums
1095|jowls|r
1096|ensn|for
1097|rew|af
1098|unr|dap
1099|opini|ind
1100|smack|prep
1101|hid|fier
1102|exh|e
1103|angst|can
1104|bagsa|tro
1105|begi|vicio
1106|cante|ac
1107|recre|du
1108|gre|ev
1109|join|unex
1110|unwor|exc
1111|pow|de
1112|dei|com
1113|chudt|unsi
1114|unpur|scab
1115|pil|tru
1116|den|parol
1117|sur|utter
1118|sco|b
1119|men|hu
1120|ball|scot
1121|yield|ni
1122|ren|do
1123|neg|than
1124|pear|g
1125|fil|burg
1126|roma|depr
1127|proo|trage
1128|lim|lur
1129|aqua|s
1130|knit|real
1131|rum|cro
1132|sin|sha
1133|subsc|d
1134|ship|eff
1135|wip|lavi
1136|devi|mop
1137|cau|d
1138|impo|fa
1139|chudb|goers
1140|reap|bea
1141|drun|exp
1142|brai|conv
1143|enda|world
1144|bish|au
1145|prod|cl
1146|deal|ravi
1147|van|p
1148|chal|disp
1149|quoni|canc
1150|chide|be
1151|gon|d
1152|whea|rub
1153|the|ac
1154|lau|wed
1155|pen|sup
1156|tige|cu
1157|disd|inc
1158|shi|te
1159|rind|c
1160|reve|te
1161|elbow|maint
1162|cankc|dece
1163|repul|r
1164|twe|c
1165|beau|wardb
1166|cea|embo
1167|harks|gre
1168|val|dis
1169|see|des
1170|por|up
1171|juggl|vanta
1172|rel|like
1173|bai|marl
1174|bak|welki
1175|whis|sch
1176|confi|sooth
1177|criti|unbi
1178|reek|cr
1179|jest|foun
1180|disc|ph
1181|frig|unsw
1182|el|ba
1183|adver|co
1184|nere|miss
1185|forat|su
1186|do|cucko
1187|chall|pr
1188|diffe|educ
1189|vaca|d
1190|laz|repro
1191|beli|w
1192|wrat|im
1193|noti|ri
1194|provo|mur
1195|bli|ballo
1196|unfe|forc
1197|lamb|dev
1198|ti|li
1199|sanc|pr
1200|net|prai
1201|degen|admo
1202|or|jeth
1203|envi|pr
1204|avo|pia
1205|gagin|a
1206|fann|r
1207|dot|yel
1208|gul|worl
1209|tran|comp
1210|gorg|co
1211|than|smoth
1212|tram|resu
1213|glist|opp
1214|lose|hi
1215|absta|aer
1216|soft|sc
1217|grisl|p
1218|hap|wa
1219|scurr|inh
1220|sapi|gel
1221|plots|gna
1222|passi|co
1223|jour|cogn
1224|cerem|cha
1225|refre|act
1226|erran|vi
1227|levy|swal
1228|unan|ince
1229|spea|f
1230|rat|buf
1231|chie|mis
1232|nes|uncon
1233|soa|un
1234|stif|app
1235|dow|popp
1236|blis|ou
1237|pto|move
1238|pad|app
1239|whit|o
1240|disca|eveni
1241|agues|pedl
1242|occas|th
1243|phan|e
1244|coh|trag
1245|sai|owed
1246|kee|u
1247|lig|forsp
1248|up|plau
1249|unfi|chast
1250|tough|tri
1251|unto|doz
1252|gros|smar
1253|howb|cor
1254|loc|him
1255|imper|beeny
1256|tookb|tit
1257|recan|churc
1258|bit|bes
1259|eatco|wagsp
1260|true|appr
1261|good|orkco
1262|mode|mot
1263|vapo|glo
1264|guil|ret
1265|inl|ador
1266|lab|subo
1267|lam|de
1268|pocky|imp
1269|conve|wou
1270|strif|parl
1271|panda|charn
1272|regul|indu
1273|mai|por
1274|fana|we
1275|nun|tra
1276|viza|dove
1277|geffr|veng
1278|fri|adv
1279|rewa|ent
1280|neede|ty
1281|end|ho
1282|via|lean
1283|mutua|v
1284|barn|un
1285|spit|fles
1286|circl|ti
1287|emb|fer
1288|royni|ro
1289|cas|bobt
1290|ulce|tar
1291|jeop|s
1292|alle|cau
1293|ung|lift
1294|fran|right
1295|lawf|evas
1296|fews|ran
1297|betra|unho
1298|rushd|em
1299|em|thi
1300|eats|mo
1301|sop|less
1302|ob|smo
1303|arith|hoa
1304|erri|rese
1305|alls|di
1306|fain|leave
1307|lawns|for
1308|bes|ac
1309|genit|me
1310|ance|des
1311|tres|dila
1312|mono|or
1313|ride|der
1314|phi|capon
1315|pipi|go
1316|pedan|spa
1317|eiet|spri
1318|upwa|aff
1319|mist|proph
1320|vesp|aven
1321|grai|co
1322|court|woosr
1323|stir|m
1324|manl|pream
1325|prep|miner
1326|abu|sc
1327|untr|gyv
1328|pigmy|d
1329|gad|in
1330|cand|bl
1331|sme|fop
1332|clepe|re
1333|han|tat
1334|pos|t
1335|reco|poor
1336|surf|u
1337|lowne|ap
1338|sus|im
1339|seed|d
1340|lend|br
1341|prime|cudge
1342|enw|dea
1343|mess|ea
1344|commi|cod
1345|sm|bu
1346|mat|ob
1347|gin|powe
1348|ag|guidi
1349|cheer|lech
1350|foeen|plac
1351|acti|arr
1352|await|dild
1353|owed|supe
1354|teem|una
1355|sens|co
1356|purrc|in
1357|impl|place
1358|appa|ever
1359|woo|ro
1360|y|wh
1361|pet|supsl
1362|conv|illop
1363|theo|ram
1364|hon|rep
1365|simpl|expir
1366|woful|tre
1367|ratt|copp
1368|is|dr
1369|aban|wa
1370|char|l
1371|am|rem
1372|bou|defin
1373|bru|thin
1374|spur|pri
1375|hav|pr
1376|openi|co
1377|inha|pri
1378|basi|u
1379|zoun|p
1380|storm|feet
1381|unh|th
1382|adju|win
1383|raven|glas
1384|emhr|vorjo
1385|maste|rest
1386|until|c
1387|hurts|fourt
1388|bul|se
1389|gua|pla
1390|mend|luxur
1391|phile|a
1392|nay|cop
1393|ran|gu
1394|mau|goo
1395|clare|y
1396|ise|hi
1397|lethe|s
1398|sol|rai
1399|tendi|stone
1400|impat|sh
1401|shou|musta
1402|vacan|servi
1403|whe|hu
1404|fals|sur
1405|bas|un
1406|hie|ugli
1407|paw|targ
1408|trust|na
1409|nip|musta
1410|pau|suf
1411|atte|o
1412|cal|c
1413|tu|gna
1414|dams|bar
1415|quaer|q
1416|jaun|i
1417|lodgi|prac
1418|ali|bodi
1419|af|woul
1420|prof|fri
1421|sues|unl
1422|fir|rec
1423|pert|hu
1424|bast|poiso
1425|star|weare
1426|mys|h
1427|obst|buy
1428|sho|li
1429|mona|se
1430|moed|t
1431|luna|c
1432|fit|ow
1433|smite|el
1434|bus|atte
1435|frank|mild
1436|aur|ind
1437|hungr|band
1438|vagro|lag
1439|maggo|ho
1440|taug|wiped
1441|shov|thi
1442|bonn|uncur
1443|jourd|phant
1444|plod|fini
1445|powe|servi
1446|specu|ma
1447|hayb|peltf
1448|musi|u
1449|laps|re
1450|beq|wigh
1451|goo|unlet
1452|elo|haugh
1453|less|e
1454|swea|cop
1455|ceas|taste
1456|lurks|batt
1457|whose|care
1458|frigh|beck
1459|seeun|invad
1460|bucku|ch
1461|pilef|dus
1462|targe|e
1463|sout|asha
1464|soli|go
1465|vaga|be
1466|bold|appro
1467|vala|med
1468|cov|assig
1469|hem|lydi
1470|snea|unma
1471|bakes|a
1472|dul|ve
1473|pace|se
1474|ome|sta
1475|rece|feat
1476|benvo|ins
1477|jaqu|mu
1478|destr|uns
1479|sudd|s
1480|canon|wa
1481|ordi|mi
1482|mag|ang
1483|nob|wolve
1484|abo|tre
1485|dolp|adam
1486|whol|e
1487|efte|q
1488|unct|chris
1489|his|rumi
1490|limit|str
1491|toler|p
1492|fan|sco
1493|care|for
1494|retur|expe
1495|fing|a
1496|blab|accu
1497|learn|conf
1498|swa|usu
1499|unn|go
1500|vaisf|c
1501|pio|quill
1502|shoul|pr
1503|abili|dr
1504|tur|crust
1505|gree|udg
1506|midd|alo
1507|joyt|hea
1508|tw|vigit
1509|eb|pre
1510|nour|busi
1511|lucre|lo
1512|hollo|an
1513|etern|brace
1514|lawnr|bo
1515|meagr|sl
1516|teari|c
1517|leave|kibe
1518|hoo|de
1519|epit|sess
1520|blast|roa
1521|daunt|no
1522|iras|smoth
1523|fas|bogp
1524|soo|st
1525|enem|fe
1526|lou|trave
1527|agam|qu
1528|newe|sc
1529|euro|gir
1530|masts|den
1531|stay|cl
1532|tisve|cav
1533|unla|pi
1534|une|slau
1535|passa|crea
1536|nu|pat
1537|pois|lea
1538|mutes|forc
1539|wol|des
1540|ord|equal
1541|skyi|pe
1542|unco|reg
1543|holpo|cogn
1544|rust|mo
1545|sen|noyan
1546|detes|ma
1547|recom|str
1548|mont|tru
1549|oct|weep
1550|bale|seduc
1551|om|li
1552|cyn|s
1553|roya|wrin
1554|flu|d
1555|frenc|da
1556|dare|spok
1557|danc|g
1558|torto|arm
1559|frog|pre
1560|guard|w
1561|advan|resol
1562|princ|r
1563|hilt|pon
1564|hed|re
1565|lowtr|sp
1566|shri|race
1567|poor|bir
1568|consu|rank
1569|enve|obey
1570|roas|e
1571|lac|anth
1572|lead|long
1573|roa|comp
1574|mit|repu
1575|smat|lo
1576|raz|lea
1577|temp|stu
1578|irre|furn
1579|grand|he
1580|lava|cel
1581|lamo|af
1582|hurdl|va
1583|bled|dep
1584|bri|grie
1585|tut|net
1586|sugr|mar
1587|post|ind
1588|shap|ad
1589|alm|mid
1590|hild|por
1591|bra|sam
1592|spin|lot
1593|ghos|de
1594|rams|un
1595|jeal|obse
1596|tinke|unmu
1597|cinc|ext
1598|twa|cr
1599|draw|b
1600|buff|wight
1601|aimsm|de
1602|filt|gorg
1603|pref|orkc
1604|letl|c
1605|dungh|c
1606|imm|thor
1607|bi|pr
1608|crim|n
1609|wo|wring
1610|dostp|exch
1611|distu|bra
1612|allo|cl
1613|bajaz|super
1614|crea|awful
1615|wor|furr
1616|world|unpru
1617|bui|sta
1618|compa|fum
1619|venue|ste
1620|comf|magn
1621|batt|adul
1622|bad|cho
1623|poss|wh
1624|rea|b
1625|surv|pared
1626|deu|cann
1627|hidth|respe
1628|vagr|chid
1629|flex|chap
1630|ree|su
1631|frame|deli
1632|symp|jew
1633|soun|un
1634|kib|go
1635|pac|tra
1636|unres|wiv
1637|drea|s
1638|det|sacr
1639|deed|g
1640|buck|har
1641|offe|mis
1642|cor|short
1643|prov|perso
1644|date|conv
1645|zeal|belda
1646|unga|pen
1647|invu|di
1648|topsh|sp
1649|issu|comp
1650|benef|al
1651|war|po
1652|otto|o
1653|ang|reech
1654|magn|te
1655|esco|l
1656|bark|drea
1657|syno|shou
1658|trac|sluts
1659|quid|acut
1660|zed|fence
1661|too|c
1662|fis|faceg
1663|loosr|lumpr
1664|rema|lo
1665|sla|stu
1666|crut|chi
1667|blo|er
1668|rest|blus
1669|alci|tra
1670|leo|pet
1671|diffs|am
1672|addre|ama
1673|perpl|sym
1674|doub|no
1675|child|pr
1676|pind|re
1677|ebon|kno
1678|tuit|cl
1679|hect|di
1680|toke|com
1681|sou|i
1682|rhe|perm
1683|abj|sk
1684|rook|allo
1685|cat|avoi
1686|full|wher
1687|docto|unfr
1688|bear|asl
1689|pins|cap
1690|cred|unpre
1691|denou|os
1692|ser|b
1693|amids|sphe
1694|petra|swits
1695|older|chop
1696|lapr|le
1697|frien|dietp
1698|ot|wayw
1699|eng|hi
1700|herbs|co
1701|vant|del
1702|buri|illu
1703|met|prin
1704|lang|be
1705|berri|fe
1706|total|rav
1707|pagea|cr
1708|alo|ga
1709|ess|bakes
1710|thurs|antiq
1711|assl|p
1712|lilie|p
1713|stak|endur
1714|miss|man
1715|caps|c
1716|tee|inte
1717|soon|rumin
1718|vore|spel
1719|oeuv|poi
1720|revea|pe
1721|lopre|no
1722|mad|reve
1723|stra|eith
1724|thri|sh
1725|meth|shi
1726|marc|sha
1727|grow|d
1728|expec|st
1729|sinne|ap
1730|kneea|bo
1731|foun|seve
1732|prit|letl
1733|assu|sup
1734|cond|gu
1735|villi|mo
1736|diabl|par
1737|muzz|e
1738|supp|allo
1739|sole|di
1740|discl|prof
1741|leav|ramm
1742|evi|repl
1743|rub|ch
1744|you|choo
1745|trad|abe
1746|advis|tr
1747|tree|cha
1748|ples|to
1749|killi|fort
1750|abys|dis
1751|trus|unfo
1752|unrec|mo
1753|mon|re
1754|topp|preci
1755|hug|cou
1756|subt|sirsi
1757|sk|cha
1758|brew|g
1759|seasi|d
1760|acci|gulf
1761|jol|heret
1762|klll|wren
1763|mil|so
1764|epic|na
1765|congr|wood
1766|farr|inv
1767|addl|wr
1768|fei|shea
1769|luck|sk
1770|home|c
1771|au|ob
1772|inh|wa
1773|noon|pr
1774|exac|pa
1775|sor|wo
1776|boil|pud
1777|scen|hous
1778|varle|soecl
1779|cran|me
1780|urges|le
1781|contr|re
1782|mami|chi
1783|unma|f
1784|lun|armym
1785|kno|smo
1786|plut|wri
1787|mini|repo
1788|labou|carri
1789|drink|go
1790|whi|go
1791|profi|bloc
1792|jus|with
1793|sard|coro
1794|jig|seld
1795|admi|cr
1796|towe|oeil
1797|hott|br
1798|bent|puf
1799|obse|fe
1800|draws|ha
1801|trim|co
1802|swim|yewi
1803|privy|mer
1804|awful|ponti
1805|pove|la
1806|river|dast
1807|lew|bran
1808|pedl|go
1809|asso|bundl
1810|pis|sc
1811|impaw|enla
1812|div|d
1813|bic|wags
1814|robe|com
1815|wri|ra
1816|cord|b
1817|tippl|pa
1818|vel|hear
1819|endan|dowr
1820|ci|tickl
1821|hides|bri
1822|wir|hand
1823|lie|bor
1824|tuesd|va
1825|gna|chi
1826|woei|fo
1827|wha|belo
1828|male|gran
1829|bede|ab
1830|fles|sec
1831|exte|cano
1832|titin|mi
1833|plas|no
1834|caud|m
1835|wast|love
1836|ow|unre
1837|cana|gain
1838|almi|par
1839|avai|phar
1840|line|thir
1841|decem|excu
1842|credi|q
1843|dou|pa
1844|unp|home
1845|enth|apolo
1846|lye|ursc
1847|prosc|tru
1848|cabl|ren
1849|rac|hal
1850|huju|gna
1851|perp|w
1852|regu|sw
1853|beget|be
1854|babi|bl
1855|tril|mou
1856|coro|an
1857|bene|greec
1858|untim|f
1859|sple|prot
1860|vir|usur
1861|wres|de
1862|heart|blin
1863|bet|a
1864|birds|so
1865|ince|wa
1866|excr|nagu
1867|moul|l
1868|cens|c
1869|reb|ulc
1870|sinn|r
1871|schol|v
1872|bagg|waspp
1873|joyco|s
1874|myn|s
1875|revi|resp
1876|noi|prodi
1877|wipee|quak
1878|nobl|car
1879|wort|coun
1880|dete|stal
1881|sak|sho
1882|slu|s
1883|bobha|abrog
1884|likel|thr
1885|org|ado
1886|afor|agu
1887|gill|pa
1888|cripp|pen
1889|refu|flatt
1890|sav|mu
1891|thor|s
1892|misp|irons
1893|fal|flore
1894|pour|ta
1895|lawl|s
1896|unex|prat
1897|lamm|eng
1898|imi|ve
1899|wrest|abh
1900|hurt|array
1901|speak|off
1902|desp|de
1903|dal|se
1904|vaum|doctr
1905|apol|bl
1906|dam|d
1907|britt|bes
1908|pipp|baks
1909|tub|p
1910|conti|flat
1911|birc|hea
1912|deser|ann
1913|op|gi
1914|mots|pub
1915|legs|rog
1916|ins|pre
1917|reser|sur
1918|pige|sit
1919|dinn|gent
1920|bem|gazer
1921|cap|fatho
1922|poi|tra
1923|ador|cr
1924|dilat|br
1925|torei|cape
1926|seam|body
1927|law|clo
1928|pudd|nea
1929|argal|blan
1930|elb|br
1931|conni|go
1932|inst|co
1933|stabl|purr
1934|adva|enra
1935|leche|va
1936|cyp|rive
1937|tour|woo
1938|yie|wit
1939|fac|hoa
1940|patc|cas
1941|kna|t
1942|spa|dig
1943|jou|unpr
1944|fant|li
1945|coi|whe
1946|lusc|gal
1947|spre|damn
1948|diam|jaws
1949|black|dis
1950|angel|catap
1951|thank|ad
1952|ordin|w
1953|bitsc|t
1954|ami|offe
1955|prolo|ba
1956|fick|unac
1957|kin|sh
1958|disa|fri
1959|mec|pluri
1960|slig|la
1961|prob|pre
1962|irish|lik
1963|vid|venue
1964|touc|rob
1965|qual|mil
1966|quar|du
1967|gro|pat
1968|frui|abho
1969|deca|count
1970|cric|smock
1971|dang|fo
1972|use|moun
1973|liep|strik
1974|unsl|mona
1975|emp|va
1976|gaged|dou
1977|egre|gobbe
1978|harr|tric
1979|mus|gu
1980|et|o
1981|mored|exp
1982|cit|bein
1983|slac|ratsb
1984|loos|ro
1985|colou|lot
1986|usa|exp
1987|dulyv|ent
1988|bedc|darke
1989|disea|ga
1990|dest|gri
1991|griml|op
1992|ze|h
1993|sea|t
1994|dild|m
1995|hapl|michi
1996|unact|not
1997|loo|lour
1998|mak|dism
1999|arde|chi
2000|pepi|sho
2001|phant|sp
2002|offi|boxe
2003|deb|mau
2004|chee|fina
2005|pause|h
2006|adjoi|photi
2007|prate|obsc
2008|base|blea
2009|eter|pho
2010|arc|b
2011|corr|serv
2012|ploug|pud
2013|inkd|i
2014|stare|pr
2015|goe|sist
2016|upho|r
2017|jar|gnat
2018|orna|adv
2019|mou|ful
2020|anyfo|ha
2021|duell|winn
2022|west|mo
2023|turt|re
2024|ul|st
2025|ding|coo
2026|pand|dun
2027|triu|i
2028|dap|slu
2029|bro|coac
2030|diff|a
2031|snail|tri
2032|rota|c
2033|tarq|br
2034|rog|writ
2035|aff|pe
2036|unadv|ker
2037|soph|vi
2038|lu|faire
2039|denot|rem
2040|plant|savag
2041|bacch|remo
2042|att|dra
2043|long|var
2044|cuck|jo
2045|waitr|fo
2046|der|op
2047|shrug|adv
2048|nicet|cree
2049|pantl|list
2050|conco|r
2051|gildc|bo
2052|blow|sub
2053|unlik|fie
2054|hoar|bri
2055|stoc|idol
2056|inter|ti
2057|morg|sm
2058|tybu|cas
2059|tam|pre
2060|sedi|wi
2061|oppo|to
2062|cambr|pen
2063|calc|blaz
2064|firs|la
2065|wins|wa
2066|crac|dev
2067|acq|firm
2068|mazza|stag
2069|bredc|e
2070|nage|defe
2071|ea|cla
2072|eg|ent
2073|sal|com
2074|expo|func
2075|unkn|r
2076|pantp|p
2077|chamb|a
2078|bows|affli
2079|torm|en
2080|other|pe
2081|duc|u
2082|infor|pa
2083|telli|y
2084|assi|f
2085|aus|brut
2086|impos|memb
2087|wreat|worth
2088|bend|espec
2089|infa|knoc
2090|reeli|us
2091|cab|d
2092|disso|wa
2093|jew|p
2094|dra|r
2095|apri|a
2096|veng|votar
2097|pompo|i
2098|accu|per
2099|hov|br
2100|butt|po
2101|fam|gr
2102|ingot|b
2103|tool|forg
2104|polac|clim
2105|uph|gre
2106|meed|grim
2107|muten|sc
2108|chiva|enki
2109|herm|spli
2110|suf|fare
2111|grea|helli
2112|thi|cast
2113|honor|empt
2114|spid|bigc
2115|chin|speed
2116|mark|grav
2117|couns|greek
2118|stop|denie
2119|givee|fad
2120|shr|fres
2121|scu|e
2122|grap|f
2123|roo|pro
2124|soi|cl
2125|weak|fate
2126|turn|on
2127|geld|en
2128|desir|geld
2129|swi|spa
2130|unpe|pro
2131|depu|oppo
2132|moons|ro
2133|thie|in
2134|luke|scar
2135|holl|s
2136|dagg|pr
2137|mol|u
2138|cic|bened
2139|ug|exp
2140|healm|trait
2141|recko|str
2142|say|la
2143|cook|belo
2144|vom|barr
2145|non|heav
2146|hund|rat
2147|fat|pass
2148|vill|th
2149|heret|int
2150|tes|funfr
2151|outli|lod
2152|shre|dis
2153|charm|mo
2154|bane|oa
2155|inwa|sm
2156|tus|ind
2157|wel|clip
2158|prece|dwelt
2159|scand|mode
2160|psa|tol
2161|funer|champ
2162|ari|or
2163|sile|vene
2164|hast|hosp
2165|feeds|ten
2166|buryi|wa
2167|este|out
2168|mildl|w
2169|easi|rem
2170|shut|m
2171|godf|dat
2172|pack|f
2173|fro|prop
2174|vipe|si
2175|nem|gua
2176|tela|pr
2177|exch|s
2178|terr|rob
2179|sext|s
2180|run|pres
2181|reec|enmit
2182|brund|fis
2183|thwa|fear
2184|dag|m
2185|cli|show
2186|petti|dung
2187|jul|eithe
2188|boug|li
2189|haunt|batt
2190|apro|heb
2191|comme|mo
2192|behe|d
2193|nece|pe
2194|slid|hund
2195|cold|de
2196|croo|el
2197|ir|sti
2198|game|fa
2199|finge|ord
2200|inti|matr
2201|gonz|pon
2202|firf|dwe
2203|augur|unb
2204|rumo|depa
2205|bae|w
2206|hau|ta
2207|sligh|di
2208|onema|uns
2209|neigh|cul
2210|rath|nig
2211|poly|mor
2212|acu|yokes
2213|concl|pur
2214|romse|ca
2215|unm|ab
2216|seizu|gen
2217|trill|wo
2218|want|leis
2219|enl|vo
2220|sawp|prev
2221|couc|loss
2222|upbra|pr
2223|envir|a
2224|coun|c
2225|ranc|edm
2226|pes|cynic
2227|mill|maid
2228|penal|o
2229|fore|fol
2230|glanc|sh
2231|ol|grand
2232|fast|un
2233|dubb|ho
2234|elem|hect
2235|enfr|heir
2236|jun|p
2237|omi|femal
2238|stai|bla
2239|feign|insat
2240|gari|tress
2241|puni|h
2242|hoa|bob
2243|stall|inter
2244|henbo|ma
2245|viola|abhor
2246|south|p
2247|fitz|deso
2248|drest|dress
2249|wooes|snak
2250|conj|compi
2251|dyin|thr
2252|teste|c
2253|begu|sake
2254|cowa|divi
2255|rais|inte
2256|inw|r
2257|paper|f
2258|ridd|mo
2259|dem|s
2260|coel|in
2261|vie|f
2262|knoc|pro
2263|need|outcr
2264|cham|r
2265|tent|de
2266|opu|epi
2267|orbt|t
2268|iri|barn
2269|usefu|fit
2270|tar|pu
2271|thun|p
2272|waxd|chan
2273|impa|pas
2274|cori|b
2275|recog|save
2276|carl|hare
2277|ili|col
2278|aloof|p
2279|pee|med
2280|pam|tre
2281|plan|pa
2282|honou|s
2283|shad|fami
2284|foc|eyes
2285|tins|th
2286|orkso|e
2287|hedg|medi
2288|glaz|hogsh
2289|thes|vicar
2290|infe|sa
2291|profa|appla
2292|oven|u
2293|healc|fo
2294|pike|re
2295|gloom|ever
2296|ward|be
2297|shuf|cha
2298|peter|phi
2299|bin|cons
2300|ov|l
2301|occi|bes
2302|stuf|penit
2303|blu|int
2304|warp|imp
2305|erro|trim
2306|dulc|con
2307|heed|tigh
2308|decl|mince
2309|best|vexa
2310|vari|b
2311|build|ador
2312|divid|infec
2313|seel|l
2314|final|rev
2315|cle|us
2316|addi|aptb
2317|grazi|sull
2318|egyp|ca
2319|cour|glut
2320|chap|mur
2321|choll|irk
2322|unse|brav
2323|onion|s
2324|nor|mu
2325|demu|coro
2326|caskd|fa
2327|ords|cont
2328|disb|sa
2329|fram|inl
2330|medi|gr
2331|isbe|damt
2332|betro|timo
2333|rar|swun
2334|graz|adve
2335|conse|pupil
2336|forbi|av
2337|hi|allo
2338|reme|laps
2339|wro|scar
2340|chan|re
2341|embl|dr
2342|sedu|sp
2343|tick|dr
2344|pled|wag
2345|yest|tr
2346|sett|lo
2347|styxs|slu
2348|smoth|ju
2349|haz|br
2350|speec|keelc
2351|aw|ne
2352|milk|conf
2353|inhib|phi
2354|wra|me
2355|outr|we
2356|leg|retu
2357|facit|spot
2358|exped|segre
2359|befe|naml
2360|samp|miti
2361|igno|unki
2362|mole|ca
2363|moo|conc
2364|sous|thic
2365|ruffs|h
2366|pille|reg
2367|rites|ny
2368|scuf|conqu
2369|loll|turn
2370|ign|spra
2371|ven|porc
2372|dianf|a
2373|props|e
2374|dull|we
2375|rice|b
2376|goi|porte
2377|desc|stal
2378|brev|dem
2379|und|un
2380|putti|ramar
2381|affi|belee
2382|hests|scu
2383|mid|cormo
2384|vero|vic
2385|posi|ca
2386|ben|upon
2387|err|mer
2388|take|ph
2389|rio|di
2390|penn|thrus
2391|fors|loy
2392|incl|es
2393|nov|chu
2394|crow|s
2395|laur|coze
2396|ghas|bet
2397|chaun|wise
2398|drop|torme
2399|bor|inu
2400|disl|comp
2401|swou|abov
2402|usur|st
2403|monta|mou
2404|dro|co
2405|conqu|ta
2406|glen|bot
2407|deane|cu
2408|longb|won
2409|dreg|heart
2410|niob|unj
2411|mee|ref
2412|holid|stop
2413|block|her
2414|set|ev
2415|rab|ne
2416|lur|gutt
2417|roy|coug
2418|reit|haut
2419|squa|scri
2420|esp|wrenc
2421|grows|gras
2422|nin|bawd
2423|laugh|wi
2424|dex|f
2425|braw|lame
2426|card|a
2427|ycl|e
2428|barg|pra
2429|womb|in
2430|rotte|for
2431|unb|v
2432|agniz|simoi
2433|prud|dr
2434|orgi|ud
2435|inten|co
2436|ston|as
2437|meas|marr
2438|ireg|dutyb
2439|plau|bu
2440|span|las
2441|eith|womb
2442|aris|rock
2443|adorn|slu
2444|unsea|su
2445|vowm|acad
2446|wary|lab
2447|savin|marj
2448|payme|blade
2449|ungr|le
2450|midw|purs
2451|fel|u
2452|scur|talk
2453|tarri|choke
2454|bals|of
2455|sma|hu
2456|plai|woefu
2457|doff|br
2458|hun|du
2459|level|sin
2460|harbo|s
2461|pain|re
2462|plac|desi
2463|bef|tr
2464|reall|cha
2465|form|gi
2466|pin|pen
2467|prose|chest
2468|shine|co
2469|bened|nic
2470|debt|deo
2471|hoyda|envi
2472|plum|li
2473|anci|unhac
2474|pit|insp
2475|tog|sizg
2476|assa|fife
2477|curl|fl
2478|brag|de
2479|pred|a
2480|bau|des
2481|crep|env
2482|doi|boot
2483|beesd|g
2484|near|dedic
2485|chid|ther
2486|pris|stemm
2487|adoco|po
2488|capel|son
2489|bod|regar
2490|vul|pro
2491|she|dinn
2492|coe|gamin
2493|hin|ke
2494|mista|bra
2495|chatm|spe
2496|halt|pente
2497|allu|rem
2498|witc|stin
2499|ore|calc
2500|fres|craft
2501|appre|shu
2502|lafe|ir
2503|judic|dive
2504|sagi|reve
2505|globe|t
2506|quit|affa
2507|fer|uns
2508|main|close
2509|cains|so
2510|labo|unsha
2511|did|a
2512|nei|con
2513|morn|caph
2514|rods|f
2515|endo|cov
2516|sku|conte
2517|amynt|thre
2518|wani|bo
2519|cud|oun
2520|twos|enc
2521|vene|unf
2522|leni|wa
2523|amaz|aptc
2524|endow|pull
2525|stew|pers
2526|gorge|braw
2527|offic|gui
2528|oste|appel
2529|unsw|s
2530|wall|prey
2531|kett|im
2532|nest|ad
2533|wann|sorro
2534|broa|tes
2535|marg|deny
2536|wrap|exc
2537|eq|p
2538|immi|detec
2539|venti|kni
2540|ravi|wee
2541|drive|hedg
2542|gulls|recep
2543|pluc|cas
2544|mel|none
2545|knogd|run
2546|coll|egyp
2547|eels|blu
2548|riper|han
2549|defor|shiv
2550|ame|sc
2551|huge|l
2552|spel|pedec
2553|ones|count
2554|assem|mi
2555|dump|bul
2556|carpe|abhom
2557|sacri|a
2558|brea|ensco
2559|alms|ta
2560|latel|ma
2561|furo|de
2562|scan|re
2563|mind|se
2564|subco|af
2565|unmo|tiri
2566|unus|fores
2567|sign|ch
2568|citi|p
2569|espou|fai
2570|cogg|left
2571|sauc|be
2572|noble|iso
2573|flew|po
2574|exile|for
2575|tremb|mask
2576|soot|b
2577|may|m
2578|gluec|hates
2579|invi|unpa
2580|cost|w
2581|priam|go
2582|snor|chi
2583|unbra|c
2584|infri|sli
2585|wretc|jes
2586|stabs|t
2587|candl|corr
2588|unlo|capr
2589|nomi|disp
2590|conf|e
2591|frie|edit
2592|kindn|p
2593|lice|dro
2594|musk|h
2595|parl|wont
2596|inac|pl
2597|poste|seed
2598|azur|cliff
2599|untir|hu
2600|cano|the
2601|grav|r
2602|fig|enc
2603|inq|loa
2604|las|may
2605|inso|b
2606|enra|ende
2607|compl|ten
2608|gidd|ea
2609|fien|domi
2610|old|c
2611|nic|reven
2612|opule|il
2613|sic|bel
2614|blea|no
2615|ransa|ch
2616|slime|pik
2617|devis|real
2618|tro|ward
2619|turm|ye
2620|scald|writ
2621|affr|heav
2622|dress|inv
2623|sodde|appel
2624|tin|ran
2625|answ|achi
2626|here|t
2627|day|gain
2628|feels|bo
2629|happ|m
2630|germ|sev
2631|ank|wilde
2632|prunk|gaze
2633|tul|wiles
2634|gibm|disj
2635|valle|swin
2636|punis|footb
2637|depen|int
2638|touch|ba
2639|cum|ch
2640|bago|pit
2641|rearw|requi
2642|roseb|adds
2643|ado|such
2644|utmos|err
2645|stor|im
2646|colle|g
2647|unass|lo
2648|glor|p
2649|sag|puppe
2650|prop|reto
2651|pent|quo
2652|rave|ru
2653|procu|war
2654|wag|impat
2655|can|gr
2656|hell|bani
2657|duck|sche
2658|embo|r
2659|siz|ra
2660|wisd|else
2661|hor|be
2662|grati|heart
2663|club|headl
2664|poten|th
2665|yel|cr
2666|promi|d
2667|rated|pa
2668|comm|aski
2669|helm|purs
2670|pea|br
2671|quatc|audi
2672|spou|co
2673|joi|hig
2674|unken|ears
2675|tole|gro
2676|induc|glad
2677|tedi|blo
2678|ann|ste
2679|zou|acc
2680|racke|mis
2681|prac|suc
2682|some|pen
2683|jolli|ram
2684|wrec|cyg
2685|upo|urg
2686|adj|suff
2687|joye|remi
2688|plaus|su
2689|hurr|michi
2690|judg|pris
2691|poet|simpl
2692|acta|ten
2693|spir|mira
2694|skil|hard
2695|lean|d
2696|aptl|orde
2697|valen|sa
2698|metr|t
2699|sle|col
2700|postu|he
2701|sobs|appea
2702|four|wa
2703|beti|c
2704|chaf|st
2705|enn|arg
2706|garla|in
2707|neare|fle
2708|augu|kn
2709|sch|curl
2710|yau|oswal
2711|walk|mus
2712|forga|nu
2713|fort|un
2714|indic|chest
2715|sphe|attra
2716|adult|diss
2717|getn|r
2718|misca|c
2719|lum|unse
2720|deme|dur
2721|stren|in
2722|bras|c
2723|fohs|me
2724|grub|be
2725|prom|sta
2726|adra|plane
2727|heru|stru
2728|prig|unbr
2729|dispr|wi
2730|merit|i
2731|unbu|gives
2732|cere|pa
2733|paged|ur
2734|tereu|dr
2735|have|g
2736|hefts|depe
2737|hoote|r
2738|croc|cop
2739|ambi|beque
2740|vau|s
2741|unkin|se
2742|cape|e
2743|aven|b
2744|lust|ri
2745|boat|inch
2746|abi|f
2747|reput|rec
2748|ocul|filt
2749|mean|cros
2750|rh|up
2751|gath|am
2752|waddl|plaut
2753|savag|pla
2754|bello|find
2755|herne|cl
2756|glori|alb
2757|blenc|und
2758|pest|ex
2759|ailf|su
2760|worc|swa
2761|plea|pric
2762|gibin|eru
2763|odd|affli
2764|murd|liz
2765|twelv|sw
2766|roars|ke
2767|whats|ne
2768|ly|pie
2769|nou|when
2770|porte|gabb
2771|caut|warb
2772|const|ang
2773|chu|digr
2774|berat|bloo
2775|fren|ob
2776|doits|mildn
2777|soev|in
2778|stri|lo
2779|spi|inche
2780|traf|goos
2781|basa|cha
2782|dev|espec
2783|coc|endan
2784|rush|moc
2785|unst|cora
2786|beatr|str
2787|silen|co
2788|endur|ra
2789|fate|lit
2790|proc|free
2791|spaci|merri
2792|troo|amy
2793|decay|di
2794|odeba|jade
2795|misd|p
2796|barr|cu
2797|wains|di
2798|vu|ra
2799|ast|be
2800|tan|act
2801|pupp|blac
2802|gif|u
2803|hobg|m
2804|diffi|d
2805|ajaxd|af
2806|driz|dale
2807|blas|dee
2808|surfe|vol
2809|misty|di
2810|kibet|gui
2811|qui|sour
2812|occu|else
2813|norin|betho
2814|reg|dra
2815|lubb|ta
2816|juro|chr
2817|wil|ruth
2818|dy|reig
2819|pati|ma
2820|unw|fu
2821|absy|kat
2822|lif|des
2823|lech|c
2824|havio|gui
2825|est|he
2826|cica|in
2827|ato|advi
2828|ver|ho
2829|sugg|re
2830|ranf|roig
2831|untu|shr
2832|appea|bro
2833|liver|ce
2834|defl|ga
2835|swat|jays
2836|erec|pu
2837|owe|frau
2838|nipp|too
2839|desi|con
2840|musks|l
2841|bitn|gra
2842|unpo|musc
2843|unfol|uns
2844|bank|woe
2845|aq|pennu
2846|north|nicel
2847|flat|e
2848|diso|pri
2849|spend|pur
2850|poll|mo
2851|wean|defy
2852|solom|yo
2853|denie|aimes
2854|dread|coul
2855|cott|di
2856|seem|caro
2857|mothe|adv
2858|sep|fru
2859|baesc|so
2860|ness|sho
2861|sprun|b
2862|aspic|dro
2863|sobsd|hire
2864|nee|u
2865|dre|ami
2866|dogb|teip
2867|unfil|pil
2868|larkg|stee
2869|arise|plun
2870|bers|pre
2871|goa|blu
2872|crown|c
2873|backt|slac
2874|joyle|wan
2875|pag|epith
2876|alb|br
2877|heat|rescu
2878|vin|how
2879|cock|ac
2880|mercu|trans
2881|harl|ma
2882|alac|refu
2883|overt|fo
2884|manly|pos
2885|soont|aq
2886|blind|humo
2887|il|slil
2888|ottom|shar
2889|perv|sp
2890|asp|like
2891|muste|cip
2892|deje|abode
2893|repl|wh
2894|orde|hoyd
2895|lol|ta
2896|len|herm
2897|tof|q
2898|rock|ef
2899|prab|diom
2900|tries|tam
2901|tast|p
2902|publi|drago
2903|dol|bless
2904|devil|tr
2905|arden|lagg
2906|afri|nest
2907|fangm|virtu
2908|upri|peac
2909|bid|sul
2910|encl|who
2911|eas|corps
2912|waiti|prove
2913|rats|a
2914|well|cer
2915|blan|humo
2916|fords|c
2917|sense|gr
2918|rob|cr
2919|maje|wh
2920|mang|dra
2921|ena|sapl
2922|fav|con
2923|brok|fair
2924|yell|us
2925|eat|conr
2926|minno|kingd
2927|unusp|c
2928|sagit|mat
2929|dun|coun
2930|mans|val
2931|melt|arriv
2932|unk|b
2933|kne|r
2934|bag|q
2935|lect|riva
2936|beac|bou
2937|lugm|lar
2938|itsco|o
2939|delay|shame
2940|bud|indi
2941|lord|pla
2942|cop|grun
2943|filc|flow
2944|surg|b
2945|tai|re
2946|ald|how
2947|comma|r
2948|favou|stoc
2949|angi|ranme
2950|oppug|k
2951|wooe|aliv
2952|murra|thre
2953|titt|mis
2954|bohe|ne
2955|warr|p
2956|exe|de
2957|unpub|brid
2958|bate|fra
2959|husba|po
2960|engag|u
2961|axeho|hickn
2962|shar|res
2963|raili|topp
2964|uneq|u
2965|jarri|di
2966|defil|enno
2967|pole|prac
2968|zany|pelo
2969|wren|sc
2970|aska|sp
2971|leet|vehe
2972|conju|ranco
2973|casq|ravi
2974|dish|pi
2975|belo|anger
2976|wedd|kni
2977|budde|suc
2978|bruis|burn
2979|paus|quar
2980|back|mea
2981|gaole|unawa
2982|labr|un
2983|rues|ob
2984|ost|lec
2985|clou|mixwe
2986|lance|su
2987|idl|loud
2988|sell|f
2989|asla|deck
2990|hecat|goody
2991|parli|stran
2992|immo|qua
2993|redo|loat
2994|laci|gov
2995|modu|w
2996|agr|nan
2997|rak|ru
2998|bosko|sp
2999|gent|cha
3000|perta|fre
3001|denay|scamb
3002|besi|li
3003|heap|gla
3004|craf|ma
3005|faulc|de
3006|stan|cook
3007|lante|bribf
3008|minem|jo
3009|blun|sem
3010|houn|unkno
3011|solic|foo
3012|city|cu
3013|abase|mine
3014|coral|horsi
3015|foul|smil
3016|liby|cha
3017|publ|buck
3018|slaug|tra
3019|hurd|hea
3020|injun|ca
3021|chole|ho
3022|uri|wan
3023|shya|prest
3024|lark|r
3025|hated|obs
3026|mov|mete
3027|nave|gal
3028|lod|taint
3029|edict|dis
3030|vary|ech
3031|quo|clap
3032|unfen|fet
3033|ret|pende
3034|fedar|mode
3035|tinct|ca
3036|sait|ra
3037|sunsf|vou
3038|betu|son
3039|anno|summ
3040|plats|surmi
3041|sull|d
3042|corre|sh
3043|aboa|s
3044|gran|ha
3045|mars|judg
3046|mince|consi
3047|odiou|met
3048|crack|un
3049|pugg|obta
3050|sha|gash
3051|upr|b
3052|file|cy
3053|find|en
3054|argu|pind
3055|feed|rais
3056|oi|br
3057|pale|w
3058|parta|ca
3059|pub|o
3060|usedv|pe
3061|disr|det
3062|whoo|sp
3063|crys|kenn
3064|thea|d
3065|das|ever
3066|dres|de
3067|caret|fo
3068|shor|b
3069|locks|gari
3070|giant|sink
3071|itc|fa
3072|roman|st
3073|maske|unmi
3074|dom|forg
3075|ingo|dota
3076|stre|madne
3077|iron|pa
3078|clout|pr
3079|abas|sle
3080|waken|ruddi
3081|puzz|hu
3082|curr|sous
3083|cucko|st
3084|price|ha
3085|hiss|mean
3086|hung|imp
3087|ruf|chr
3088|trai|augm
3089|sobp|s
3090|chiv|unb
3091|gigle|w
3092|occ|m
3093|balk|inno
3094|pione|idio
3095|topga|me
3096|balth|inn
3097|priz|begga
3098|hourh|stum
3099|vouch|tru
3100|deat|clam
3101|foee|sacke
3102|scale|d
3103|esca|h
3104|jos|eyebr
3105|edge|brag
3106|denun|fo
3107|plent|contr
3108|yorks|reti
3109|thorn|tur
3110|unwat|di
3111|coa|re
3112|wound|corn
3113|unfr|bre
3114|appo|sea
3115|pou|cho
3116|heav|tumbl
3117|untol|pea
3118|sib|capo
3119|impe|glou
3120|start|ped
3121|slice|qua
3122|magi|blus
3123|vanit|wit
3124|alic|sl
3125|arabi|b
3126|ty|dece
3127|feesh|st
3128|butco|clay
3129|scrat|poe
3130|hope|h
3131|doves|en
3132|root|m
3133|iv|quic
3134|vil|com
3135|tabl|wa
3136|slink|con
3137|mot|embr
3138|signs|ill
3139|top|for
3140|beco|e
3141|ambo|acc
3142|both|qu
3143|drown|jud
3144|apoll|la
3145|expl|cha
3146|chai|bil
3147|fireb|att
3148|fifea|def
3149|glas|mech
3150|ecl|pa
3151|panc|com
3152|enm|exp
3153|borr|deip
3154|muff|pain
3155|servb|wai
3156|coac|s
3157|saddi|s
3158|enk|hon
3159|ford|va
3160|patch|pr
3161|riv|prov
3162|impur|gen
3163|requi|ari
3164|print|prom
3165|afrai|dido
3166|emni|cu
3167|gib|qu
3168|mourn|thatt
3169|coli|eve
3170|floo|so
3171|attac|trot
3172|boxes|inter
3173|peril|h
3174|stagg|bo
3175|fisno|forg
3176|since|lendi
3177|scal|miss
3178|vaun|reme
3179|asqui|sta
3180|scar|king
3181|vauv|de
3182|syria|bal
3183|bell|t
3184|weal|cr
3185|lewd|horr
3186|eggs|mu
3187|safe|dain
3188|surp|par
3189|seea|dro
3190|real|c
3191|grin|k
3192|woods|b
3193|occa|graft
3194|tell|awlp
3195|darke|merma
3196|harpi|netb
3197|prev|artis
3198|advi|wagg
3199|fum|sorr
3200|matte|hu
3201|razor|m
3202|tas|corn
3203|brui|g
3204|dan|drop
3205|hal|terr
3206|butto|under
3207|negot|wi
3208|naili|sho
3209|riva|swas
3210|ey|stin
3211|exp|dist
3212|toa|bodyk
3213|secon|f
3214|wran|pen
3215|dodg|ragin
3216|menti|di
3217|chang|bid
3218|leis|tha
3219|shill|ma
3220|usure|rati
3221|musco|adorn
3222|closg|igno
3223|vall|russ
3224|pas|owe
3225|fru|qual
3226|quiv|mi
3227|cove|cop
3228|erup|fidd
3229|wer|aca
3230|punch|ridi
3231|keep|doug
3232|glutt|sorel
3233|but|doctl
3234|pelt|cauc
3235|arre|v
3236|tette|plu
3237|avou|thin
3238|venom|no
3239|squea|o
3240|brisk|abil
3241|arbi|fram
3242|sever|ab
3243|yicl|uses
3244|stic|h
3245|cliff|vais
3246|ooze|de
3247|god|pe
3248|embr|ac
3249|scho|deep
3250|wavha|revo
3251|hitf|insul
3252|sac|spar
3253|estab|the
3254|nym|sug
3255|kissy|e
3256|entre|benef
3257|refo|read
3258|vauxk|di
3259|spai|dum
3260|fico|b
3261|havi|only
3262|athwa|gre
3263|new|rous
3264|motiv|ridi
3265|earn|pi
3266|aspi|sobsc
3267|groan|po
3268|lat|reg
3269|saf|noo
3270|gard|pre
3271|broo|ra
3272|rent|co
3273|drag|affi
3274|eigh|vi
3275|eelst|iwisc
3276|ossa|para
3277|with|no
3278|buzz|uncle
3279|dum|mudw
3280|boa|tra
3281|murm|r
3282|ring|co
3283|mobl|c
3284|ef|robs
3285|rene|yar
3286|knave|im
3287|addit|vio
3288|shem|conce
3289|reta|cano
3290|barga|ra
3291|noni|gi
3292|pros|ne
3293|toot|sp
3294|colli|exha
3295|armsh|re
3296|musca|rob
3297|ath|about
3298|kensc|cons
3299|aim|sai
3300|robb|deter
3301|pibl|bet
3302|voicc|ov
3303|nep|mint
3304|lyd|su
3305|whip|lun
3306|pasto|str
3307|owner|a
3308|impr|sound
3309|unba|mul
3310|obseq|v
3311|clai|cros
3312|klllb|cro
3313|fulv|pre
3314|plagu|ma
3315|defyj|rests
3316|whel|hobna
3317|octa|e
3318|outlo|hesp
3319|dandl|su
3320|aston|ac
3321|wris|revel
3322|pid|cobh
3323|turni|h
3324|summi|omit
3325|gnar|assc
3326|fado|mo
3327|its|so
3328|cong|cond
3329|fanni|l
3330|uncau|dige
3331|bab|gr
3332|othe|m
3333|share|canop
3334|case|expi
3335|quak|re
3336|hams|pore
3337|fria|h
3338|towa|repu
3339|inden|c
3340|shru|p
3341|hall|con
3342|them|colle
3343|ensu|boxe
3344|my|urg
3345|remn|udg
3346|alrea|dip
3347|yor|par
3348|emba|co
3349|sciat|nilee
3350|let|genit
3351|encam|succ
3352|ther|he
3353|edges|co
3354|affl|cra
3355|messa|mach
3356|pulp|cro
3357|ribs|maria
3358|danis|ent
3359|purif|eff
3360|sigh|damas
3361|posse|aft
3362|sew|holb
3363|whin|f
3364|elbo|goat
3365|fash|firs
3366|dwel|rubre
3367|unwi|obscu
3368|ruffc|ur
3369|dim|fal
3370|wai|pla
3371|reli|c
3372|bawd|c
3373|gla|mut
3374|gentl|me
3375|woolf|pe
3376|cos|perd
3377|pond|vio
3378|bann|tr
3379|lulla|su
3380|exti|res
3381|boor|tartv
3382|bre|co
3383|produ|cabl
3384|marri|reck
3385|allur|be
3386|mig|i
3387|snuff|will
3388|tinc|b
3389|facil|i
3390|epil|desce
3391|reck|obs
3392|ass|assa
3393|pang|en
3394|coze|he
3395|taxe|feel
3396|pom|curdp
3397|pud|prep
3398|toppl|ta
3399|hitdu|to
3400|fatt|cr
3401|spell|be
3402|vot|carbu
3403|basin|sour
3404|varld|def
3405|help|sot
3406|tooa|orl
3407|hose|ca
3408|fop|patt
3409|super|rari
3410|roc|vau
3411|pite|filt
3412|nort|pat
3413|rags|oliv
3414|thef|be
3415|mix|dieut
3416|cutt|a
3417|unsc|ext
3418|hidd|a
3419|notab|p
3420|pop|mon
3421|lor|ass
3422|mover|tibe
3423|unau|con
3424|sams|for
3425|intel|oup
3426|zedmo|len
3427|rots|re
3428|sel|howe
3429|egg|sweet
3430|wid|p
3431|horr|lim
3432|ump|cro
3433|act|sav
3434|odewa|torch
3435|seven|brain
3436|tibe|mont
3437|made|res
3438|oldne|o
3439|rin|was
3440|doti|ma
3441|quen|q
3442|onc|mor
3443|kid|fe
3444|vest|mari
3445|calu|shi
3446|kat|scoff
3447|abh|mis
3448|staff|le
3449|timo|lec
3450|hous|ma
3451|phle|as
3452|linco|do
3453|victo|fu
3454|pote|har
3455|caelo|leche
3456|revel|tw
3457|apa|hum
3458|dwe|ce
3459|milit|pant
3460|just|f
3461|amyn|deser
3462|unno|talae
3463|begun|juice
3464|cust|mix
3465|mede|afr
3466|adost|wrec
3467|yout|lubb
3468|escap|some
3469|ebony|bob
3470|slee|p
3471|puff|paly
3472|nea|o
3473|indir|whi
3474|spo|cong
3475|rega|exc
3476|mud|qua
3477|led|cra
3478|flem|kat
3479|midn|i
3480|fin|encl
3481|hats|qui
3482|eagl|c
3483|snow|d
3484|glo|isl
3485|purc|unsha
3486|fest|jum
3487|adr|m
3488|opi|vulc
3489|ele|treat
3490|ente|whore
3491|split|shi
3492|puls|i
3493|enq|s
3494|isabe|airs
3495|oth|ta
3496|foolg|i
3497|codp|lepr
3498|prefe|sup
3499|irreg|huddl
3500|trans|defor
3501|sy|keyov
3502|fraya|hon
3503|sirs|abe
3504|crab|pr
3505|peac|sor
3506|sab|s
3507|ulcer|inte
3508|sight|h
3509|ribb|tir
3510|bowl|au
3511|murde|pon
3512|needl|her
3513|cerbe|p
3514|bric|ama
3515|wink|co
3516|artsb|aris
3517|coesa|p
3518|rue|cour
3519|pers|plod
3520|golde|gues
3521|lin|long
3522|guts|sh
3523|stab|alia
3524|abst|flow
3525|encu|co
3526|guis|exhau
3527|utt|h
3528|anot|scat
3529|celes|ske
3530|brink|a
3531|saini|bi
3532|sud|tre
3533|effe|pr
3534|upw|soli
3535|tame|eithe
3536|calv|carn
3537|anato|norw
3538|youtl|de
3539|onio|dec
3540|confo|dr
3541|av|dis
3542|nook|quatt
3543|quic|con
3544|unmas|gui
3545|soak|dis
3546|error|lea
3547|gau|embo
3548|unti|shak
3549|sharp|se
3550|flag|hum
3551|pic|ha
3552|show|unro
3553|bewe|utt
3554|wears|mi
3555|insi|ind
3556|suffe|bla
3557|strik|dis
3558|hox|falt
3559|seas|c
3560|naug|s
3561|endu|div
3562|wrea|pe
3563|dryt|keep
3564|hol|s
3565|roist|soil
3566|measu|pr
3567|dayli|c
3568|house|bu
3569|break|rumo
3570|thir|sin
3571|usu|reco
3572|alexa|a
3573|conta|polem
3574|begr|parc
3575|fervo|lu
3576|seenm|draw
3577|ras|unnum
3578|ina|m
3579|swal|trick
3580|lotte|adv
3581|moa|r
3582|appro|sta
3583|rede|con
3584|rubs|sla
3585|spig|marg
3586|beyo|ho
3587|presu|gr
3588|terra|abom
3589|camec|unhel
3590|chur|re
3591|ray|defor
3592|slave|bal
3593|oozes|pe
3594|noise|maj
3595|rot|in
3596|edu|poxf
3597|uttc|theob
3598|mod|marge
3599|rus|str
3600|exten|bob
3601|loan|bled
3602|marb|matu
3603|dail|h
3604|thu|ratif
3605|servi|disp
3606|bee|att
3607|reste|croa
3608|alps|soot
3609|tack|jour
3610|morga|loc
3611|lapi|spl
3612|scat|po
3613|raw|dece
3614|gh|oppre
3615|broi|di
3616|ing|dayh
3617|heavy|ma
3618|sequ|vi
3619|apos|s
3620|pist|j
3621|jud|ha
3622|deco|love
3623|extr|rat
3624|cruel|st
3625|rapie|octav
3626|arro|li
3627|mena|curb
3628|adopt|stol
3629|promp|man
3630|narb|m
3631|tun|ne
3632|arga|chi
3633|posti|boo
3634|glitt|wo
3635|six|pen
3636|hoi|spa
3637|padd|bla
3638|inj|acq
3639|gow|ne
3640|wei|re
3641|dera|abo
3642|scor|m
3643|wron|de
3644|enj|c
3645|way|r
3646|forc|a
3647|unbo|displ
3648|feig|reco
3649|audac|agony
3650|conje|pl
3651|jeru|tr
3652|perce|sugh
3653|enrid|ta
3654|usele|burl
3655|oft|nessu
3656|pel|bait
3657|orga|re
3658|flung|ad
3659|sumt|in
3660|clif|jac
3661|bayi|aut
3662|proud|reli
3663|afiel|def
3664|lay|alex
3665|bec|st
3666|flywr|off
3667|wors|again
3668|amo|cha
3669|lags|brec
3670|pinre|squ
3671|.t|reser
3672|thirs|sort
3673|sepa|suc
3674|ev|ara
3675|pepp|pa
3676|ach|weig
3677|ushe|pe
3678|ingen|fore
3679|media|m
3680|phili|circ
3681|inju|qui
3682|chief|gr
3683|kill|sun
3684|catec|ex
3685|nam|outl
3686|title|ju
3687|shady|rest
3688|pon|umpi
3689|perd|ascen
3690|wrin|outbr
3691|disor|ex
3692|wicke|tor
3693|banse|saty
3694|ices|belo
3695|eru|ac
3696|crit|a
3697|dori|pan
3698|din|unci
3699|wal|belon
3700|refus|hatch
3701|indig|flag
3702|edmu|s
3703|tren|adv
3704|lion|prot
3705|absur|wh
3706|lycao|the
3707|nettl|ho
3708|diver|fl
3709|toilt|s
3710|felt|mors
3711|dart|manor
3712|sec|infe
3713|carp|cas
3714|goos|con
3715|shade|pew
3716|defac|marr
3717|pict|unt
3718|talk|ha
3719|shil|no
3720|bese|p
3721|recou|me
3722|injus|phe
3723|mah|br
3724|claim|gard
3725|burst|ragge
3726|sava|i
3727|obey|ban
3728|spil|ungr
3729|gat|cov
3730|impor|shin
3731|pard|pt
3732|petk|seed
3733|darli|lownd
3734|stel|pre
3735|ques|must
3736|enga|wr
3737|ligh|wield
3738|pala|nur
3739|exerc|build
3740|port|ba
3741|bach|v
3742|gove|di
3743|ruda|co
3744|cra|thin
3745|moth|ex
3746|osw|sole
3747|unlov|str
3748|hostd|al
3749|evil|des
3750|basta|c
3751|vulg|con
3752|compe|fl
3753|busi|riban
3754|civi|spou
3755|caus|mann
3756|pigm|fr
3757|stub|br
3758|onw|ba
3759|troa|b
3760|amber|embo
3761|wanin|ph
3762|quail|und
3763|oxfo|edu
3764|wipt|me
3765|walt|flak
3766|hom|vil
3767|enp|un
3768|amit|indi
3769|porpe|panc
3770|muc|c
3771|marbl|p
3772|delu|occu
3773|mach|scant
3774|muf|dis
3775|head|part
3776|merma|ind
3777|fainm|nos
3778|laneu|ince
3779|uni|turk
3780|spoil|m
3781|exche|aside
3782|mene|ru
3783|hillo|recko
3784|acqu|li
3785|poul|pav
3786|heres|bra
3787|outra|shu
3788|norm|fear
3789|mouth|mill
3790|liste|lack
3791|varl|aban
3792|fini|untru
3793|hele|dist
3794|repo|un
3795|cors|an
3796|oddly|regis
3797|gobl|rede
3798|briti|com
3799|treas|f
3800|conn|fr
3801|wild|sort
3802|pick|d
3803|wret|ab
3804|enqu|ben
3805|inde|c
3806|hemm|sc
3807|rifl|shru
3808|self|subs
3809|relig|hent
3810|domi|bu
3811|fopp|pr
3812|famis|car
3813|might|p
3814|king|so
3815|repug|ho
3816|humph|orgil
3817|loads|imp
3818|glow|p
3819|tyra|rush
3820|endea|surf
3821|ham|cro
3822|shep|muf
3823|mino|li
3824|daint|c
3825|geor|ash
3826|sour|ali
3827|exas|soilu
3828|expos|fran
3829|depar|ol
3830|proph|richm
3831|exto|brai
3832|galen|mo
3833|lispd|dai
3834|effec|le
3835|indis|tale
3836|unsli|thy
3837|luce|di
3838|disch|for
3839|shu|r
3840|alex|digr
3841|ridi|foreh
3842|spot|arrow
3843|cher|has
3844|stin|glide
3845|vine|pro
3846|mayor|adv
3847|bir|st
3848|obeye|ju
3849|style|c
3850|guess|cha
3851|ties|wal
3852|dotag|sc
3853|caius|pens
3854|meher|arr
3855|nim|east
3856|neat|inso
3857|sweat|cere
3858|load|hobgo
3859|hoop|rive
3860|forf|pa
3861|forcg|ort
3862|fewze|hal
3863|neig|mutu
3864|cof|fop
3865|heale|modi
3866|felic|temp
3867|smir|drab
3868|fearf|wh
3869|hype|gal
3870|lets|gun
3871|nio|ur
3872|godhe|garme
3873|nayol|sol
3874|falc|reli
3875|carve|ar
3876|slutt|rub
3877|poore|pel
3878|waf|s
3879|stayi|h
3880|dove|d
3881|baj|sca
3882|hire|suf
3883|cance|con
3884|dov|r
3885|tithi|hey
3886|handm|p
3887|poins|spac
3888|whore|ma
3889|doug|toy
3890|targ|fines
3891|esta|pelt
3892|tood|t
3893|hys|mur
3894|rate|e
3895|sau|so
3896|jewel|sc
3897|troj|fame
3898|chase|ser
3899|empe|count
3900|fetch|lau
3901|humc|fl
3902|unear|sl
3903|fix|th
3904|misfo|vaux
3905|moy|manl
3906|meddl|pud
3907|leag|log
3908|inqui|uncom
3909|irec|bi
3910|viale|sl
3911|tatt|de
3912|kate|big
3913|nutf|confo
3914|oppre|pan
3915|owes|hon
3916|actin|sui
3917|tomb|r
3918|mock|co
3919|dais|acc
3920|forni|la
3921|pyrrh|sta
3922|laug|glue
3923|sed|succ
3924|lee|cyth
3925|pru|lone
3926|air|squ
3927|wavi|b
3928|grapp|gre
3929|mirth|blac
3930|brow|se
3931|waked|adop
3932|eld|elo
3933|porti|ben
3934|slin|wishe
3935|tim|l
3936|jesse|si
3937|vailp|wishi
3938|cut|al
3939|requ|da
3940|ai|si
3941|rejo|flat
3942|nuts|i
3943|irawh|wint
3944|husks|bo
3945|compu|ve
3946|env|easi
3947|roes|witto
3948|disda|s
3949|quell|bu
3950|nona|sim
3951|wante|s
3952|cob|corl
3953|unwe|bangp
3954|poiso|joyfu
3955|convi|tu
3956|deni|c
3957|suppo|m
3958|geni|ca
3959|roofm|adva
3960|defec|v
3961|quits|bese
3962|limb|be
3963|fid|enj
3964|puddl|ro
3965|vane|rude
3966|foug|mu
3967|tith|guidi
3968|omnip|mou
3969|yo|ab
3970|uses|lea
3971|dila|anchi
3972|aum|d
3973|encom|stren
3974|grou|ch
3975|endam|disc
3976|raveu|ma
3977|kic|pure
3978|bogm|kni
3979|abho|o
3980|misin|mi
3981|mote|smo
3982|plume|in
3983|bloc|s
3984|bird|arr
3985|ten|su
3986|tuned|ho
3987|doggb|oa
3988|ecst|rep
3989|cet|cha
3990|redee|blan
3991|capul|thirt
3992|frid|ama
3993|gate|y
3994|begin|lord
3995|pette|suffe
3996|trump|p
3997|dict|le
3998|peris|dis
3999|jes|b
4000|engl|veh
4001|vap|kett
4002|shak|ple
4003|unpre|str
4004|sinni|ch
4005|prol|hyme
4006|fou|la
4007|fault|lang
4008|hono|li
4009|innp|se
4010|heel|sch
4011|gest|aff
4012|brute|a
4013|vanis|gi
4014|afore|blea
4015|bac|st
4016|metre|b
4017|rag|c
4018|intol|mi
4019|lob|dis
4020|place|april
4021|perdy|swe
4022|supst|frigh
4023|aba|dest
4024|wale|ado
4025|upl|swi
4026|stro|repu
4027|whega|dela
4028|luc|bod
4029|impu|goad
4030|astr|rave
4031|ripen|cl
4032|doubt|dec
4033|instr|le
4034|yew|ble
4035|wav|port
4036|hull|re
4037|preci|denn
4038|alba|fa
4039|benis|acc
4040|whenc|limb
4041|wrou|ma
4042|strid|ant
4043|rasc|pr
4044|ded|pres
4045|enri|showt
4046|volte|valu
4047|wate|mee
4048|jau|di
4049|dies|u
4050|niec|bree
4051|lieg|purp
4052|idlen|vast
4053|cam|re
4054|sei|at
4055|macul|prim
4056|apo|wat
4057|amon|ap
4058|lowl|ri
4059|strai|divi
4060|yessp|quart
4061|wiped|str
4062|delp|drink
4063|leve|mul
4064|hands|overw
4065|vital|pa
4066|gens|t
4067|lurki|dr
4068|moi|swo
4069|evils|abs
4070|jerus|usag
4071|goss|g
4072|gamb|appla
4073|gardo|great
4074|tropi|in
4075|neph|emba
4076|scra|b
4077|says|emil
4078|affo|lo
4079|harry|gna
4080|hop|re
4081|bogf|feve
4082|heyr|hou
4083|icy|c
4084|stiff|scra
4085|ear|intel
4086|affli|cr
4087|abb|fro
4088|primy|spade
4089|goad|arb
4090|pract|div
4091|twin|no
4092|onet|c
4093|eager|gar
4094|afoo|pr
4095|fats|wrin
4096|due|per
4097|exha|flea
4098|tanta|spaw
4099|fell|erro
4100|acres|leng
4101|unv|end
4102|polo|o
4103|insu|cha
4104|dubbe|dr
4105|make|nep
4106|bake|perf
4107|peda|pi
4108|bases|var
4109|brie|swee
4110|corn|pl
4111|fleaa|dis
4112|sad|se
4113|alis|usure
4114|perc|di
4115|room|chan
4116|whos|bou
4117|tidin|uni
4118|lis|stea
4119|pisho|ap
4120|diswa|roge
4121|reno|matte
4122|exult|gra
4123|matth|w
4124|solde|wind
4125|vatco|inte
4126|fart|pal
4127|beat|th
4128|orch|a
4129|sacr|gau
4130|tiff|s
4131|lon|co
4132|isl|lo
4133|ash|tra
4134|pig|nur
4135|ada|la
4136|novi|pro
4137|ostri|cross
4138|fifth|pre
4139|pay|she
4140|imag|ach
4141|sheat|ov
4142|amend|di
4143|spotw|ro
4144|sph|fl
4145|acto|stiff
4146|mes|disva
4147|tong|fo
4148|warme|enj
4149|dese|k
4150|virt|ran
4151|griz|cu
4152|penc|imp
4153|outs|im
4154|nounc|ro
4155|diste|attr
4156|vexa|ge
4157|jowl|sp
4158|diss|hate
4159|pless|i
4160|maks|supe
4161|momen|tra
4162|links|human
4163|clap|l
4164|fairn|e
4165|big|stin
4166|trav|e
4167|plun|por
4168|fon|acti
4169|parks|fie
4170|info|holy
4171|rous|wr
4172|cunn|p
4173|dids|bedc
4174|fine|buo
4175|sextu|hono
4176|owlr|swin
4177|fait|tor
4178|exco|messe
4179|fade|mi
4180|fulfi|mu
4181|cowv|pre
4182|misch|s
4183|swain|backr
4184|suga|p
4185|pib|fla
4186|hee|l
4187|purch|ex
4188|disf|re
4189|hat|s
4190|liet|ins
4191|tric|co
4192|esse|sh
4193|witt|trot
4194|edgda|sign
4195|cuf|cri
4196|som|yeas
4197|dismi|bus
4198|prodi|r
4199|mane|p
4200|corm|tri
4201|espe|heret
4202|liber|u
4203|clit|pro
4204|rumin|de
4205|furr|d
4206|forms|blub
4207|jesu|kitc
4208|py|at
4209|douts|oily
4210|cita|ra
4211|suito|i
4212|tol|spri
4213|hou|ely
4214|wilf|cha
4215|pink|la
4216|rathe|en
4217|graf|sinew
4218|slily|sate
4219|pai|upper
4220|loofw|s
4221|halfp|reg
4222|abet|indi
4223|inno|sen
4224|prepa|dai
4225|edifi|se
4226|deman|ale
4227|baboo|fa
4228|meri|sans
4229|savd|enra
4230|sheph|dis
4231|visit|de
4232|absol|clo
4233|arab|arriv
4234|orat|ear
4235|roadv|pe
4236|unwit|tull
4237|kis|hu
4238|farh|con
4239|alon|kin
4240|duke|m
4241|copyr|prem
4242|ille|r
4243|unhea|nece
4244|immod|de
4245|began|tum
4246|webd|te
4247|kil|pie
4248|wed|motiv
4249|under|affe
4250|hunte|re
4251|roofg|dam
4252|figu|urg
4253|outri|s
4254|juda|fumb
4255|exper|flou
4256|vultu|pon
4257|nanr|purc
4258|apt|fa
4259|ramp|ware
4260|doe|he
4261|melu|de
4262|kerne|crim
4263|scou|dis
4264|tat|napk
4265|sophi|pre
4266|swan|ed
4267|patte|a
4268|seaf|aspi
4269|haun|abi
4270|hecu|ala
4271|eldes|timor
4272|troy|pl
4273|sadd|e
4274|provi|m
4275|accep|yarel
4276|ensc|only
4277|lone|ju
4278|penny|en
4279|oat|ag
4280|hic|enj
4281|nai|so
4282|ira|bra
4283|mari|ai
4284|hes|she
4285|fixe|re
4286|larde|int
4287|vig|cla
4288|bil|prim
4289|perni|repl
4290|chame|lar
4291|abbo|un
4292|lip|rav
4293|pierc|pa
4294|hac|beh
4295|polc|co
4296|ard|plac
4297|auste|emb
4298|saye|suc
4299|abedm|gi
4300|sooth|fat
4301|orei|matt
4302|driv|un
4303|asc|pet
4304|edi|ant
4305|epi|no
4306|cog|in
4307|towp|po
4308|apost|wild
4309|dimi|v
4310|expir|bet
4311|medic|pa
4312|hunga|pl
4313|incit|po
4314|uncro|peru
4315|pum|br
4316|eyeli|ge
4317|snar|ph
4318|impio|fl
4319|ruth|he
4320|goat|frust
4321|grubp|jus
4322|turbu|bu
4323|maki|odds
4324|cass|sinon
4325|coy|fu
4326|justi|am
4327|irel|lea
4328|ireta|sc
4329|townh|hu
4330|pett|ven
4331|rup|en
4332|melan|dinn
4333|rele|fro
4334|splee|st
4335|chea|unbr
4336|newu|hon
4337|udge|dews
4338|wat|inf
4339|fello|examp
4340|pyre|tall
4341|hos|h
4342|capt|trav
4343|johnd|d
4344|retu|ro
4345|ange|sp
4346|els|ex
4347|epilo|edu
4348|freq|crac
4349|mise|lam
4350|neit|numb
4351|song|plot
4352|bray|boa
4353|fumbl|impri
4354|repe|quea
4355|safeg|pro
4356|wee|ar
4357|pew|dei
4358|limnt|fo
4359|limew|liken
4360|nega|adv
4361|eag|opp
4362|unvi|in
4363|napc|dugs
4364|threw|d
4365|got|reta
4366|brave|shie
4367|done|wo
4368|pleat|turd
4369|sust|u
4370|twi|purc
4371|lic|bawc
4372|lapis|glo
4373|til|sir
4374|foreh|grate
4375|warre|reno
4376|groa|en
4377|witty|lac
4378|spec|trou
4379|pott|cu
4380|oxf|s
4381|mett|capva
4382|welc|nim
4383|remor|cer
4384|pump|unde
4385|loave|norm
4386|wraps|tr
4387|seamt|err
4388|fumi|knead
4389|comeu|fanta
4390|dwar|o
4391|chau|thi
4392|hecto|bla
4393|fair|ve
4394|lik|to
4395|urg|scot
4396|shril|cond
4397|um|go
4398|sworm|str
4399|arist|se
4400|pep|disco
4401|hul|d
4402|kento|st
4403|impar|ca
4404|smilr|th
4405|spac|equal
4406|torme|divul
4407|lar|eva
4408|boas|unbr
4409|hab|alder
4410|diad|tee
4411|besie|bar
4412|clow|cli
4413|opens|clu
4414|satin|d
4415|excus|sobe
4416|sof|celia
4417|slide|enfor
4418|puiss|su
4419|fron|cha
4420|cote|ref
4421|cudg|loc
4422|apopl|pri
4423|nati|cad
4424|tamel|l
4425|upro|un
4426|beauf|appo
4427|feal|sepul
4428|bun|pur
4429|ribal|caph
4430|comel|le
4431|utter|sh
4432|pales|ac
4433|whisp|moor
4434|benc|e
4435|gli|mi
4436|save|cr
4437|lyi|tents
4438|confe|gent
4439|chou|so
4440|extem|unp
4441|cool|de
4442|thrus|loo
4443|pov|deco
4444|cul|farim
4445|slip|pre
4446|ease|co
4447|bough|err
4448|notic|unch
4449|garri|duty
4450|mood|rid
4451|eddy|p
4452|robbe|slui
4453|capa|des
4454|buc|min
4455|very|trav
4456|point|like
4457|bench|win
4458|comb|bedf
4459|fuls|sodr
4460|raino|k
4461|ima|demo
4462|death|cra
4463|spie|s
4464|wofu|roll
4465|comfo|chicu
4466|haza|do
4467|dunt|chou
4468|mac|hal
4469|hoist|carre
4470|deep|l
4471|gold|glid
4472|ner|hopi
4473|hideo|hu
4474|wera|ma
4475|runr|shr
4476|espi|confi
4477|faul|un
4478|testt|car
4479|surge|s
4480|dorc|reco
4481|meeti|so
4482|rattl|aw
4483|indit|heavu
4484|seld|wr
4485|unsou|pa
4486|vag|a
4487|bead|cons
4488|johnc|lea
4489|damns|e
4490|loutk|gy
4491|tatte|argu
4492|obdu|par
4493|park|d
4494|leng|woun
4495|moder|di
4496|leat|in
4497|hard|horn
4498|putli|act
4499|bon|sedg
4500|shipb|fr
4501|blaze|d
4502|merl|subr
4503|deba|nea
4504|sentn|duch
4505|tard|padma
4506|wing|ge
4507|snake|noo
4508|defus|sh
4509|dens|lust
4510|sober|sa
4511|buryo|boast
4512|moypl|nau
4513|russ|sob
4514|wafts|re
4515|milks|com
4516|chao|av
4517|vows|cors
4518|sinkc|c
4519|decre|g
4520|land|gl
4521|impot|prop
4522|req|ad
4523|fish|g
4524|quain|cov
4525|footb|se
4526|don|flag
4527|moun|uni
4528|conq|disp
4529|bramb|eyefi
4530|dupp|sus
4531|threa|wi
4532|pem|pi
4533|fox|chris
4534|heal|unbu
4535|jov|ma
4536|modo|n
4537|hent|avo
4538|yearn|pr
4539|flute|in
4540|cumh|tal
4541|lio|be
4542|noiso|hea
4543|orts|unt
4544|trie|o
4545|gaz|d
4546|ec|inkh
4547|venic|bal
4548|sem|forg
4549|arm|en
4550|throw|girdl
4551|turb|quarr
4552|shec|gr
4553|demo|grov
4554|smith|suffe
4555|egy|gen
4556|clea|re
4557|unfo|jeste
4558|spurn|inci
4559|sultr|susp
4560|possi|bab
4561|twins|div
4562|subm|songs
4563|fed|bli
4564|unroo|ran
4565|awo|t
4566|warps|fin
4567|fad|outl
4568|lae|seest
4569|babb|ma
4570|susp|bl
4571|bitt|ento
4572|lovi|sho
4573|yawb|adve
4574|seeme|pi
4575|rove|pr
4576|pitil|v
4577|mead|hose
4578|wield|key
4579|tort|rece
4580|oc|sl
4581|illu|sli
4582|gaun|fea
4583|rain|un
4584|orie|sil
4585|prim|embl
4586|beto|u
4587|adam|u
4588|popp|accu
4589|outl|ugl
4590|ever|co
4591|armo|kins
4592|bloo|sta
4593|hit|sauce
4594|newl|sa
4595|bera|sti
4596|haug|su
4597|beta|pala
4598|sna|den
4599|skull|desp
4600|heapg|aw
4601|sulph|lar
4602|view|bedec
4603|liarv|rea
4604|waw|omen
4605|host|spa
4606|flawm|p
4607|capi|spen
4608|ungu|stra
4609|rhym|s
4610|gab|hor
4611|varad|fo
4612|unfas|godd
4613|tel|swo
4614|gai|mi
4615|meals|peri
4616|fashi|tro
4617|digr|q
4618|lub|prea
4619|oeil|com
4620|rul|doz
4621|evid|eng
4622|nut|cro
4623|defin|m
4624|vanta|gre
4625|levie|wrat
4626|sine|su
4627|witn|sport
4628|desa|abo
4629|spli|rag
4630|cous|toi
4631|unhe|lo
4632|undo|ga
4633|api|rev
4634|abe|proc
4635|reac|found
4636|wares|h
4637|pul|ac
4638|fable|bat
4639|reso|f
4640|resor|h
4641|kenti|fam
4642|nak|testa
4643|flo|w
4644|roast|e
4645|befit|ede
4646|chil|plea
4647|count|a
4648|balla|pio
4649|rewo|dashd
4650|mut|hen
4651|tras|ca
4652|loat|com
4653|buy|r
4654|apis|ram
4655|notin|egal
4656|donn|romeo
4657|crann|ycl
4658|guerd|nest
4659|choke|ba
4660|quoti|es
4661|depos|redee
4662|tomor|slu
4663|feeli|rete
4664|unsha|po
4665|toads|love
4666|unki|pro
4667|desti|ch
4668|miti|homic
4669|chas|ape
4670|overb|su
4671|spor|preg
4672|cloth|th
4673|pec|swimt
4674|eel|swe
4675|prete|lev
4676|garl|est
4677|becau|frig
4678|fact|con
4679|quest|v
4680|dray|buoyt
4681|sobe|mec
4682|plead|for
4683|heirs|b
4684|endi|sco
4685|ton|d
4686|pelio|d
4687|order|quaer
4688|inco|un
4689|trun|gro
4690|balt|co
4691|eight|gadpr
4692|gend|im
4693|sulp|tuit
4694|askwi|friar
4695|boi|aff
4696|calve|sc
4697|prepo|the
4698|gondo|en
4699|cen|ins
4700|three|wiv
4701|obloq|slig
4702|whelp|liv
4703|haze|c
4704|deepl|main
4705|exec|coi
4706|hinc|c
4707|doorg|de
4708|subs|fai
4709|hobb|ido
4710|dout|d
4711|rhy|i
4712|roug|acc
4713|tars|fire
4714|put|str
4715|bugle|drau
4716|hei|groom
4717|leads|pa
4718|voi|porc
4719|monsi|un
4720|soul|tedio
4721|ashou|dra
4722|compo|limp
4723|five|incl
4724|work|imp
4725|shiv|cov
4726|ranka|ent
4727|cheru|pre
4728|know|vei
4729|grace|fa
4730|jaws|fed
4731|benil|c
4732|forme|ta
4733|refr|thy
4734|enac|b
4735|sall|reve
4736|amou|shu
4737|shame|pala
4738|inspi|f
4739|crumb|pen
4740|curio|cho
4741|wind|scra
4742|wond|peri
4743|large|trium
4744|repu|over
4745|equa|unki
4746|apolo|ap
4747|thinl|ad
4748|anti|jealo
4749|vast|over
4750|gasp|p
4751|atone|bas
4752|dispo|ne
4753|clu|seede
4754|hob|suf
4755|arra|em
4756|ansel|fore
4757|slum|f
4758|wet|tails
4759|stud|empoi
4760|righ|spec
4761|condu|hugh
4762|wan|un
4763|ill|do
4764|belc|sig
4765|swel|sma
4766|mir|capta
4767|cupi|mi
4768|proff|lowl
4769|extor|conc
4770|frac|crut
4771|vis|ape
4772|stifl|co
4773|missi|att
4774|happi|p
4775|alik|con
4776|imit|dain
4777|garm|pl
4778|obli|ge
4779|spu|unw
4780|awk|th
4781|text|pist
4782|grad|mora
4783|ask|sig
4784|laza|skil
4785|parth|lym
4786|pinep|w
4787|mons|toot
4788|yare|mo
4789|dues|ca
4790|seri|dain
4791|piteo|qua
4792|trebl|c
4793|past|mea
4794|fewse|agniz
4795|lati|lau
4796|newn|pione
4797|perfi|mac
4798|buil|disp
4799|heave|mach
4800|falco|cele
4801|anv|seel
4802|decea|tape
4803|hars|quit
4804|tism|ptol
4805|lop|de
4806|pamph|sugg
4807|gha|mi
4808|chet|s
4809|gulf|res
4810|cres|bu
4811|rule|gu
4812|janu|flow
4813|robi|affec
4814|wic|rep
4815|graff|mis
4816|cak|h
4817|stal|dili
4818|unth|bul
4819|sojo|imagi
4820|ocu|mist
4821|obsta|charg
4822|sotsc|the
4823|wives|ti
4824|foot|rece
4825|frost|tu
4826|oma|unh
4827|dism|skill
4828|boysv|take
4829|libe|sm
4830|phys|doorh
4831|arin|lu
4832|beyon|mom
4833|ausp|d
4834|inkh|sie
4835|pagan|moc
4836|hasti|q
4837|tale|per
4838|dears|no
4839|rose|obstr
4840|april|just
4841|hill|sear
4842|wood|sever
4843|ours|myste
4844|direc|distr
4845|drawe|narci
4846|hy|tail
4847|ioni|edga
4848|carr|mer
4849|accus|gees
4850|expre|me
4851|armie|halft
4852|fide|en
4853|volt|thump
4854|gain|petit
4855|saucy|co
4856|salv|dubbm
4857|humi|suff
4858|plou|trait
4859|caro|mona
4860|torn|be
4861|yond|de
4862|survi|mrs
4863|summ|vestu
4864|reala|bi
4865|lentb|supp
4866|fondn|dis
4867|adall|pre
4868|yarn|sum
4869|catli|qui
4870|disci|con
4871|ally|pa
4872|fadom|her
4873|goade|china
4874|matr|plane
4875|brun|favo
4876|perse|nobl
4877|dia|wai
4878|ampl|poll
4879|deri|cog
4880|cause|cl
4881|lunac|scann
4882|simp|r
4883|blown|cunn
4884|promu|candl
4885|baes|w
4886|somer|cust
4887|prem|dec
4888|monm|e
4889|hadun|cl
4890|rustl|an
4891|cone|cau
4892|thei|combi
4893|hasg|q
4894|hold|prac
4895|slay|repr
4896|vile|but
4897|phr|un
4898|scio|af
4899|gash|pelfb
4900|preor|sof
4901|nunc|fost
4902|fresh|dama
4903|clear|p
4904|mano|bos
4905|omen|backs
4906|sill|vei
4907|pena|rari
4908|sove|mis
4909|nat|magn
4910|reig|heard
4911|oil|mis
4912|dawsp|g
4913|tenda|t
4914|alas|al
4915|shin|chr
4916|dulle|tongu
4917|viz|sne
4918|knew|deli
4919|age|sca
4920|corne|div
4921|sepu|ap
4922|dragg|he
4923|skyu|fears
4924|haec|to
4925|sonn|ste
4926|jug|lovel
4927|isa|sca
4928|tempo|bo
4929|glan|ter
4930|ovi|saund
4931|waryu|taci
4932|tods|vi
4933|rivel|or
4934|fes|dis
4935|hone|impos
4936|tornb|recei
4937|phil|fran
4938|veil|un
4939|unpos|flo
4940|tou|a
4941|aspe|dev
4942|carna|ha
4943|cabba|opp
4944|eatw|flinc
4945|merli|boun
4946|bespa|paus
4947|sey|doi
4948|spark|reco
4949|lavi|as
4950|value|sp
4951|didaf|i
4952|exul|v
4953|chok|sli
4954|purp|gal
4955|ulc|expe
4956|nois|papw
4957|marig|heed
4958|gladl|allo
4959|dolo|py
4960|musc|b
4961|earun|kn
4962|rudde|st
4963|abs|d
4964|flas|ki
4965|bare|g
4966|dropp|etnas
4967|buffe|lar
4968|pari|ex
4969|anvi|put
4970|readi|obser
4971|turtl|span
4972|speed|br
4973|legi|ges
4974|elv|m
4975|ladde|pot
4976|bloat|c
4977|nymp|defea
4978|myst|def
4979|ape|plain
4980|gathe|boxes
4981|widow|shun
4982|garr|barre
4983|chewa|enact
4984|lake|pock
4985|lent|rec
4986|oe|ex
4987|meg|un
4988|garis|is
4989|gloz|conso
4990|breed|unre
4991|dally|pyre
4992|epith|bon
4993|innoc|mong
4994|fidd|tro
4995|eart|recou
4996|boist|sa
4997|quin|off
4998|affec|deb
4999|quoth|fort
5000|vac|se
