1|subt|im
2|moed|su
3|mess|shri
4|in|ta
5|tr|re
6|mu|dr
7|parti|tru
8|bli|mas
9|sla|not
10|bo|insu
11|tally|v
12|mys|gala
13|pagea|s
14|se|dis
15|sard|misc
16|fis|un
17|leav|phant
18|exh|sp
19|cl|offi
20|sa|boxe
21|nay|deb
22|naked|mau
23|untr|co
24|seasi|argu
25|al|chee
26|disco|fina
27|relia|pause
28|imp|h
29|gon|pr
30|shif|ho
31|arti|bene
32|miss|now
33|tisve|adjoi
34|wipee|photi
35|two|tr
36|frank|all
37|prolo|pr
38|wha|plai
39|stea|atte
40|teari|bath
41|at|prate
42|skye|obsc
43|det|r
44|grie|wort
45|prove|base
46|test|blea
47|am|fa
48|met|cou
49|ob|eter
50|m|pho
51|neck|reti
52|rushd|co
53|suspe|advis
54|clepe|boa
55|ung|tran
56|dolp|disco
57|chal|whe
58|acc|pri
59|sect|ad
60|gr|undu
61|lawnr|arc
62|ed|b
63|je|ma
64|reti|g
65|clos|corr
66|chew|serv
67|ut|s
68|fain|lena
69|coxw|ploug
70|obser|pud
71|toler|play
72|stif|peni
73|nu|inkd
74|savo|i
75|blo|cla
76|la|che
77|cor|o
78|unact|bac
79|acci|stare
80|smi|pr
81|trim|qu
82|bat|co
83|ro|a
84|rhe|sing
85|was|y
86|capab|fo
87|gallc|sist
88|bucku|upho
89|unp|r
90|otto|jar
91|gao|gnat
92|eav|orna
93|imper|adv
94|robe|mou
95|woem|ful
96|passa|ho
97|deca|car
98|ki|e
99|distu|co
100|une|anyfo
101|provo|ha
102|regre|duell
103|pan|winn
104|ind|nob
105|evi|r
106|lad|b
107|petra|ease
108|adm|west
109|oppos|mo
110|not|th
111|jea|quak
112|rui|turt
113|east|re
114|wear|ap
115|wi|di
116|reb|ul
117|seed|st
118|deu|s
119|her|d
120|brief|coo
121|nub|se
122|lus|cr
123|supe|memo
124|odo|pand
125|sun|dun
126|hilt|triu
127|sur|i
128|week|dap
129|stra|slu
130|unr|mu
131|blaz|jad
132|lac|lips
133|tippl|lab
134|offe|bro
135|op|coac
136|woei|pre
137|gorg|den
138|as|di
139|ale|amb
140|espo|diff
141|vani|a
142|devi|an
143|ord|bless
144|pill|snail
145|ar|tri
146|prime|tem
147|filt|bac
148|mal|rota
149|varle|c
150|cont|me
151|plain|ser
152|orbs|e
153|junoa|con
154|ship|tarq
155|k|br
156|bri|c
157|hea|tu
158|part|amb
159|hear|dumb
160|blame|s
161|exte|l
162|feats|pro
163|laps|wic
164|zene|re
165|ble|usu
166|deci|cu
167|min|s
168|sapi|rog
169|fu|writ
170|bete|aff
171|me|pe
172|ulce|unadv
173|ensn|ker
174|pol|soph
175|rye|vi
176|he|squi
177|da|lu
178|elb|faire
179|cran|a
180|dark|dee
181|less|m
182|boo|denot
183|hoof|rem
184|tho|plant
185|ocea|savag
186|kna|ti
187|trus|hu
188|begi|ci
189|grai|he
190|sinn|l
191|tw|fa
192|furt|bacch
193|tuit|remo
194|cea|dif
195|drea|s
196|tip|att
197|ree|dra
198|dep|long
199|priv|con
200|far|re
201|ra|cuck
202|ker|jo
203|dis|st
204|riot|gallo
205|des|acc
206|bedc|snea
207|fac|waitr
208|strif|fo
209|seeki|op
210|tendi|c
211|rec|minc
212|bi|shrug
213|fanc|adv
214|round|dis
215|diabl|cas
216|rage|nicet
217|fear|cree
218|bakp|ma
219|dr|scho
220|cinc|gu
221|geffr|s
222|bisho|conc
223|wedn|sc
224|varn|conco
225|realm|r
226|zoun|gr
227|j|wa
228|prit|c
229|opini|fil
230|guil|bo
231|lamb|bit
232|eats|clo
233|sc|blow
234|mith|sub
235|repr|unlik
236|deig|fie
237|knit|hoar
238|win|bri
239|nod|pione
240|sens|stoc
241|dil|idol
242|disa|lu
243|sor|fore
244|blis|dec
245|credi|inte
246|emhr|flig
247|qua|vio
248|bath|ni
249|braz|morg
250|thy|sm
251|lux|tybu
252|winn|cas
253|stand|tam
254|farr|pre
255|aug|sedi
256|alepp|wi
257|wher|oppo
258|per|to
259|chit|pa
260|diffs|swa
261|horo|emb
262|schol|sm
263|voic|gall
264|pen|foll
265|rema|as
266|sewer|haw
267|link|de
268|dow|darin
269|river|we
270|misp|vile
271|mami|cambr
272|goodl|pen
273|sits|sc
274|heart|under
275|sensi|calc
276|holi|firs
277|map|la
278|tot|s
279|nig|scow
280|vir|reb
281|vilen|fac
282|butl|bl
283|pipp|pr
284|tu|wa
285|sol|crac
286|hu|b
287|noon|penc
288|hon|acq
289|dast|firm
290|sot|d
291|swa|pa
292|vaisf|mazza
293|patc|stag
294|marc|bredc
295|char|e
296|luck|nage
297|alta|defe
298|wit|fa
299|bas|un
300|unla|cla
301|baks|expe
302|stabl|to
303|iras|eg
304|ab|ent
305|sin|car
306|unan|catc
307|rej|bar
308|wh|dom
309|twosp|sal
310|depa|com
311|pres|vid
312|blubb|expo
313|mice|func
314|bl|unkn
315|norwe|r
316|bes|p
317|app|chamb
318|upwa|a
319|vigi|affli
320|ref|torm
321|yeom|other
322|caud|pe
323|cani|duc
324|seats|u
325|gul|pre
326|ceas|tim
327|specu|des
328|coh|abbo
329|ripe|infor
330|hurdl|pa
331|awful|assi
332|liege|f
333|roas|beh
334|will|cate
335|alcid|aus
336|bagsa|brut
337|retur|mar
338|meth|an
339|absta|cho
340|crea|ni
341|fi|comp
342|adjo|per
343|feat|pi
344|fumb|erepo
345|unn|impos
346|erri|th
347|salu|woo
348|hav|imp
349|tea|revol
350|rise|tr
351|hungr|rec
352|black|wreat
353|fing|worth
354|pun|make
355|conni|alo
356|peop|r
357|conve|bab
358|tuc|u
359|usa|bend
360|doub|espec
361|fet|ma
362|mete|fou
363|rat|infa
364|law|knoc
365|pto|tri
366|dec|cl
367|lew|pier
368|berri|reeli
369|refu|in
370|march|im
371|vacan|cab
372|bagg|d
373|lo|ca
374|gl|i
375|indi|m
376|rebuk|fan
377|poli|fet
378|esco|ste
379|power|disso
380|to|wa
381|copi|jew
382|jeop|p
383|div|dra
384|crim|r
385|indu|apri
386|be|a
387|ent|i
388|begui|s
389|lack|veng
390|mak|pompo
391|uncon|i
392|expen|s
393|unl|re
394|cankc|att
395|thems|accu
396|gna|per
397|egre|f
398|d|c
399|dig|hov
400|inv|br
401|cre|pre
402|world|sorr
403|tril|butt
404|foun|po
405|ense|sa
406|red|h
407|end|b
408|mine|lec
409|lang|fam
410|bal|gr
411|wes|fi
412|bar|un
413|thor|tri
414|woolb|pl
415|unma|tool
416|seeun|forg
417|venue|mo
418|trac|u
419|grac|ree
420|clo|polac
421|occas|clim
422|dinn|fl
423|unliv|pro
424|dostp|gre
425|bowd|s
426|c|meed
427|lilie|grim
428|misc|sou
429|woo|muten
430|ste|fl
431|line|jo
432|le|to
433|pow|yetu
434|do|daw
435|gre|com
436|ouph|ru
437|bic|de
438|all|bene
439|comf|lea
440|dir|cum
441|civ|chiva
442|undu|ship
443|efte|send
444|ja|herm
445|dee|suf
446|dou|fare
447|sum|lev
448|debas|mi
449|ba|grea
450|lea|gro
451|gin|a
452|sme|stra
453|mumha|sus
454|play|d
455|perso|thi
456|vid|cast
457|commi|unde
458|ban|nas
459|holpo|honor
460|hatha|empt
461|hem|spid
462|fei|cynth
463|cater|chin
464|stock|stir
465|becom|va
466|pathd|perso
467|mini|bar
468|ski|dut
469|amids|mark
470|mult|grav
471|accou|su
472|seaso|couns
473|abo|greek
474|thank|so
475|merc|stop
476|lopre|denie
477|insp|givee
478|bem|fad
479|dispe|si
480|chudb|prow
481|toss|shr
482|saun|fres
483|vizo|scu
484|taug|pi
485|unrec|th
486|v|grap
487|deed|f
488|reser|bla
489|out|pr
490|hed|p
491|birds|gal
492|s|ter
493|smat|i
494|sho|roo
495|cae|par
496|boun|soi
497|nib|cl
498|gree|fate
499|val|ba
500|writ|pro
501|contr|ro
502|boltf|give
503|cumbl|turn
504|eth|on
505|cree|sp
506|tour|occ
507|deal|geld
508|sl|t
509|dul|di
510|name|re
511|uncu|cu
512|off|ex
513|birth|r
514|royni|conco
515|jol|ess
516|colo|submi
517|fleer|pl
518|ordin|desir
519|lava|geld
520|slig|an
521|pe|as
522|dang|no
523|aco|nurs
524|visi|unpe
525|grum|depu
526|agree|oppo
527|pipi|side
528|mudd|app
529|grisl|le
530|liv|t
531|emp|moons
532|bootl|thie
533|toke|scar
534|syno|holl
535|raven|s
536|quoni|ex
537|pre|su
538|ora|dagg
539|st|pr
540|avo|un
541|whi|ride
542|theo|mol
543|outc|u
544|destr|ins
545|cryp|rav
546|nes|panta
547|wri|cic
548|murt|ma
549|pr|mo
550|ni|ug
551|reas|exp
552|statu|healm
553|defe|po
554|egr|con
555|sieve|recko
556|swor|str
557|hie|to
558|circ|gil
559|fews|say
560|tal|la
561|justn|p
562|arr|bu
563|lim|jur
564|drun|do
565|inve|caiu
566|sail|gr
567|like|su
568|tap|upl
569|t|cook
570|rea|belo
571|eatco|vom
572|tige|barr
573|capta|heav
574|jep|vi
575|hil|cler
576|rung|hund
577|found|fat
578|fil|vill
579|conc|th
580|unbel|chr
581|throm|wate
582|fury|s
583|strum|str
584|tur|pa
585|li|man
586|acti|g
587|henc|re
588|cau|heret
589|lamo|c
590|nour|shre
591|addre|dis
592|rud|charm
593|par|mo
594|joyco|oa
595|mona|th
596|neg|lik
597|pasti|sm
598|ordi|ind
599|lege|clip
600|diffe|dwelt
601|outf|psa
602|mag|tol
603|razm|pr
604|co|epit
605|ye|champ
606|geese|les
607|alli|or
608|cov|vene
609|leo|jaun
610|jowls|fell
611|tough|da
612|gal|lu
613|mon|hast
614|culp|cl
615|appr|reed
616|impaw|bef
617|draws|buck
618|fea|eng
619|recom|buryi
620|neut|hin
621|prec|du
622|sw|ma
623|assu|este
624|achi|inc
625|str|tr
626|lam|the
627|jaqu|mildl
628|hen|w
629|ce|easi
630|enc|th
631|ou|lo
632|ples|m
633|pois|go
634|pind|b
635|simpl|car
636|nobl|pota
637|bobha|godf
638|fame|fro
639|maso|vipe
640|his|si
641|dete|pint
642|woun|u
643|asso|nem
644|benu|pl
645|bish|abedt
646|sig|un
647|masts|tela
648|hai|pr
649|jourd|gorg
650|plod|pewr
651|gro|exch
652|dulyv|g
653|pu|glan
654|leche|fa
655|temps|tha
656|becko|terr
657|san|rob
658|howe|sext
659|eb|s
660|surf|medi
661|enme|pres
662|wou|reec
663|pige|hear
664|mis|brund
665|cric|fis
666|pur|thwa
667|detes|fear
668|cash|bo
669|shov|pan
670|pil|m
671|sli|psa
672|coi|im
673|blot|cli
674|titus|show
675|iss|petti
676|proo|dung
677|valui|note
678|mend|st
679|no|me
680|drunk|bri
681|ital|eng
682|subsc|swel
683|foll|eithe
684|tria|ove
685|whe|perpe
686|obst|su
687|tum|touch
688|good|boug
689|awa|li
690|brav|haunt
691|recan|batt
692|magn|comme
693|unct|mo
694|joy|behe
695|una|go
696|merr|dr
697|den|lab
698|unf|app
699|impl|nece
700|time|pe
701|ita|slid
702|buff|hund
703|whea|reve
704|mort|enco
705|soli|the
706|defi|b
707|franv|pre
708|bowed|mo
709|pigmy|gr
710|powe|ir
711|rac|sti
712|tre|game
713|spe|fa
714|waryg|ex
715|vapo|gro
716|lame|finge
717|nob|ord
718|verba|inti
719|mau|matr
720|gar|bera
721|mec|gonz
722|paidc|firf
723|spea|dwe
724|af|opp
725|beq|depa
726|obj|tape
727|openi|imp
728|jaun|surn
729|up|dis
730|villi|pla
731|cal|indue
732|phan|bae
733|enem|w
734|exasp|wor
735|enda|hau
736|fee|ta
737|reve|end
738|enw|har
739|lamm|speak
740|adv|thr
741|f|shal
742|hur|p
743|bit|wa
744|conce|darte
745|loa|di
746|roa|henc
747|bled|mus
748|deli|sligh
749|cripp|di
750|stu|onema
751|even|uns
752|bedr|dis
753|disea|neigh
754|beh|cul
755|rai|rath
756|fana|lim
757|appoi|poly
758|rare|mor
759|vigo|love
760|ens|sauc
761|serve|inte
762|dest|yokes
763|invu|concl
764|pa|pur
765|watc|ga
766|sout|ca
767|doubl|fe
768|fla|beha
769|hect|fo
770|caiu|unm
771|berr|seizu
772|cerem|trill
773|bla|want
774|lab|st
775|diam|wr
776|equ|swa
777|shou|k
778|angst|r
779|rampi|c
780|barn|sco
781|bu|prev
782|thic|devi
783|what|fin
784|kneea|di
785|coug|revi
786|bene|gl
787|pra|pro
788|tee|shar
789|hies|couc
790|cyn|loss
791|an|app
792|pio|pr
793|unga|envir
794|gor|coun
795|yiel|c
796|bak|ranc
797|groat|cynic
798|de|sup
799|infi|bird
800|lions|maid
801|maste|pro
802|outj|pe
803|sylla|penal
804|ca|da
805|cit|outs
806|inf|du
807|impat|plast
808|fli|fore
809|soa|fol
810|deter|ex
811|steep|sh
812|vol|dis
813|van|fast
814|tran|un
815|hides|dubb
816|basi|ho
817|sanc|dec
818|lips|elem
819|id|hect
820|ho|jun
821|wor|disg
822|bede|omi
823|argal|femal
824|forg|ca
825|bur|b
826|court|et
827|sil|edu
828|lawf|bla
829|hayb|du
830|docto|dece
831|ful|feign
832|revea|gari
833|rams|tress
834|scurr|puni
835|whose|hoa
836|dru|bob
837|war|u
838|misgo|ac
839|conv|inter
840|dizz|bequ
841|gra|ma
842|mids|ra
843|gobbe|sc
844|wo|rec
845|unc|stith
846|dei|cir
847|dilat|ba
848|divi|ma
849|denou|viola
850|confi|abhor
851|drin|south
852|bou|p
853|tollu|pra
854|jour|pur
855|inst|fitz
856|erud|deso
857|dams|drest
858|quar|dress
859|esqu|snak
860|razi|t
861|opp|veni
862|vowe|gree
863|tumb|dyin
864|mai|oreg
865|si|c
866|labou|begu
867|q|sake
868|dild|be
869|unta|int
870|unsl|ea
871|cord|cri
872|loo|th
873|ke|wea
874|sen|gil
875|laurt|n
876|abys|cowa
877|pi|divi
878|pour|et
879|baki|inte
880|heir|cab
881|ala|inw
882|unpru|r
883|rind|f
884|rebu|prop
885|dash|stri
886|num|le
887|legs|imita
888|shi|mo
889|comp|dem
890|harks|coel
891|zed|in
892|sick|und
893|frien|f
894|enf|th
895|shed|mare
896|shee|knoc
897|swe|dec
898|smack|need
899|col|pro
900|sinne|ca
901|betw|cham
902|resc|tent
903|overl|de
904|hapl|orbt
905|com|t
906|chide|defe
907|rev|iri
908|lucre|bi
909|griml|bon
910|drow|le
911|cha|imp
912|joyt|cum
913|pren|c
914|bui|p
915|conte|tau
916|dispu|cori
917|phile|bou
918|ma|recog
919|limit|save
920|alte|sq
921|testi|carl
922|topsh|hare
923|bast|e
924|tunsj|col
925|endan|aloof
926|poor|p
927|hidth|true
928|ah|cursd
929|gi|trea
930|p|enc
931|ta|cha
932|irish|smit
933|wir|tor
934|mist|jo
935|che|ep
936|acrem|pa
937|lan|honou
938|blac|fami
939|adve|g
940|ur|vomit
941|cull|foc
942|tumul|eyes
943|geli|mi
944|jade|cha
945|teem|tune
946|manag|tins
947|bull|th
948|plu|as
949|nell|c
950|who|belee
951|muzz|int
952|sak|f
953|fos|a
954|allc|be
955|stir|orkso
956|jest|yard
957|wells|medi
958|prog|glaz
959|fo|hogsh
960|mar|strif
961|qual|he
962|apol|purs
963|aimsm|une
964|fai|va
965|rew|profa
966|disca|u
967|oeuv|mil
968|brib|min
969|privy|hou
970|barb|w
971|b|comp
972|decem|depa
973|post|ever
974|fisn|topp
975|unfi|pi
976|draw|c
977|eva|as
978|spin|succ
979|tra|curr
980|fann|ap
981|wait|cere
982|curat|for
983|swim|sl
984|bale|phi
985|clare|pe
986|blab|be
987|fans|tu
988|euro|youn
989|hum|ple
990|gagin|wh
991|cante|div
992|onwa|embal
993|ju|ste
994|dot|dena
995|love|l
996|gout|p
997|chudc|sn
998|br|dis
999|dif|stuf
1000|advis|penit
1001|cens|l
1002|addl|gi
1003|pepi|hef
1004|abili|cowa
1005|full|roe
1006|unco|swagg
1007|etern|blu
1008|sanct|pl
1009|tuesd|hap
1010|ad|pa
1011|tongu|di
1012|too|erro
1013|du|dulc
1014|perp|heed
1015|suc|tigh
1016|eve|decl
1017|disp|bo
1018|lawns|best
1019|epic|vexa
1020|beha|g
1021|mea|dige
1022|rav|b
1023|saws|fant
1024|cloud|build
1025|almi|mi
1026|hel|esqui
1027|daw|seel
1028|el|l
1029|drink|rev
1030|coop|unt
1031|towe|like
1032|fut|cle
1033|displ|us
1034|maggo|d
1035|light|om
1036|wa|aptb
1037|motl|grazi
1038|debi|ra
1039|iden|myse
1040|impo|egyp
1041|ghos|glut
1042|sand|per
1043|spit|ounc
1044|cavi|p
1045|gen|consu
1046|man|cov
1047|sudd|mur
1048|cer|fai
1049|pap|flag
1050|ple|choll
1051|frigh|desp
1052|envy|sle
1053|vagr|unse
1054|purg|ret
1055|.th|unp
1056|sugr|nor
1057|arith|mu
1058|rip|demu
1059|woodc|jade
1060|foo|eros
1061|whis|wi
1062|prot|rec
1063|remo|fe
1064|longt|gar
1065|ep|i
1066|desp|compa
1067|amb|disc
1068|ha|p
1069|raz|inl
1070|sus|gr
1071|mur|ship
1072|rust|isbe
1073|rook|damt
1074|encou|app
1075|pewu|dra
1076|sup|v
1077|mered|co
1078|move|betro
1079|bai|rar
1080|aqua|swun
1081|bark|men
1082|rogu|s
1083|oct|nomi
1084|trot|graz
1085|bent|conse
1086|arde|displ
1087|a|p
1088|degen|en
1089|stee|bed
1090|sess|av
1091|neckl|ra
1092|excr|tray
1093|appet|reme
1094|harm|laps
1095|bol|fl
1096|vaga|re
1097|int|far
1098|moul|chan
1099|vel|litt
1100|try|embl
1101|tram|dr
1102|chall|sedu
1103|pla|tick
1104|doit|dr
1105|wolf|lo
1106|ve|imp
1107|cho|pled
1108|wr|seenp
1109|var|mo
1110|smo|inhe
1111|fit|yest
1112|vant|tr
1113|ami|lo
1114|lun|fo
1115|enth|bi
1116|we|che
1117|sple|whis
1118|boil|ay
1119|nere|cou
1120|cou|shado
1121|hott|b
1122|procl|iss
1123|few|conf
1124|encr|no
1125|care|inhib
1126|loc|phi
1127|untun|wra
1128|inc|me
1129|leave|leg
1130|rep|spot
1131|sto|exped
1132|en|befe
1133|path|miti
1134|grand|v
1135|aur|r
1136|crue|tor
1137|swea|unki
1138|chie|mole
1139|male|ca
1140|admi|po
1141|weig|man
1142|gut|conc
1143|pet|g
1144|lie|re
1145|pri|h
1146|gel|cate
1147|pat|f
1148|winki|be
1149|ext|co
1150|mil|p
1151|supp|vio
1152|gaged|anat
1153|ay|sli
1154|lastc|ga
1155|eiet|loll
1156|adver|spra
1157|appa|porc
1158|recre|ch
1159|vesse|su
1160|pli|t
1161|stam|wagre
1162|swo|iden
1163|grow|obst
1164|cir|wr
1165|repa|supp
1166|newe|chor
1167|ratt|dull
1168|combi|we
1169|lusc|rice
1170|vaum|c
1171|uns|p
1172|fas|porte
1173|vomi|ple
1174|fl|gr
1175|unfor|pr
1176|tha|unc
1177|exa|ve
1178|descr|ear
1179|er|disco
1180|klll|kn
1181|ush|spa
1182|mono|ecl
1183|car|g
1184|lose|con
1185|drug|guid
1186|herbs|clos
1187|shap|putti
1188|sk|di
1189|tor|comp
1190|owed|am
1191|alle|scu
1192|immed|cormo
1193|angel|brewa
1194|termu|vero
1195|shoul|vic
1196|forge|ap
1197|vowed|ca
1198|obse|daun
1199|ga|lang
1200|tub|conj
1201|harr|wond
1202|fa|err
1203|seve|savo
1204|rhap|we
1205|uncl|chanc
1206|beste|pi
1207|deepe|ra
1208|chanc|ju
1209|unle|penn
1210|ge|incl
1211|steel|pla
1212|om|ge
1213|net|jo
1214|na|laur
1215|arnp|ghas
1216|crus|bet
1217|bea|st
1218|ow|torme
1219|inevi|incr
1220|sta|be
1221|wea|disl
1222|fick|comp
1223|frame|swou
1224|clamm|usur
1225|y|unta
1226|macu|inst
1227|keepe|commi
1228|spa|favo
1229|kee|monta
1230|fra|wh
1231|sati|redo
1232|killi|f
1233|unt|bu
1234|star|glen
1235|meadc|c
1236|nun|deane
1237|w|feat
1238|awe|bri
1239|prae|colli
1240|caps|longb
1241|mots|won
1242|than|wink
1243|ber|h
1244|te|w
1245|pref|niob
1246|bra|mee
1247|quid|ref
1248|erran|holid
1249|manl|stop
1250|elbow|th
1251|kite|bus
1252|humes|sh
1253|lead|ad
1254|h|block
1255|abu|her
1256|perpl|disc
1257|art|en
1258|lard|in
1259|envio|bra
1260|rest|cl
1261|huju|jus
1262|mus|ne
1263|org|gutt
1264|adju|rust
1265|crut|coug
1266|scr|expe
1267|damna|pri
1268|await|neg
1269|whipt|haut
1270|l|re
1271|delig|lu
1272|jerk|u
1273|ouibr|becom
1274|pau|adi
1275|vict|squa
1276|sco|scri
1277|tru|ste
1278|soft|esp
1279|juggl|fi
1280|learn|nin
1281|beau|c
1282|brai|dex
1283|pilef|f
1284|buck|lame
1285|whit|cr
1286|dalli|cl
1287|get|see
1288|musi|im
1289|sai|a
1290|colou|unc
1291|cent|barg
1292|flu|womb
1293|lurks|fee
1294|accum|ho
1295|smac|simoi
1296|sev|st
1297|wrat|se
1298|wort|har
1299|ang|hai
1300|ya|co
1301|pass|inten
1302|propo|co
1303|total|me
1304|hurt|int
1305|zeal|eith
1306|expec|womb
1307|horn|spenc
1308|thurs|c
1309|unbe|dime
1310|whist|slu
1311|atte|pr
1312|cures|a
1313|temp|sc
1314|compa|acad
1315|plo|wary
1316|hemp|hal
1317|torto|marj
1318|pins|payme
1319|exce|pl
1320|jeal|man
1321|pedl|in
1322|prosc|u
1323|laz|lou
1324|biddi|tan
1325|godd|talk
1326|ren|de
1327|gad|su
1328|despi|quit
1329|spilt|per
1330|gri|wor
1331|medit|tarri
1332|read|requi
1333|gage|bals
1334|ti|u
1335|empt|com
1336|glist|hu
1337|cas|ophhe
1338|isla|doff
1339|fre|br
1340|pro|hun
1341|slu|seven
1342|regr|voice
1343|eng|pain
1344|au|re
1345|join|desi
1346|wres|flaky
1347|deser|tr
1348|frenc|lamen
1349|unca|cha
1350|abj|da
1351|jus|twig
1352|flex|ill
1353|po|bened
1354|bajaz|debt
1355|pert|mo
1356|frog|e
1357|congr|anci
1358|fan|vene
1359|fe|r
1360|clien|fami
1361|poi|poli
1362|fle|gem
1363|qu|fol
1364|spre|sizg
1365|lowtr|pre
1366|bed|mini
1367|indif|un
1368|nail|lar
1369|lev|la
1370|del|p
1371|dive|pred
1372|quea|ex
1373|prov|bau
1374|sub|boot
1375|wol|dedic
1376|ador|ther
1377|smoo|pris
1378|is|fea
1379|etn|po
1380|dire|re
1381|wrest|plum
1382|jacob|son
1383|imagi|re
1384|pebb|vul
1385|circl|pro
1386|fles|coe
1387|hild|bra
1388|tree|marc
1389|vi|fast
1390|nowhe|engag
1391|child|pente
1392|alm|enlar
1393|pure|met
1394|unfe|inwa
1395|twig|ch
1396|maj|rem
1397|hudd|di
1398|neede|tr
1399|enthr|f
1400|roma|dig
1401|oun|h
1402|enco|ore
1403|purrc|comp
1404|storm|di
1405|ri|rec
1406|dani|sa
1407|on|ext
1408|darl|ind
1409|os|globe
1410|puri|mark
1411|adop|bar
1412|squi|ch
1413|often|c
1414|stun|pro
1415|unwor|gra
1416|cabl|pygm
1417|bonn|note
1418|acco|hast
1419|ne|close
1420|life|plain
1421|benef|savi
1422|di|ber
1423|soo|a
1424|fool|bon
1425|rey|dec
1426|vic|oat
1427|su|he
1428|you|g
1429|shrou|la
1430|bles|morn
1431|g|va
1432|grudg|sp
1433|lovel|fi
1434|keys|jete
1435|dawn|con
1436|succ|ch
1437|rem|for
1438|cro|cov
1439|cr|s
1440|smite|unf
1441|bru|di
1442|tac|offic
1443|spl|e
1444|boors|pur
1445|lowne|corb
1446|daunt|fai
1447|scour|unbr
1448|must|maj
1449|forat|tent
1450|bold|tem
1451|exc|oste
1452|titin|fulfi
1453|where|pro
1454|ragge|re
1455|bran|unsw
1456|cheer|wall
1457|lear|bor
1458|bew|dea
1459|copu|chee
1460|yok|e
1461|har|mel
1462|targe|panca
1463|heig|ed
1464|urget|val
1465|unto|tes
1466|reca|wee
1467|won|da
1468|un|want
1469|eye|cowar
1470|whol|om
1471|kib|l
1472|trea|wi
1473|rece|rum
1474|late|pee
1475|terme|pluc
1476|anc|mel
1477|somet|rel
1478|tory|riper
1479|kn|re
1480|older|defor
1481|sole|co
1482|ot|bot
1483|tull|ed
1484|rail|si
1485|les|conv
1486|n|ensn
1487|chi|sc
1488|wast|sn
1489|arg|st
1490|flaw|spel
1491|prope|st
1492|jou|deci
1493|inte|stra
1494|solem|her
1495|satep|dam
1496|gilb|jud
1497|keen|bul
1498|awem|abhom
1499|fire|a
1500|chr|si
1501|hyd|fewre
1502|hand|e
1503|nip|s
1504|unlaw|latel
1505|cri|ro
1506|e|aco
1507|sou|butl
1508|sop|p
1509|trad|e
1510|myn|fai
1511|pocky|sca
1512|beg|iso
1513|issu|ir
1514|th|p
1515|babi|flew
1516|affe|po
1517|ironr|mask
1518|disti|soot
1519|unh|vica
1520|vow|con
1521|loos|gall
1522|unde|invi
1523|infu|unpa
1524|unha|uncl
1525|clam|cost
1526|avai|c
1527|unge|p
1528|ise|go
1529|res|ba
1530|batt|man
1531|cel|ador
1532|prof|b
1533|guard|s
1534|lou|na
1535|or|candl
1536|dar|capr
1537|for|exp
1538|gips|bea
1539|latt|dar
1540|soun|c
1541|obid|tw
1542|ubi|coun
1543|ant|enter
1544|foi|co
1545|inl|de
1546|alo|qua
1547|criti|fl
1548|vent|ex
1549|dri|te
1550|ride|assi
1551|goo|un
1552|bode|pl
1553|speak|upbr
1554|bitsc|c
1555|favo|fork
1556|men|inc
1557|snea|fro
1558|aea|aspir
1559|swee|re
1560|lend|best
1561|howb|pur
1562|logg|m
1563|unsh|fl
1564|agues|enc
1565|eff|pr
1566|wad|phry
1567|lotad|wo
1568|vo|may
1569|true|ende
1570|date|jea
1571|unre|sco
1572|thro|gidd
1573|kind|ea
1574|assl|sw
1575|gil|i
1576|noti|sic
1577|cand|no
1578|pear|ga
1579|half|slime
1580|fal|real
1581|mann|tor
1582|mi|hood
1583|cu|comm
1584|rig|se
1585|ph|usefu
1586|limed|thi
1587|exalt|fr
1588|beli|li
1589|via|scald
1590|bet|writ
1591|gill|inv
1592|grat|ran
1593|vesp|w
1594|mored|here
1595|entr|holid
1596|vore|s
1597|note|se
1598|por|germ
1599|inha|sev
1600|cyp|bare
1601|disc|gr
1602|mode|shr
1603|unju|wilde
1604|rap|tra
1605|basn|prunk
1606|ric|gaze
1607|ropes|lo
1608|ackn|gibm
1609|sn|disj
1610|etcp|swin
1611|pot|seem
1612|ex|colle
1613|overs|unass
1614|taint|glor
1615|oy|m
1616|enve|reso
1617|blus|qu
1618|mali|hast
1619|zo|q
1620|flyi|can
1621|fau|hell
1622|appe|bani
1623|yield|duck
1624|consu|ten
1625|fir|he
1626|vio|rar
1627|woful|guil
1628|ze|d
1629|reco|abo
1630|ewe|headl
1631|over|mont
1632|wondr|poten
1633|fran|mel
1634|butch|cr
1635|tinke|d
1636|knee|iri
1637|infer|ack
1638|pl|ca
1639|weave|rosa
1640|lov|unken
1641|windi|ann
1642|ponia|sphe
1643|ter|c
1644|sea|crow
1645|envi|acc
1646|hurts|sal
1647|ag|pawn
1648|blowe|con
1649|bott|racke
1650|suff|jolli
1651|repul|cyg
1652|cordl|urg
1653|shy|con
1654|ball|pron
1655|serv|suff
1656|senoy|su
1657|mor|we
1658|inh|c
1659|refre|her
1660|noi|lim
1661|beget|l
1662|kno|pes
1663|skyi|cha
1664|ru|orde
1665|alci|valen
1666|cap|sa
1667|viza|metr
1668|med|t
1669|hid|he
1670|abom|spic
1671|princ|four
1672|lye|c
1673|u|in
1674|vaca|wipe
1675|eveni|kn
1676|mad|be
1677|turl|legeb
1678|bepa|walk
1679|perju|woul
1680|athw|grea
1681|cram|touch
1682|heri|getn
1683|vala|de
1684|trib|m
1685|expr|de
1686|reeki|lum
1687|urges|gl
1688|unex|l
1689|emb|ad
1690|prod|me
1691|lau|c
1692|conti|prig
1693|live|han
1694|stage|unbu
1695|free|mis
1696|jig|sp
1697|frui|dr
1698|phi|da
1699|watch|unma
1700|sq|pote
1701|flago|di
1702|ch|inch
1703|rend|ca
1704|exhi|ocul
1705|hollo|subt
1706|lawl|pol
1707|until|bo
1708|madne|ca
1709|hap|blac
1710|rel|hea
1711|godso|find
1712|loosr|blemi
1713|pis|ex
1714|betr|ailf
1715|britt|swa
1716|bedfe|gibin
1717|step|affli
1718|imi|out
1719|oa|me
1720|troop|assa
1721|phoen|ne
1722|alls|de
1723|roya|when
1724|rude|ly
1725|toaz|pie
1726|afor|fo
1727|spr|rub
1728|shall|fren
1729|eleph|doits
1730|irre|swea
1731|dal|c
1732|resp|fa
1733|hicc|spi
1734|ance|song
1735|def|goos
1736|torei|n
1737|mit|rush
1738|hawkk|unst
1739|poss|gr
1740|gu|re
1741|fals|re
1742|vagro|sc
1743|rewa|cu
1744|hida|co
1745|capar|afr
1746|phoeb|wor
1747|dare|here
1748|lolli|peop
1749|sm|me
1750|ince|br
1751|home|diffi
1752|revi|dale
1753|lodgi|dee
1754|panda|gui
1755|nerv|sour
1756|va|occu
1757|thr|di
1758|mont|ta
1759|pace|p
1760|cur|lif
1761|ci|est
1762|o|fir
1763|turf|re
1764|prob|esill
1765|betra|ce
1766|item|thr
1767|aban|unfol
1768|see|ga
1769|levy|woe
1770|nunn|aq
1771|spee|north
1772|rebe|dest
1773|reek|c
1774|tow|har
1775|twa|exc
1776|discl|m
1777|liep|co
1778|dist|bate
1779|fard|coul
1780|benvo|di
1781|gov|excl
1782|tut|inc
1783|chudt|p
1784|allo|sa
1785|wom|spra
1786|pac|nee
1787|bel|unswe
1788|so|unfil
1789|blast|larkg
1790|cana|gra
1791|coup|pre
1792|sh|cons
1793|hour|thi
1794|dam|hai
1795|foeen|epith
1796|misa|sorr
1797|unpr|mi
1798|dece|dra
1799|luna|ru
1800|fri|testi
1801|surv|mi
1802|tend|com
1803|ali|weig
1804|yie|hope
1805|re|vo
1806|sca|ens
1807|rib|humo
1808|earth|shar
1809|stak|perv
1810|ac|wetru
1811|fur|a
1812|regu|wh
1813|pudd|vo
1814|likel|orde
1815|bakes|bless
1816|obs|zea
1817|shri|d
1818|esc|ates
1819|caesa|tal
1820|tremo|de
1821|use|eas
1822|foxes|cer
1823|con|sense
1824|tui|fort
1825|sp|cram
1826|jo|re
1827|wre|wrec
1828|gros|cher
1829|tookb|sa
1830|enti|po
1831|spar|unusp
1832|coin|unk
1833|thri|str
1834|wip|bag
1835|bound|lar
1836|imm|inst
1837|ins|bea
1838|frig|flow
1839|prie|det
1840|tem|stoc
1841|unres|re
1842|juge|i
1843|hoo|fr
1844|genit|bate
1845|nerve|fra
1846|nec|engag
1847|fami|preg
1848|cat|co
1849|thith|se
1850|slac|poll
1851|mer|enri
1852|bad|ha
1853|fr|sorr
1854|ser|ulys
1855|offer|de
1856|rive|conju
1857|lut|mids
1858|gua|un
1859|hois|unawa
1860|pos|go
1861|coro|fo
1862|stone|shelt
1863|seam|sk
1864|et|m
1865|im|wor
1866|hug|loat
1867|clapp|rev
1868|poin|mer
1869|parc|gla
1870|pedan|faulc
1871|fant|gyv
1872|buz|auth
1873|disd|ale
1874|r|pole
1875|chri|abase
1876|rum|stead
1877|que|foul
1878|birc|b
1879|bus|hoard
1880|plots|uns
1881|elo|r
1882|lapr|lod
1883|phe|ga
1884|goot|ra
1885|vell|quo
1886|symp|merr
1887|sti|b
1888|ebon|capt
1889|passi|des
1890|jumpq|mars
1891|the|dra
1892|bul|bitsp
1893|midd|vitae
1894|dungh|feed
1895|us|bli
1896|em|s
1897|cons|b
1898|scen|a
1899|vali|merm
1900|canon|pat
1901|suns|unmi
1902|gaves|dom
1903|advan|fig
1904|apem|di
1905|cred|tour
1906|unque|y
1907|dad|bads
1908|tri|begga
1909|gall|pr
1910|mutua|ta
1911|nex|anten
1912|ran|dro
1913|pal|hea
1914|tres|det
1915|palme|de
1916|i|ear
1917|ome|cha
1918|testy|br
1919|mo|blo
1920|lig|h
1921|meagr|acc
1922|kin|broa
1923|resi|panc
1924|bree|addi
1925|epit|assu
1926|spur|we
1927|stay|un
1928|mutt|br
1929|brew|des
1930|expe|hies
1931|dau|reco
1932|rank|a
1933|ess|fami
1934|aims|tell
1935|cond|dars
1936|upli|russ
1937|rub|fil
1938|cla|co
1939|pad|u
1940|perf|be
1941|han|ita
1942|mem|soot
1943|reap|spar
1944|regul|cram
1945|agam|groan
1946|plas|pre
1947|buri|ra
1948|sting|unpe
1949|exac|goo
1950|pensi|fox
1951|ap|owner
1952|thin|rubi
1953|adva|defu
1954|bear|wi
1955|pulpi|trueb
1956|pove|th
1957|plut|par
1958|paw|pil
1959|mutes|lig
1960|gru|be
1961|sat|v
1962|topp|immed
1963|unpur|tr
1964|pilg|tr
1965|prep|will
1966|lethe|cou
1967|gui|st
1968|go|he
1969|abso|a
1970|mat|mon
1971|there|tel
1972|letl|ken
1973|agon|ump
1974|quaer|li
1975|ensui|doom
1976|soon|w
1977|bewee|descr
1978|cypre|p
1979|slau|fa
1980|of|sens
1981|sav|effe
1982|fol|pist
1983|touc|b
1984|unwr|enrid
1985|hyp|pas
1986|trust|flywr
1987|tabo|rank
1988|sues|banse
1989|tym|oxfo
1990|tib|s
1991|vouc|foxc
1992|ove|ly
1993|danc|indi
1994|untim|ter
1995|rid|g
1996|es|bogm
1997|twe|t
1998|profi|af
1999|dea|sta
2000|couch|to
