1|tap|sle
2|tory|bed
3|tri|ca
4|te|f
5|tip|porte
6|tr|p
7|f|va
8|ple|cou
9|de|sle
10|her|f
11|envy|conf
12|int|obst
13|hatha|naml
14|dir|me
15|iden|re
16|rap|outra
17|fear|bi
18|visi|laps
19|sum|hen
20|t|phi
21|sits|scar
22|braz|hen
23|lo|imp
24|gen|oi
25|re|su
26|despi|divi
27|cr|en
28|prope|dr
29|indu|tugg
30|ha|litt
31|statu|chor
32|hyd|tray
33|dr|segre
34|mer|tugg
35|suc|la
36|steel|phi
37|rampi|ny
38|sc|slu
39|fu|allo
40|ful|che
41|ma|porte
42|co|tugg
43|boltf|divi
44|limed|tor
45|h|ca
46|bedr|anat
47|ref|iss
48|wea|serv
49|unl|p
50|few|we
51|ric|tray
52|ab|jew
53|tally|ca
54|agon|bi
55|darl|oi
56|fos|retu
57|hea|scar
58|i|warn
59|sn|pom
60|fo|ne
61|windi|ha
62|to|ha
63|tum|laps
64|me|pom
65|trea|la
66|nerv|bed
67|will|achi
68|brav|be
69|urget|def
70|serv|allo
71|shall|ny
72|ke|spot
73|jerk|bi
74|st|tray
75|misa|shado
76|grat|litt
77|lard|toas
78|wit|exi
79|sh|lo
80|sa|achi
81|fumb|wag
82|k|burnm
83|hur|ces
84|e|exi
85|oppos|scar
86|tui|porte
87|doit|be
88|adv|iss
89|ra|achi
90|in|ca
91|supe|crac
92|boo|pom
93|savo|exi
94|mi|wal
95|v|ra
96|shif|keelc
97|s|ny
98|pu|me
99|pewu|li
100|gage|ga
