1|ra|prime|ac|gl|sup|r|wher|drag|jade|comb|in|out
2|bur|blood|s|o|b|offic|m|ear|life|fi|pr|mal
3|neut|arche|pra|rec|buz|voya|un|de|pi|pe|isla|d
4|s|gui|obj|w|there|gorsh|sp|wron|whipt|haps|tory|prov
5|benu|dis|rive|st|al|pen|br|fore|pu|uttin|m|sig
6|e|chu|lux|spe|razi|dart|de|tran|wad|shuff|n|im
7|barb|def|eff|ref|vali|pro|f|clep|pa|east|a|guil
8|ba|mispr|m|w|e|wa|he|famin|mudd|arro|co|lou
9|comp|beho|th|absen|e|rede|keepe|s|e|comf|gr|firml
10|conce|trave|thic|spon|co|att|h|yar|mis|h|k|unc
11|su|le|coin|hea|ne|affi|re|co|pla|vouc|godd|c
12|so|g|ber|eg|dr|tr|ewe|con|erud|do|th|par
13|spilt|rut|del|merr|terme|cates|culp|fee|ph|filth|kite|co
14|pa|knav|achi|diss|bat|boli|unfor|saili|sig|look|r|quite
15|ensui|sal|thr|i|palme|opul|reca|un|squi|guil|be|co
16|fut|phe|betw|re|resc|cour|sess|ble|cae|dif|dea|co
17|arg|c|mis|hen|sta|prem|tr|cod|thin|prese|hai|senat
18|r|len|f|shack|eth|sw|t|mo|wait|par|bew|swea
19|an|be|appr|ween|fet|pin|pr|t|al|do|inf|sam
20|fans|le|fau|de|arti|gos|waryg|fac|v|stra|d|extor
21|m|coll|gut|labou|ste|per|p|prom|mu|wei|lege|en
22|gri|c|must|sourc|rail|p|ala|gu|titus|hu|la|am
23|undu|mar|unre|unres|nunn|mend|winki|merri|nod|vir|beh|w
24|mi|un|parc|bigot|wom|bu|th|c|tib|b|s|chai
25|dar|cor|gobbe|supe|fre|v|d|a|pap|fr|j|stone
26|co|deriv|copi|st|sensi|me|me|bl|bo|me|we|i
27|curat|j|i|pra|fea|im|thems|broac|sc|j|obs|be
28|wit|deli|app|f|spr|galet|dr|al|cons|ruth|prec|palt
29|ita|for|swe|chan|br|pres|fli|im|uncl|res|i|espo
30|late|go|gru|hide|stone|b|s|dis|b|summe|un|pl
31|for|argu|app|c|un|signi|medit|att|fear|garm|tr|mul
32|awe|pu|cr|gr|quea|co|mem|t|ph|p|outc|st
33|gra|arr|tongu|baw|co|we|birth|sitla|nell|p|hea|hon
34|we|c|ca|scho|hawkk|end|cha|e|debas|stom|plu|capon
35|rey|unwo|capta|scrip|gu|send|accum|sc|feat|ha|be|birc
36|unca|sack|pre|ta|ra|purp|tre|su|re|dr|beg|wan
37|vowed|po|cri|nois|pan|stuf|rend|mo|envio|minc|pebb|mir
38|exa|repl|justn|no|ens|c|divi|prin|se|augm|path|assu
39|fire|allt|deli|dear|num|pahco|pl|endur|de|it|ouph|scar
40|seeki|repu|tho|ret|st|ex|horo|nextd|p|san|com|w
41|furt|goa|sa|gua|coup|ine|agree|fidd|pa|ush|m|peac
42|maj|cha|san|glo|turf|turn|brib|mona|he|zi|rid|bet
43|si|si|saws|lispe|immed|high|dif|fin|i|t|ext|she
44|ne|lott|b|dread|ed|mag|saws|van|un|bo|nig|an
45|upli|warri|feat|bra|off|ac|misc|prov|to|w|lame|melt
46|lear|potfa|temps|mus|ski|lack|varn|piam|outf|thr|ex|u
47|repr|wh|termu|quo|saun|plent|watc|fea|cree|ba|te|br
48|light|laysa|t|inf|nec|brib|ki|ind|alepp|supr|c|c
49|pi|mar|bel|fick|heig|o|macu|excur|q|large|rev|over
50|t|v|vol|s|ent|brea|s|awec|defe|th|spar|ba
51|eff|wa|wou|duell|adve|uns|pro|brayh|vi|unc|wi|pol
52|to|unsu|hour|tart|in|gre|ex|su|esqu|tr|a|c
53|unde|ta|perf|mana|cloud|z|orbs|villa|ar|boh|becko|s
54|con|reso|two|m|ca|doing|c|in|cla|clew|unliv|enfo
55|h|cont|ra|hing|pat|intim|foi|fir|bed|pu|si|c
56|hen|imit|smi|di|u|exp|gr|dis|vomi|woode|bound|sums
57|min|commo|jowls|r|e|h|ensn|for|rew|af|c|climb
58|q|rep|unr|dap|tr|sarce|opini|ind|smack|prep|hid|fier
59|exh|e|drin|insp|angst|can|swee|m|dis|phi|bagsa|tro
60|inte|apo|pro|misa|begi|vicio|en|dea|cante|ac|accou|s
61|recre|du|gre|ev|join|unex|unwor|exc|pow|de|dei|com
62|cu|pe|chudt|unsi|unpur|scab|pil|tru|den|parol|ni|unic
63|sco|b|men|hu|ball|scot|yield|ni|de|roo|ren|do
64|neg|than|pear|g|fil|burg|lo|shar|b|cha|roma|depr
65|pilg|ambl|su|surve|proo|trage|lim|lur|aqua|s|app|s
66|ta|ab|knit|real|at|misa|rum|cro|merc|cu|sin|sha
67|w|bru|sta|rede|re|en|subsc|d|ship|eff|wip|lavi
68|devi|mop|cau|d|impo|fa|fau|unke|chudb|goers|reap|bea
69|l|he|c|mell|drun|exp|re|nicet|b|ma|a|rec
70|he|lea|c|evans|s|sli|deal|ravi|van|p|chal|disp
71|spe|do|play|speci|quoni|canc|int|sign|chide|be|gon|d
72|sl|pre|thr|mut|wr|h|l|sh|wi|dish|whea|rub
73|re|wa|the|ac|lau|wed|a|diale|se|en|i|im
74|jo|ra|t|el|pen|sup|tige|cu|disd|inc|re|ad
75|shi|te|pl|af|str|beh|so|revo|pr|ec|rind|c
76|reve|te|elbow|maint|sig|pea|cankc|dece|repul|r|twe|c
77|beau|wardb|fi|mo|al|adv|du|sc|cea|embo|c|cr
78|pur|wh|gu|arou|sh|a|harks|gre|un|powe|par|equ
79|dis|lob|shi|palt|vent|mutto|wh|tin|th|pupp|val|dis
80|sh|depo|see|des|re|en|knee|du|por|up|juggl|vanta
81|rel|like|bai|marl|se|pa|bak|welki|out|purs|whis|sch
82|fre|c|di|scrim|ab|sunsr|bo|mi|confi|sooth|hai|foa
83|wh|gi|criti|unbi|co|yea|reek|cr|jest|foun|o|vou
84|bea|capa|adver|co|nere|miss|forat|su|do|cucko|chall|pr
85|diffe|educ|de|spurr|expe|no|vaca|d|ga|s|reve|eva
86|ho|r|ch|idlen|ma|trans|laz|repro|beli|w|s|ex
87|fi|div|sh|ou|se|adore|wrat|im|fa|di|noti|ri
88|di|im|conce|d|provo|mur|rec|un|pro|new|cho|pe
89|bli|ballo|unfe|forc|ble|ir|eve|revo|la|sili|lamb|dev
90|ex|f|ti|li|sanc|pr|tho|with|net|prai|b|s
91|degen|admo|con|a|or|jeth|de|loo|vi|good|envi|pr
92|rev|mi|avo|pia|stu|p|sta|mans|st|presc|pil|e
93|ga|sl|pr|thr|a|ho|ch|st|gagin|a|fann|r
94|p|red|tram|resu|sa|r|p|oppos|cir|prov|pat|procl
95|pri|b|glist|opp|lose|hi|pr|deno|sp|thw|un|co
96|absta|aer|soft|sc|grisl|p|hap|wa|pur|cyg|scurr|inh
97|b|pred|ca|sw|sapi|gel|l|purs|i|addit|indi|co
98|ble|quest|v|tr|va|co|shrou|fron|plots|gna|passi|co
99|ma|s|jour|cogn|cerem|cha|st|u|refre|act|ma|sc
100|indi|und|a|sub|erran|vi|d|ma|mu|to|maj|tuc
101|bull|m|levy|swal|unan|ince|spea|f|ed|fina|rat|buf
102|chie|mis|nes|uncon|ple|pick|soa|un|fo|sea|an|co
103|stif|app|dow|popp|blis|ou|pto|move|pad|app|whit|o
104|sai|owed|gage|for|kee|u|lig|forsp|b|min|l|he
105|ent|be|up|plau|unfi|chast|tough|tri|vi|re|unto|doz
106|gros|smar|howb|cor|loc|him|imper|beeny|sa|beha|s|b
107|tookb|tit|s|ass|l|ta|med|iris|en|oli|g|face
108|recan|churc|bit|bes|li|stud|trot|fo|a|fin|ex|shr
109|eatco|wagsp|true|appr|good|orkco|mode|mot|co|unbr|vapo|glo
110|nec|pers|di|slut|guil|ret|ma|bedc|co|qua|inl|ador
111|tr|rar|lab|subo|scr|jum|p|tric|reve|mort|lam|de
112|pocky|imp|cre|pathw|conve|wou|cou|fu|in|oswa|in|com
113|strif|parl|ta|prope|wa|prank|panda|charn|regul|indu|mai|por
114|fana|we|u|jail|deli|in|ge|humh|nun|tra|tr|he
115|viza|dove|geffr|veng|a|cont|fri|adv|rewa|ent|m|carve
116|neede|ty|end|ho|q|wear|via|lean|de|d|pil|plea
117|mutua|v|barn|un|spit|fles|circl|ti|se|b|t|na
118|emb|fer|m|ass|royni|ro|cas|bobt|ulce|tar|r|st
119|qua|offic|sat|fri|ca|rein|trot|euro|jeop|s|alle|cau
120|ung|lift|fran|right|conce|sev|lawf|evas|h|amaze|fl|r
121|rushd|em|rid|an|em|thi|eats|mo|hea|tar|r|mov
122|ind|t|fe|epil|arith|hoa|erri|rese|alls|di|im|ache
123|genit|me|ance|des|d|pa|pe|di|tres|dila|mono|or
124|th|ac|ride|der|phi|capon|pipi|go|inf|br|co|hove
125|acc|di|as|har|upwa|aff|mist|proph|vesp|aven|ba|mag
126|res|p|hu|bear|v|mus|rep|drain|stir|m|ri|se
127|dr|we|s|cause|pigmy|d|l|est|gad|in|dep|pin
128|cand|bl|prie|torm|sme|fop|clepe|re|ber|b|tough|wer
129|han|tat|f|coa|pos|t|dis|sm|re|ef|reco|poor
130|surf|u|lowne|ap|sus|im|var|hang|inc|u|seed|d
131|lend|br|prime|cudge|enw|dea|fla|a|mess|ea|ho|e
132|ed|ser|commi|cod|be|f|s|i|sm|bu|pro|labo
133|mat|ob|gin|powe|ag|guidi|b|cotsw|cheer|lech|c|cneiu
134|la|rib|unha|sla|o|read|lam|nor|ho|mar|foeen|plac
135|a|sm|acti|arr|wa|fa|await|dild|owed|supe|re|di
136|teem|una|cou|add|tr|u|inte|hop|sens|co|lam|dili
137|purrc|in|c|neu|impl|place|appa|ever|woo|ro|co|fillr
138|ste|vi|ch|live|p|amnip|y|wh|pet|supsl|c|ha
139|conv|illop|e|poun|theo|ram|gr|ance|o|ine|ch|runn
140|hon|rep|simpl|expir|woful|tre|ratt|copp|is|dr|ca|u
141|aban|wa|char|l|gr|pe|am|rem|vi|tau|bou|defin
142|bru|thin|gl|sig|che|li|spur|pri|hav|pr|t|devis
143|openi|co|cre|part|ca|p|inha|pri|basi|u|un|eng
144|zoun|p|storm|feet|de|ple|stone|b|c|invi|unh|th
145|adju|win|raven|glas|pro|sha|emhr|vorjo|s|pi|maste|rest
146|until|c|j|cura|hurts|fourt|bul|se|gua|pla|mar|consu
147|nay|cop|e|ric|c|bl|ran|gu|ke|por|sh|si
148|mau|goo|o|s|unf|exa|ye|sty|clare|y|ise|hi
149|gen|ga|lethe|s|tra|fair|who|c|sc|boa|sol|rai
150|per|in|la|tw|ga|scho|tendi|stone|pla|the|impat|sh
151|shou|musta|vacan|servi|rem|tas|whe|hu|fals|sur|enc|ser
152|bas|un|hie|ugli|paw|targ|v|da|trust|na|nip|musta
153|pau|suf|pensi|vie|un|t|a|cass|ind|miss|pet|se
154|atte|o|cal|c|re|rod|tu|gna|dams|bar|quaer|q
155|lodgi|prac|le|de|di|arro|de|he|ali|bodi|af|woul
156|prof|fri|sues|unl|s|bla|fir|rec|beg|cha|pert|hu
157|u|t|con|ra|kn|pre|cr|en|bast|poiso|star|weare
158|bl|rock|fa|hab|ch|whitm|mys|h|am|supp|un|di
159|in|a|obst|buy|sho|li|mona|se|co|her|e|lo
160|moed|t|misc|mi|luna|c|reas|wooe|in|ensu|st|fo
161|fit|ow|smite|el|bus|atte|co|mer|frank|mild|sw|ma
162|im|could|aur|ind|comp|s|hungr|band|pa|ge|b|iwi
163|al|fr|wre|co|co|clai|te|d|combi|be|ho|neg
164|qu|ra|a|stan|vagro|lag|sat|obl|pol|tea|s|lon
165|sa|awar|maggo|ho|we|e|blubb|shipb|taug|wiped|cau|pa
166|good|py|all|en|shov|thi|i|conce|bonn|uncur|d|ma
167|jourd|phant|plod|fini|affe|newe|powe|servi|specu|ma|hayb|peltf
168|musi|u|laps|re|beq|wigh|cas|mang|goo|unlet|mi|dis
169|elo|haugh|e|var|less|e|si|th|v|m|s|co
170|pr|winn|swea|cop|obs|tig|cons|fath|ceas|taste|lurks|batt
171|bucku|ch|par|pe|pilef|dus|targe|e|in|imp|he|pro
172|sout|asha|soli|go|vaga|be|ma|ptol|bold|appro|vala|med
173|ro|c|drun|fl|y|da|lan|sc|co|r|cov|assig
174|hem|lydi|tre|hol|he|vai|sw|tipsw|p|dec|snea|unma
175|lo|hil|ro|cr|bakes|a|w|sc|cou|un|ba|te
176|dul|ve|pace|se|ome|sta|rece|feat|somet|unbat|gor|h
177|sat|feli|benvo|ins|jaqu|mu|ce|enda|destr|uns|u|pur
178|sudd|s|canon|wa|sm|je|ordi|mi|b|bas|pe|honor
179|har|stag|divi|he|unct|chris|his|rumi|limit|str|co|cle
180|toler|p|fan|sco|her|etont|found|int|ho|m|ha|fo
181|care|for|con|highe|un|sinkh|a|se|retur|expe|fing|a
182|swa|usu|unn|go|di|disp|vaisf|c|pio|quill|shoul|pr
183|abili|dr|la|se|no|ind|tur|crust|gree|udg|pr|amaz
184|wa|pain|midd|alo|di|engr|di|hear|joyt|hea|sta|instr
185|fee|p|bl|ho|lam|dote|imp|alo|tw|vigit|la|p
186|lucre|lo|hollo|an|ge|f|pr|deca|in|s|u|pri
187|as|affr|o|r|etern|brace|lawnr|bo|meagr|sl|st|che
188|hoo|de|wea|pin|la|in|ove|s|epit|sess|procl|bon
189|serv|to|pr|ga|da|a|blast|roa|daunt|no|c|en
190|un|sa|iras|smoth|fas|bogp|ye|scar|fo|unre|soo|st
191|barn|owe|li|ra|p|mor|agam|qu|newe|sc|euro|gir
192|masts|den|stay|cl|tisve|cav|sl|thr|te|fines|mal|cal
193|unla|pi|rel|viza|une|slau|b|ind|ba|scam|f|inf
194|passa|crea|th|cl|b|fi|nu|pat|pois|lea|or|ma
195|skyi|pe|unco|reg|holpo|cogn|rust|mo|sen|noyan|detes|ma
196|hai|cros|bo|bumb|bas|ordp|mu|gip|gu|appr|e|bloo
197|cr|staf|be|de|recom|str|s|any|mont|tru|de|chil
198|oct|weep|pr|fl|tra|abr|pe|c|bale|seduc|rud|cer
199|gu|in|om|li|cyn|s|car|rh|roya|wrin|flu|d
200|str|thro|frenc|da|un|sent|dare|spok|c|tra|del|ghos
