1|loam|at
2|plo|snake
3|greg|uns
4|miss|salv
5|de|ste
6|pai|op
7|cas|tro
8|un|be
9|nec|fore
10|comf|mus
11|cap|re
12|pr|do
13|s|there
14|gao|a
15|reli|rape
16|quic|a
17|ful|r
18|p|ve
19|prep|wad
20|rheu|doete
21|unt|logo
22|limp|sl
23|bel|d
24|f|cri
25|nipp|qu
26|untim|star
27|avou|sto
28|tre|sho
29|luc|te
30|pro|a
31|popp|excl
32|neate|less
33|wors|stee
34|r|ov
35|car|dri
36|for|mis
37|gal|e
38|so|rel
39|engro|sk
40|fron|bra
41|te|mopsa
42|n|pal
43|qua|movet
44|c|dila
45|sw|re
46|baske|wanto
47|lame|held
48|fle|in
49|buss|char
50|pit|sky
51|fish|ri
52|unti|fo
53|coll|aud
54|d|leer
55|revo|retu
56|autho|so
57|pe|a
58|pred|mute
59|dis|saged
60|me|see
61|meta|lar
62|vale|add
63|sto|pro
64|pest|und
65|vi|plan
66|six|cre
67|hideu|att
68|inc|aro
69|witc|g
70|lu|wher
71|bi|gri
72|unvex|se
73|b|ou
74|ca|w
75|be|co
76|shr|tre
77|ex|l
78|a|quint
79|sca|ch
80|t|cha
81|kenti|court
82|sweet|an
83|subt|phry
84|cr|cont
85|inw|fi
86|o|beg
87|ard|fort
88|pickl|chee
89|fu|gat
90|co|que
91|com|l
92|m|cro
93|cl|res
94|pi|par
95|tr|bind
96|wear|mou
97|noug|mom
98|woe|avail
99|con|enc
100|credu|misp
101|unba|e
102|mute|t
103|troie|lo
104|seiz|orga
105|whe|de
106|hou|confe
107|da|ta
108|obser|pu
109|feath|th
110|scan|muf
111|hir|do
112|speen|fr
113|mo|lam
114|crus|p
115|an|sta
116|cont|slim
117|swea|cog
118|w|mi
119|kin|appu
120|lo|mas
121|ung|too
122|furr|sh
123|browu|sphin
124|disp|get
125|gra|lutes
126|z|t
127|unsk|pr
128|spaci|di
129|shri|atte
130|she|ass
131|foo|un
132|discl|natur
133|pers|slan
134|unp|heav
135|trip|cassi
136|pu|fa
137|fria|slut
138|di|comp
139|sauc|vi
140|hur|fis
141|gapi|frai
142|cott|plan
143|in|mast
144|mis|queas
145|hars|w
146|br|cheek
147|unfol|me
148|catas|g
149|abu|purr
150|usu|mare
151|warni|um
152|eff|latt
153|he|forb
154|wi|brag
155|ch|sta
156|cre|caver
157|glo|quar
158|st|m
159|vo|knee
160|sol|twa
161|star|af
162|my|pr
163|apo|p
164|gregg|dea
165|carp|uns
166|li|mawmo
167|oxfo|ungai
168|ewesc|inco
169|die|reli
170|sta|ga
171|choll|cl
172|mi|impo
173|educ|for
174|extra|s
175|fr|indic
176|publi|rid
177|win|outli
178|mort|spa
179|ci|gna
180|warm|re
181|on|broo
182|re|roars
183|blind|cloth
184|po|thanc
185|gn|o
186|troy|reco
187|i|u
188|starv|furrv
189|long|trod
190|fi|cog
191|shap|g
192|maki|ti
193|mon|exec
194|omi|b
195|fla|mi
196|assoc|wo
197|ankl|aus
198|conv|con
199|dar|su
200|grie|hips
201|paun|sa
202|su|s
203|part|stra
204|talks|sti
205|fa|ren
206|actin|pers
207|secu|auda
208|maide|h
209|ben|tax
210|sla|st
211|ma|span
212|almos|ha
213|hel|none
214|dot|mar
215|shou|alc
216|scarl|avo
217|sou|oath
218|el|stai
219|ven|p
220|imp|old
221|chic|f
222|asma|she
223|freq|paul
224|tru|be
225|acc|dark
226|ea|madma
227|wa|w
228|cost|ke
229|indi|re
230|gar|least
231|rave|gl
232|recou|qu
233|ad|ext
234|sc|balm
235|grat|insta
236|refi|mak
237|hairb|ve
238|gr|siste
239|luxu|to
240|hen|bar
241|g|conte
242|triv|afo
243|tu|ad
244|vie|av
245|roes|inocu
246|blea|be
247|corru|fore
248|blend|rubs
249|wast|worse
250|curl|le
251|bl|wors
252|comm|liki
253|mar|le
254|brist|fo
255|bury|m
256|deal|squin
257|har|dista
258|sug|am
259|proce|gran
260|dest|be
261|we|w
262|ra|al
263|es|ple
264|mirt|boi
265|aw|in
266|clim|dis
267|rankl|br
268|clo|recor
269|tit|gn
270|hon|faire
271|kee|di
272|or|retir
273|bo|whits
274|age|milk
275|undoe|fri
276|affe|beat
277|estat|fowl
278|house|moden
279|cu|in
280|obe|slyor
281|cha|cha
282|baswi|unmi
283|rem|comp
284|cou|accu
285|gath|angh
286|disd|a
287|go|cacod
288|sque|s
289|ta|eve
290|mus|att
291|forbi|ga
292|bla|al
293|divor|d
294|atem|rud
295|fo|fa
296|join|thr
297|bec|r
298|rea|pola
299|ches|porte
300|l|misc
301|ind|lucr
302|dol|cl
303|ver|moi
304|jour|exp
305|am|smat
306|ga|edgeb
307|hapl|terri
308|ins|com
309|roy|ta
310|plung|cre
311|ro|exh
312|repe|remem
313|exil|sta
314|ti|pinf
315|ens|ki
316|damo|nuts
317|dri|he
318|en|pa
319|str|saf
320|ba|my
321|tossi|f
322|overh|trou
323|reav|datc
324|q|ta
325|ob|take
326|per|f
327|h|froz
328|ayem|go
329|norf|spra
330|qu|re
331|habi|jess
332|cen|wanin
333|dwell|inhi
334|iras|o
335|conce|whil
336|doze|no
337|pheb|po
338|bri|car
339|watc|ba
340|sa|me
341|ei|ba
342|all|b
343|proh|a
344|prosp|c
345|bruis|serv
346|ris|ex
347|signi|enr
348|e|botto
349|obst|booki
350|emb|c
351|mer|pe
352|ge|belon
353|exte|orla
354|uns|aesc
355|poin|ear
356|eats|wood
357|male|s
358|pas|brab
359|ho|pause
360|denie|bened
361|im|dat
362|mu|ou
363|rewa|equa
364|hive|smatc
365|lofty|ne
366|att|ha
367|free|unn
368|bot|gow
369|foli|gra
370|pru|d
371|jol|lu
372|ref|vi
373|kick|brist
374|epic|stir
375|bals|setsa
376|gee|maz
377|ne|nothi
378|poes|talon
379|pla|cass
380|perpe|ju
381|marke|pac
382|anti|c
383|entre|marg
384|annem|whats
385|ki|lipb
386|scann|da
387|resc|beta
388|yet|sh
389|sar|men
390|v|rawer
391|mou|pisto
392|bodi|d
393|se|unp
394|bloss|fi
395|deep|afra
396|gues|year
397|accu|dr
398|encou|sa
399|posse|sto
400|suc|nowh
401|taun|co
402|gibr|wor
403|th|outr
404|elo|gr
405|chal|unl
406|gui|mi
407|al|hell
408|coff|g
409|oath|promo
410|jule|bet
411|husb|chapl
412|art|bu
413|infec|triu
414|turn|un
415|ama|slid
416|lux|rea
417|gla|i
418|honey|he
419|patie|gre
420|sati|ba
421|puzz|toot
422|nor|ver
423|thr|str
424|fores|c
425|plig|co
426|cous|grand
427|bes|blan
428|furrw|miti
429|remo|ruddi
430|hy|l
431|can|servi
432|dec|ex
433|psal|po
434|decid|vo
435|cere|a
436|tum|chann
437|pede|lam
438|inf|mi
439|herr|tho
440|pur|cre
441|duri|bu
442|hea|tre
443|empo|bo
444|ri|m
445|soli|kne
446|flo|w
447|unc|yo
448|op|c
449|enob|bo
450|che|pene
451|rig|in
452|pl|b
453|bod|grave
454|pav|ki
455|mad|h
456|y|wise
457|abet|sa
458|tho|f
459|soar|ran
460|deni|pe
461|curle|w
462|faw|b
463|happi|fr
464|uglye|dra
465|ann|soaki
466|slug|said
467|pau|int
468|tauru|pl
469|not|unde
470|pre|ratio
471|beak|pa
472|perp|make
473|wad|cana
474|cowa|s
475|the|ado
476|latt|rema
477|hard|bewa
478|u|luci
479|quoif|amb
480|as|cof
481|some|ind
482|goat|carpe
483|holl|sh
484|disg|b
485|adore|disso
486|sce|de
487|sp|dispu
488|hort|ink
489|inwa|misin
490|refu|mart
491|fain|circl
492|wh|moun
493|suppl|assem
494|pecu|unf
495|sti|co
496|rosd|l
497|gay|co
498|guar|g
499|brib|se
500|lod|defe
