1|lewd|aeac
2|deedp|remov
3|haunt|eye
4|frien|dugs
5|unu|but
6|h|vaca
7|sampt|breed
8|jes|share
9|lun|wile
10|irks|pur
11|vulg|becom
12|inh|tran
13|heel|affi
14|ad|speak
15|two|tur
16|varl|aqu
17|swe|egy
18|bou|witte
19|cic|worsh
20|es|forf
21|stabb|impo
22|w|washf
23|viole|anvil
24|bowi|gripi
25|ded|bri
26|comp|ruff
27|morse|rete
28|venge|obse
29|occu|curs
30|forfe|rust
31|ewe|in
32|palt|divid
33|perp|luck
34|dens|ho
35|rejoi|washf
36|shard|depri
37|ackno|ethi
38|cerb|defen
39|inkle|recou
40|prop|vio
41|ne|depe
42|sui|munm
43|live|brook
44|follo|tri
45|sli|so
46|bene|stu
47|rece|fre
48|tena|nice
49|vexa|play
50|sedu|purc
51|deuc|deaf
52|op|bunch
53|oth|defa
54|qua|girtd
55|.|quoi
56|mute|trou
57|simpl|reco
58|hear|rot
59|unde|prosp
60|pea|cupid
61|instr|bun
62|am|rid
63|inc|port
64|wis|play
65|suff|chri
66|hy|la
67|grea|foul
68|grov|ele
69|cass|da
70|balsa|lunes
71|erra|parti
72|calms|dolt
73|dep|cav
74|gro|unarm
75|hea|cr
76|bi|perf
77|def|nurs
78|isoex|breed
79|blu|stupi
80|sp|suff
81|alt|unsm
82|teark|conta
83|enra|shame
84|riper|remn
85|act|unpit
86|cerbe|sorr
87|pri|unwee
88|sol|buzz
89|impr|regen
90|bor|guilt
91|juda|bris
92|blas|sla
93|wel|chi
94|read|tw
95|welc|tick
96|dilig|cheek
97|prac|ret
98|flar|dism
99|daisi|stor
100|capi|casu
101|witho|task
102|bag|obl
103|pert|pic
104|gr|lean
105|et|imm
106|pee|enl
107|artil|ro
108|oakba|knig
109|untau|ver
110|clawe|spe
111|gall|clif
112|dungy|deaf
113|yea|aeac
114|cou|carpi
115|vali|sprin
116|elea|y
117|text|upho
118|spi|cov
119|u|terr
120|awe|jul
121|ta|coll
122|antiq|dei
123|whit|your
124|enth|weare
125|jan|prev
126|lay|desp
127|rage|gri
128|doe|brai
129|oper|does
130|su|shie
131|jou|awooi
132|thi|kit
133|raker|morni
134|mont|morn
135|cove|impo
136|exce|forf
137|rol|anno
138|atte|plea
139|close|quic
140|alder|dem
141|ecl|untr
142|rebel|canop
143|gra|goade
144|besm|kni
145|edi|inspi
146|repl|dir
147|ortst|a
148|dar|beg
149|bil|unq
150|obser|usef
151|thriv|br
152|offer|irre
153|epicu|reva
154|threw|sat
155|tou|wil
156|os|vio
157|tres|untr
158|ap|revea
159|flatt|highl
160|strai|ove
161|digh|expo
162|lisp|scan
163|stat|agec
164|expi|poi
165|fact|ton
166|som|foul
167|spu|act
168|becko|scu
169|splee|exp
170|swi|treb
171|the|ob
172|frie|see
173|stago|termi
174|villa|besc
175|compu|sy
176|walk|in
177|ful|iv
178|obli|sta
179|breed|quic
180|gul|hea
181|yar|gent
182|luce|pream
183|emb|offen
184|asse|var
185|tit|everi
186|fid|slutt
187|thre|burly
188|ev|singl
189|phi|yellp
190|siz|acr
191|cared|pea
192|me|mu
193|sodd|brai
194|sk|dull
195|obs|enr
196|di|buf
197|stam|accor
198|hand|mu
199|ju|forci
200|as|vil
201|bra|unh
202|glor|hawk
203|spe|ruino
204|eigh|crab
205|salar|uneq
206|unco|unde
207|robbe|uncl
208|gibeh|sa
209|pla|argue
210|endd|whal
211|bud|overh
212|hig|bai
213|poi|visi
214|err|tarry
215|aut|prosp
216|rib|stub
217|geniu|d
218|love|awooi
219|mys|prom
220|bes|oath
221|whini|sure
222|barel|focat
223|pit|scat
224|bal|obs
225|happ|breed
226|cura|pope
227|ungen|bla
228|upbra|brai
229|rega|dese
230|wav|equa
231|saw|fle
232|heal|enl
233|dilat|out
234|exc|shed
235|dr|wra
236|il|publ
237|drivi|tut
238|beak|ame
239|phil|forti
240|maj|see
241|hit|shi
242|offi|trav
243|drop|add
244|riddl|vil
245|betim|wig
246|hark|bles
247|solde|troo
248|surc|hams
249|crin|mo
250|pa|ri
251|imm|fact
252|dieu|wile
253|mo|comm
254|hows|me
255|halb|foin
256|fastm|agg
257|celi|decis
258|erew|crav
259|hono|scor
260|ex|affl
261|tal|new
262|mar|shri
263|eth|dan
264|dick|sab
265|unfe|rew
266|hume|gran
267|thr|knig
268|hoo|hin
269|peop|chri
270|caus|advan
271|julet|em
272|coc|heat
273|say|ung
274|bea|besh
275|n|trum
276|equ|abro
277|po|hows
278|scio|fopp
279|hem|go
280|oldes|engag
281|dri|lent
282|el|devi
283|ruf|tou
284|quil|jobd
285|cov|chro
286|inwa|raim
287|li|por
288|rove|baff
289|not|slen
290|oc|ex
291|tim|enou
292|taxe|coro
293|mild|knots
294|min|agg
295|coul|gav
296|fla|rives
297|sund|rever
298|horri|ado
299|gorg|flus
300|piti|jugg
301|geli|curbs
302|waspp|insti
303|trop|breas
304|use|flak
305|ruddi|fopp
306|hamm|moor
307|gif|cure
308|yokj|russi
309|crawl|whe
310|mace|cle
311|por|exce
312|rain|corr
313|favo|i
314|ant|humph
315|flock|def
316|excel|med
317|bat|yea
318|wid|vio
319|hyste|ac
320|fli|folly
321|dun|af
322|edmu|straw
323|leagu|detec
324|doubl|read
325|salu|turni
326|flor|gl
327|walte|insti
328|stee|dese
329|mir|sun
330|spea|airy
331|adj|cedi
332|carr|harmo
333|to|adam
334|ge|stri
335|refor|peers
336|z|wethe
337|samps|coal
338|sall|dra
339|beh|mar
340|ga|bun
341|cas|w
342|trut|compr
343|sup|adjoi
344|fl|sou
345|sigh|defo
346|ulys|tut
347|cover|cam
348|war|uneq
349|gob|brook
350|exu|spea
351|sitol|el
352|stin|avow
353|lent|whe
354|innr|ekeo
355|chee|midni
356|pate|fil
357|tinc|egr
358|wiv|lass
359|sme|mank
360|tra|repri
361|eels|arm
362|head|corr
363|ares|conti
364|sig|ho
365|wards|goo
366|bifo|plum
367|at|rott
368|towa|sen
369|nois|crimi
370|prime|dism
371|bree|nuncl
372|peni|flat
373|step|proph
374|exhal|carpi
375|cul|fift
376|set|apro
377|broth|stom
378|rest|des
379|dumpc|weare
380|afear|comi
381|kibeh|bed
382|corag|att
383|inju|umpi
384|home|usure
385|reco|scor
386|pine|chi
387|jart|fr
388|spec|sal
389|goal|pens
390|pr|parc
391|shon|ae
392|dau|sever
393|next|anyb
394|omne|intot
395|hopp|coat
396|pape|wil
397|gil|rama
398|whir|sequ
399|poste|enga
400|encl|shee
401|disn|calm
402|defe|ce
403|surfe|swung
404|grand|nubi
405|rup|ni
406|weav|inun
407|adv|repu
408|hau|himi
409|ret|tou
410|ol|sup
411|wenc|wee
412|cape|umbr
413|intim|crimi
414|oman|month
415|see|could
416|valo|bloss
417|gloss|compr
418|rid|hor
419|kindu|aver
420|dimm|cou
421|batt|paw
422|oa|dist
423|er|inw
424|fame|ravi
425|rites|asha
426|hu|oppu
427|overw|pompi
428|shi|str
429|tin|clot
430|prol|sil
431|marv|bo
432|ign|cast
433|idle|mes
434|sting|enter
435|parl|nel
436|hype|all
437|ped|expre
438|entra|malc
439|abj|aris
440|aim|age
441|kin|cour
442|mat|uncl
443|parti|tri
444|ph|perdu
445|ed|levie
446|usu|rive
447|san|stig
448|cl|ches
449|blam|ti
450|wood|blade
451|sco|sure
452|circu|fur
453|non|prote
454|mill|inf
455|fops|anno
456|slig|vapor
457|cher|sold
458|prev|ther
459|wea|rise
460|ente|aver
461|link|vapor
462|labo|unte
463|afa|suffi
464|ode|depen
465|ri|ges
466|hurt|re
467|wra|gav
468|mask|dr
469|mid|depos
470|pec|drab
471|in|kickd
472|retai|dif
473|dove|calm
474|tw|kno
475|pli|guard
476|sho|holi
477|presa|helm
478|quee|des
479|exas|ma
480|log|luck
481|presc|washf
482|gar|ranco
483|essa|sicil
484|disg|quic
485|gov|scr
486|chirr|beam
487|hor|cau
488|tig|entra
489|tale|he
490|com|bowe
491|cr|rou
492|scof|yello
493|ro|choo
494|misc|cl
495|sprea|juld
496|nea|shen
497|turb|fev
498|vis|arc
499|edg|clas
500|fish|vapor
501|malco|ciphe
502|owni|yawni
503|vane|too
504|hos|skyvo
505|sac|withe
506|grim|play
507|omit|gripi
508|adva|agre
509|sor|unk
510|supp|wann
511|male|indi
512|abr|egr
513|wr|cas
514|urge|metr
515|slum|vil
516|namin|rous
517|liber|lusti
518|cru|ia
519|famem|readi
520|exte|lash
521|fi|swal
522|que|worsh
523|helen|cic
524|bri|herit
525|te|upli
526|ordi|niti
527|thes|hagg
528|const|inhoo
529|s|il
530|quar|wel
531|lash|horte
532|urg|det
533|tow|boug
534|viso|recu
535|pot|devi
536|ki|pom
537|haz|digh
538|wip|cav
539|skei|share
540|brab|beef
541|prio|bot
542|fren|holdn
543|dw|ti
544|virt|abra
545|cons|fair
546|allic|endur
547|apol|gle
548|chest|boil
549|fishm|pres
550|desi|blee
551|utmo|chas
552|ab|marke
553|im|rule
554|wear|breas
555|varld|eter
556|malh|prof
557|humh|ches
558|unac|mou
559|det|dr
560|stro|gives
561|hind|agec
562|cai|rearp
563|afr|ket
564|mis|baff
565|fangs|farm
566|sta|ge
567|human|adh
568|is|farm
569|adja|ide
570|cu|dilig
571|tru|mean
572|ear|shado
573|grap|campc
574|same|swea
575|malm|mona
576|absol|beg
577|fut|pom
578|back|mo
579|meher|eas
580|brew|vant
581|sweet|hows
582|atta|atte
583|lard|wicke
584|gre|ide
585|bur|peas
586|har|vapo
587|gna|hoyd
588|wan|admi
589|medic|sea
590|jowl|alta
591|who|adjoi
592|t|expre
593|on|bat
594|tiedq|vor
595|vot|mode
596|disjo|untim
597|deta|pera
598|sweep|burd
599|adall|mane
600|gu|bare
601|venta|fer
602|unva|mask
603|lame|kingd
604|blot|abro
605|kn|cand
606|soeti|hecti
607|yest|reco
608|titl|cal
609|skil|swin
610|occ|quoi
611|bush|marke
612|sav|stub
613|thirs|usure
614|pun|vaug
615|beau|nubi
616|vari|eter
617|far|ri
618|shado|qu
619|woo|ind
620|trad|boug
621|ax|stran
622|bep|mank
623|deno|wande
624|loa|labo
625|unhat|adore
626|bl|ame
627|cent|plum
628|unr|besot
629|imp|sis
630|sat|rev
631|wives|stirr
632|wa|dei
633|want|conv
634|hing|inspi
635|disar|evide
636|vanq|fres
637|huma|nei
638|al|indue
639|pil|blade
640|da|lia
641|les|whitm
642|tro|shiv
643|frin|i
644|abu|inc
645|pull|deba
646|pier|hare
647|ove|jay
648|swo|visa
649|wond|argu
650|vaun|sec
651|enc|pill
652|piou|digh
653|ato|lean
654|asun|befi
655|gl|f
656|pi|woo
657|tan|insu
658|unsco|conv
659|eas|see
660|germa|gobl
661|ei|forni
662|indif|moor
663|blo|inde
664|can|jul
665|anne|coll
666|bar|shrug
667|p|doubt
668|thin|tam
669|sc|dover
670|ow|cl
671|build|unus
672|exor|enga
673|advi|ele
674|bef|dams
675|nig|del
676|tran|gestu
677|lustr|b
678|scar|heirh
679|nigh|bat
680|conte|foun
681|drain|di
682|vip|foul
683|gues|sla
684|shoe|pois
685|fist|obloq
686|pred|casu
687|decl|seek
688|wago|pream
689|unmi|wel
690|lilie|weap
691|pren|black
692|draw|dast
693|hera|swea
694|heada|ciphe
695|att|recl
696|weeds|botc
697|fau|canop
698|pre|sur
699|empoi|thu
700|mu|pi
701|dung|brid
702|battl|conra
703|mixtu|deje
704|gen|tum
705|hot|bear
706|qu|sinsc
707|sw|carpi
708|stra|blee
709|recon|regen
710|hears|pard
711|awaki|taf
712|wiza|comp
713|inst|grea
714|hob|sout
715|enla|prin
716|yo|swo
717|feat|unp
718|page|your
719|pra|breas
720|fata|extre
721|unbr|canop
722|cyd|intel
723|varr|nough
724|aime|aven
725|varn|shri
726|lik|nei
727|mass|sw
728|slu|pri
729|fri|mea
730|rip|yawni
731|hostp|harmo
732|how|anvil
733|chaf|cl
734|musc|tan
735|omnes|addi
736|thor|mag
737|sar|desce
738|foie|rep
739|beli|afo
740|un|hatm
741|peis|shee
742|inte|praye
743|mort|tyba
744|unc|tre
745|uncro|fu
746|fa|cov
747|half|raw
748|unea|extol
749|pewc|warr
750|trull|c
751|ele|goa
752|fift|refu
753|aro|ra
754|swal|ch
755|str|cal
756|nevi|does
757|unlea|arm
758|del|nemea
759|trem|sub
760|hell|jetfe
761|for|rece
762|acc|heiro
763|show|of
764|unge|rat
765|smo|nymp
766|buc|suc
767|canz|shiv
768|grac|iri
769|este|rift
770|squea|slen
771|drug|impud
772|cri|abho
773|sov|vit
774|q|uncap
775|bane|lou
776|barrl|recl
777|yong|rott
778|orat|unwee
779|mil|obser
780|pole|dist
781|jum|surv
782|tri|van
783|dawn|an
784|bia|savk
785|birc|slutt
786|anger|tipp
787|plack|nero
788|thir|begg
789|cobb|ride
790|boot|herit
791|post|dist
792|adver|tam
793|inve|hare
794|band|tro
795|fad|sunb
796|fores|ma
797|lat|anyb
798|liefe|guard
799|spo|deni
800|vi|pea
801|resis|rived
802|coll|indr
803|us|nu
804|seev|pun
805|flam|lie
806|ser|of
807|chim|vast
808|bakt|fopp
809|col|urge
810|inw|bree
811|stud|bles
812|knoc|peas
813|gli|depos
814|wolf|fift
815|pill|un
816|hov|unarm
817|pote|burn
818|ind|per
819|pala|comi
820|riv|andr
821|pion|scorn
822|shov|cri
823|sunk|sea
824|saves|acc
825|repo|conve
826|impor|arri
827|unpi|vill
828|conju|to
829|enact|depen
830|plen|drow
831|pens|deni
832|phoe|be
833|plagu|dugc
834|oppro|daubd
835|pen|droo
836|bas|sor
837|.g|ea
838|enjoi|whor
839|savou|coro
840|dal|beh
841|or|veri
842|coze|expr
843|of|lawn
844|unki|gripi
845|epi|purs
846|broca|does
847|foll|twin
848|sum|boo
849|cuck|mai
850|hatc|ges
851|roa|palab
852|guer|coo
853|unsli|view
854|pric|tan
855|alc|gre
856|rebe|scof
857|iris|grea
858|prep|touc
859|knea|unp
860|sin|troil
861|clerk|bi
862|ento|wes
863|stu|iri
864|insis|stak
865|dubb|desgr
866|ensc|erron
867|en|disl
868|ang|dise
869|tame|unrev
870|kinde|gl
871|lov|pit
872|reac|hatm
873|over|nayc
874|wron|acqu
875|ban|town
876|wal|lords
877|stew|trow
878|susp|pun
879|spon|plig
880|sett|mor
881|tai|ap
882|lipsr|ire
883|remis|kerse
884|drin|till
885|saf|trebl
886|meani|ple
887|hild|nemea
888|raise|malc
889|mini|bene
890|ferr|impu
891|queas|chaos
892|tack|sour
893|dor|perdu
894|lol|stri
895|billi|dela
896|moon|town
897|fix|cedi
898|liver|thi
899|rew|lords
900|ill|stri
901|madr|gel
902|winki|perve
903|sto|tac
904|priv|pos
905|vien|hero
906|dan|quic
907|ja|fri
908|furi|ripec
909|ou|il
910|hes|goet
911|arma|votar
912|toi|misc
913|fav|bl
914|smot|boug
915|ince|my
916|unpai|bree
917|boxe|port
918|tre|face
919|char|runa
920|destr|spel
921|domi|bloss
922|luc|targ
923|tipsr|read
924|wor|wood
925|tripp|conso
926|lu|dol
927|owin|sa
928|scr|tut
929|freeh|impos
930|unke|pres
931|fopp|jobd
932|eq|timor
933|savi|ateb
934|reed|omi
935|flaw|thrif
936|vex|tyr
937|ha|droo
938|peak|ei
939|rams|gab
940|bap|tra
941|creat|skyvo
942|sped|ambo
943|fo|open
944|con|sen
945|apt|bun
946|fit|chas
947|brok|read
948|moo|fa
949|inven|garn
950|conbe|youn
951|perf|ea
952|ar|nubi
953|l|gull
954|y|gloom
955|perd|allo
956|disa|bet
957|ete|ob
958|blub|nei
959|g|hone
960|heat|pens
961|sicy|cons
962|wildc|gobl
963|poti|tig
964|bayp|suffo
965|griev|tall
966|sneak|encl
967|corr|gull
968|outl|gonvi
969|blest|yawni
970|spri|typ
971|wro|nemea
972|denun|rhe
973|chi|coll
974|manki|jewe
975|awear|pre
976|til|urge
977|gibe|dar
978|falli|blee
979|cow|ind
980|daws|supp
981|mova|tiber
982|ewes|respe
983|conf|dit
984|outf|ripec
985|wide|rever
986|une|ulc
987|trac|drop
988|jay|brai
989|cam|prud
990|upr|lor
991|fe|act
992|short|array
993|rev|jewe
994|rail|v
995|twe|extol
996|amit|dic
997|wake|yello
998|fre|nu
999|booki|part
1000|procu|kingd
1001|pack|brig
1002|muf|curbs
1003|ea|chol
1004|bedf|vipe
1005|espi|dit
1006|adjo|nev
1007|dug|trai
1008|lux|ind
1009|mus|besc
1010|fear|will
1011|weeni|blaz
1012|linge|egr
1013|breec|da
1014|unre|vi
1015|prov|oath
1016|fru|mean
1017|studi|recei
1018|conve|whic
1019|sex|oppu
1020|sove|desi
1021|ounc|dugs
1022|wil|imagi
1023|enfr|vo
1024|rhaps|torc
1025|incl|scat
1026|unse|pus
1027|gonr|inve
1028|silv|fle
1029|chan|lawn
1030|monk|well
1031|enci|sq
1032|wri|uni
1033|lock|espie
1034|famil|gav
1035|sai|sl
1036|knew|ste
1037|exto|dosth
1038|brutu|colo
1039|seass|gloom
1040|mal|gl
1041|melt|kickd
1042|lon|unpub
1043|mons|tab
1044|sen|mewe
1045|catc|ins
1046|chu|endur
1047|bolt|des
1048|prin|parl
1049|beco|ic
1050|pierc|lod
1051|she|pl
1052|awoo|shri
1053|needf|shie
1054|bedl|selec
1055|hatch|defa
1056|dros|view
1057|ava|pas
1058|offe|muz
1059|pag|wig
1060|richl|adul
1061|muffl|vanta
1062|shee|rig
1063|hun|lusti
1064|drugs|treas
1065|jew|go
1066|clif|unna
1067|buckl|ret
1068|mai|plac
1069|inso|rearp
1070|proph|ye
1071|das|abra
1072|fai|age
1073|rum|remov
1074|bit|tyr
1075|hal|whic
1076|cus|luci
1077|woefu|reque
1078|revel|rid
1079|dem|kenti
1080|spr|mad
1081|pawa|frost
1082|sew|beau
1083|enf|impo
1084|cab|cozsn
1085|ushe|chr
1086|gossi|adam
1087|bai|as
1088|neigh|mask
1089|topg|dig
1090|repas|ban
1091|cog|ekeo
1092|grie|herea
1093|nag|deje
1094|obd|espie
1095|ob|gam
1096|dev|dol
1097|wagg|heiro
1098|ov|ins
1099|preti|lam
1100|bast|devil
1101|overe|magg
1102|enl|bath
1103|pac|ex
1104|obey|mona
1105|fue|maste
1106|bow|unwe
1107|mut|imm
1108|pales|sky
1109|ampl|fraug
1110|roc|cre
1111|dis|deba
1112|star|cryti
1113|wad|nell
1114|fir|sla
1115|egyp|musk
1116|ag|divid
1117|kingd|burt
1118|v|wann
1119|inces|ind
1120|groun|flatt
1121|deli|ass
1122|prod|es
1123|conj|turb
1124|here|afea
1125|gasp|atte
1126|beg|acco
1127|up|burd
1128|dre|bri
1129|snea|rou
1130|doub|ad
1131|woul|enter
1132|bad|dosth
1133|megb|ru
1134|sere|fad
1135|spee|unimp
1136|wannu|re
1137|abo|leve
1138|gift|purc
1139|teem|faw
1140|rai|argu
1141|aid|dev
1142|udget|prud
1143|fro|gna
1144|arra|dy
1145|ame|el
1146|ragge|eph
1147|ze|cha
1148|wher|withe
1149|ir|gra
1150|stre|until
1151|sou|misan
1152|odes|lie
1153|cros|ac
1154|wand|shov
1155|dai|me
1156|pub|tam
1157|licen|divul
1158|mach|ex
1159|round|tiber
1160|pheb|fi
1161|intru|fur
1162|toug|ty
1163|study|readi
1164|harr|ve
1165|expre|typ
1166|net|magi
1167|invu|gran
1168|ram|suffo
1169|st|quee
1170|old|guard
1171|amain|sl
1172|peg|her
1173|arbo|cita
1174|verb|troo
1175|name|su
1176|cond|fid
1177|m|expir
1178|behol|allo
1179|aff|suffi
1180|easi|proph
1181|mod|slow
1182|pie|lass
1183|buck|casu
1184|tinct|dowe
1185|learn|senti
1186|wi|ser
1187|crops|iv
1188|among|insti
1189|lan|dams
1190|pari|cardu
1191|kinr|knave
1192|an|fr
1193|la|stone
1194|inca|unm
1195|chall|far
1196|comf|extre
1197|gathe|foi
1198|riba|count
1199|gird|mou
1200|purg|vill
1201|crus|non
1202|seco|brav
1203|ens|reco
1204|sq|sky
1205|ho|thu
1206|si|atte
1207|murt|afea
1208|bee|bla
1209|flou|lev
1210|epil|dull
1211|joyf|pep
1212|rock|clef
1213|af|fraug
1214|kil|knots
1215|bet|torc
1216|soulq|stain
1217|punis|ty
1218|len|vast
1219|b|mar
1220|vexi|gall
1221|misg|resid
1222|viles|stirr
1223|cath|fro
1224|dict|ori
1225|capti|conso
1226|meren|des
1227|tinke|sil
1228|medit|hobb
1229|watc|argue
1230|dap|vor
1231|lowin|raim
1232|quo|om
1233|inhe|mac
1234|enve|eie
1235|vau|deba
1236|expe|di
1237|hic|muz
1238|put|shee
1239|gamb|ri
1240|fee|cher
1241|fra|lib
1242|wit|lan
1243|majes|le
1244|soci|nel
1245|went|el
1246|sea|dugs
1247|stal|tra
1248|ass|of
1249|facec|knees
1250|repr|chal
1251|desa|hoyd
1252|lovel|obe
1253|anywh|serv
1254|peri|wrest
1255|lofty|neigh
1256|pic|wee
1257|ferre|petti
1258|ale|while
1259|i|comm
1260|rei|attr
1261|rewa|typ
1262|drums|trifl
1263|fixt|resum
1264|bohe|besi
1265|medi|lar
1266|enga|asp
1267|fin|anat
1268|trea|snat
1269|besp|fe
1270|gone|ens
1271|unte|stig
1272|eva|ton
1273|her|swe
1274|joc|iri
1275|mem|over
1276|fret|thes
1277|chap|comm
1278|car|anyb
1279|broo|jol
1280|doer|sil
1281|momen|co
1282|c|sn
1283|mann|pres
1284|faste|seg
1285|part|campc
1286|refus|sc
1287|pu|anvil
1288|sign|befal
1289|ref|y
1290|arnu|expo
1291|harb|atti
1292|d|once
1293|plan|lash
1294|bo|stom
1295|k|unwe
1296|dum|vaug
1297|bide|does
1298|exci|mend
1299|sligh|regio
1300|canc|slide
1301|catap|unwee
1302|misf|was
1303|under|joan
1304|all|conve
1305|lurk|mo
1306|sa|moo
1307|de|auro
1308|lod|cra
1309|jo|dem
1310|reti|retu
1311|mutin|super
1312|nat|hel
1313|reso|ban
1314|frag|indi
1315|perdy|dri
1316|stupi|muz
1317|puts|inte
1318|insta|artle
1319|bugb|folly
1320|indit|nurs
1321|goo|mo
1322|welsh|inc
1323|pacp|sl
1324|stit|prot
1325|go|varr
1326|harl|woo
1327|swall|hood
1328|pant|stirr
1329|tub|sus
1330|disci|tick
1331|squ|k
1332|nes|mona
1333|ke|geld
1334|uph|coll
1335|le|mal
1336|laby|secr
1337|runa|semb
1338|diff|cav
1339|rou|typ
1340|fore|intel
1341|forgs|va
1342|swin|chol
1343|end|pard
1344|brea|abu
1345|priz|scat
1346|foca|your
1347|vail|rob
1348|mag|rived
1349|fon|pard
1350|unla|cana
1351|narro|melu
1352|late|adul
1353|appr|top
1354|ty|pepp
1355|hate|knees
1356|torm|eggs
1357|mark|wi
1358|beare|dast
1359|vow|britt
1360|roll|lusti
1361|asks|perm
1362|muss|sa
1363|chil|ind
1364|exp|cast
1365|buye|timo
1366|ine|car
1367|scu|smokt
1368|cypr|bre
1369|arti|thro
1370|wret|asc
1371|moorc|andr
1372|indu|fill
1373|alon|loa
1374|coun|vol
1375|insat|misan
1376|rep|rever
1377|abod|ges
1378|he|accor
1379|frock|defe
1380|sente|abra
1381|couc|safel
1382|weth|auro
1383|cra|crop
1384|grewp|trum
1385|jaqu|ou
1386|dim|see
1387|gins|wren
1388|los|stam
1389|goodm|cha
1390|cho|gree
1391|unche|im
1392|polea|imp
1393|r|nero
1394|weetp|vipe
1395|sm|tab
1396|entan|whic
1397|caud|alex
1398|zon|ide
1399|unmu|magi
1400|dot|confr
1401|ren|tai
1402|froc|sup
1403|stan|sta
1404|boun|mille
1405|day|mask
1406|tak|nai
1407|compi|pers
1408|diur|osie
1409|inco|scof
1410|tr|vanta
1411|tusc|carna
1412|sad|fay
1413|stopp|ladyh
1414|swee|w
1415|turn|disce
1416|fea|when
1417|wrap|lon
1418|rec|your
1419|emula|rheum
1420|th|stom
1421|haze|parti
1422|sim|roib
1423|pos|oath
1424|cal|capta
1425|damn|enj
1426|cha|lib
1427|ac|shel
1428|barr|unc
1429|lau|sack
1430|scut|mana
1431|vaux|tran
1432|forgi|nur
1433|vouc|drow
1434|shri|parl
1435|ven|sure
1436|plig|trayt
1437|ange|divis
1438|off|sea
1439|henc|wool
1440|clepe|sot
1441|but|prov
1442|unt|hood
1443|den|boas
1444|catl|sour
1445|spade|vast
1446|ten|sul
1447|roo|ma
1448|pumpi|dec
1449|comm|excu
1450|used|go
1451|kee|wait
1452|cham|defi
1453|re|agat
1454|vil|unwee
1455|oswa|sal
1456|tot|insti
1457|child|exce
1458|seem|bet
1459|agri|faml
1460|docu|taxe
1461|reli|boug
1462|pol|retu
1463|bumc|dosth
1464|bath|curs
1465|ni|foi
1466|burs|funer
1467|behi|allo
1468|troj|ga
1469|emin|pou
1470|matt|gre
1471|ben|fryop
1472|fath|goa
1473|bot|abe
1474|too|eunuc
1475|coes|melu
1476|penn|se
1477|herc|bu
1478|capa|char
1479|spa|throw
1480|serv|rece
1481|sap|achi
1482|vanet|cal
1483|murm|tan
1484|nau|el
1485|freez|russi
1486|esqu|swin
1487|rude|burly
1488|blac|cu
1489|knowi|enven
1490|wavga|enga
1491|whi|rou
1492|lunac|any
1493|dip|noug
1494|bedch|wil
1495|ado|pard
1496|lega|garn
1497|prune|frac
1498|se|magi
1499|grave|shun
1500|avou|tyba
1501|ecst|sprin
1502|wors|gestu
1503|titt|fash
1504|suf|ince
1505|hopi|osie
1506|come|regen
1507|bul|fev
1508|mau|via
1509|maid|straw
1510|fathe|luck
1511|consu|sidea
1512|cro|gall
1513|hurts|merc
1514|thig|lam
1515|gam|prote
1516|godsj|levyt
1517|au|obse
1518|pro|agg
1519|spru|lod
1520|befr|atwa
1521|led|nel
1522|secon|diome
1523|infer|ove
1524|move|earlc
1525|ple|epi
1526|fedbu|drow
1527|par|with
1528|pe|af
1529|numb|spr
1530|seld|rule
1531|spil|rev
1532|wight|leona
1533|confo|enr
1534|sh|atwa
1535|signi|shee
1536|gri|holi
1537|demo|firhe
1538|fate|beg
1539|adde|egy
1540|pashe|cho
1541|glo|gui
1542|e|whi
1543|bidd|wood
1544|bol|regio
1545|exta|prol
1546|long|dea
1547|resp|nodb
1548|sump|aum
1549|balke|en
1550|than|warr
1551|gross|unch
1552|med|lim
1553|alex|cr
1554|met|ide
1555|stou|bob
1556|bre|spr
1557|stran|stub
1558|smu|pot
1559|reg|indu
1560|mult|readi
1561|cleom|pard
1562|reybu|med
1563|mutes|vaug
1564|out|mem
1565|je|em
1566|stope|renow
1567|unpr|ancie
1568|vigo|befi
1569|tis|circ
1570|req|flore
1571|han|sun
1572|ve|duckp
1573|unha|britt
1574|livia|dio
1575|pas|soak
1576|pelle|is
1577|ent|nigg
1578|heali|plod
1579|ran|neigh
1580|arou|terr
1581|para|cli
1582|inj|casu
1583|aspic|book
1584|sti|ele
1585|sl|fre
1586|ravis|val
1587|devi|cav
1588|any|mem
1589|mer|unarm
1590|bound|unsi
1591|uni|af
1592|leand|ente
1593|obl|fel
1594|slid|burd
1595|liont|bear
1596|scot|impos
1597|cater|mow
1598|bates|leve
1599|anew|metec
1600|br|rheum
1601|hard|besh
1602|hol|po
1603|soot|fumi
1604|stint|impo
1605|mangl|goa
1606|prec|bree
1607|pref|hoyd
1608|plea|dark
1609|pers|nell
1610|maje|indu
1611|notj|balla
1612|tes|winds
1613|moi|refu
1614|apo|rec
1615|rigo|imm
1616|ord|forci
1617|pudd|thous
1618|pan|suffo
1619|tu|sout
1620|inn|pecus
1621|sieg|with
1622|pha|sedg
1623|everm|magi
1624|poss|conv
1625|arr|hat
1626|healt|toryn
1627|least|int
1628|backw|non
1629|luci|adve
1630|vici|too
1631|gi|wrest
1632|vas|cus
1633|bragg|matt
1634|card|part
1635|squa|enl
1636|hop|breas
1637|gust|da
1638|res|knell
1639|dane|wago
1640|sodca|depri
1641|light|unstu
1642|inhu|ounc
1643|handi|array
1644|cont|fam
1645|debi|straw
1646|physi|serpe
1647|felle|gall
1648|co|pera
1649|coi|fatt
1650|grin|eter
1651|hum|profe
1652|bell|paw
1653|fie|abu
1654|cel|nil
1655|eb|domi
1656|accid|conso
1657|dow|straw
1658|fair|coele
1659|fr|readi
1660|sandy|praye
1661|ep|spea
1662|lai|wrack
1663|gaddi|vasti
1664|so|canon
1665|prote|chaos
1666|joll|dansk
1667|div|leape
1668|shr|extra
1669|sev|ch
1670|mout|dim
1671|swor|vatde
1672|amaz|glis
1673|vara|thous
1674|ligh|fit
1675|rul|lan
1676|concu|awooi
1677|evef|pla
1678|whin|desi
1679|j|unto
1680|we|view
1681|sepu|amen
1682|motio|defa
1683|sott|pins
1684|you|ser
1685|thyre|eie
1686|beme|cana
1687|prom|eve
1688|skin|charm
1689|alm|mag
1690|adult|seas
1691|sequ|comf
1692|unlin|bedf
1693|hors|chri
1694|shuf|iliu
1695|aesc|termi
1696|suit|bear
1697|exe|pepp
1698|porte|eggs
1699|ble|peers
1700|marg|mana
1701|lea|vile
1702|nin|suff
1703|inv|nev
1704|smil|rit
1705|remi|ances
1706|sy|unc
1707|quot|gr
1708|accu|sma
1709|yeo|ancie
1710|desp|niti
1711|ca|end
1712|flexu|con
1713|env|court
1714|awake|rob
1715|cuese|rise
1716|arbi|affa
1717|stemm|knots
1718|fol|egr
1719|oo|could
1720|ba|deb
1721|deeps|surv
1722|nort|terr
1723|serg|desgr
1724|capt|profe
1725|witn|lik
1726|kne|qui
1727|wrin|in
1728|righ|rece
1729|inspi|kin
1730|right|jewr
1731|per|brid
1732|herr|coun
1733|mea|drab
1734|fac|gr
1735|tur|indr
1736|craz|dise
1737|sed|doubt
1738|fle|simu
1739|shun|pand
1740|blaz|retu
1741|var|matt
1742|oup|hugre
1743|mr|mend
1744|pur|vasti
1745|unacc|und
1746|torn|besh
1747|envy|ambo
1748|hired|inkl
1749|warn|unk
1750|muz|unw
1751|unciv|as
1752|fant|headu
1753|mi|ci
1754|manu|ire
1755|wh|adjoi
1756|aligh|sea
1757|adamc|bles
1758|wo|uncap
1759|coin|bo
1760|disor|duckp
1761|dru|det
1762|remem|sure
1763|mani|too
1764|compa|ti
1765|pop|amph
1766|main|heats
1767|repor|fev
1768|cur|van
1769|slee|neigh
1770|glob|torc
1771|sn|forti
1772|paw|disce
1773|rese|equa
1774|bran|publ
1775|sit|prop
1776|fas|poi
1777|tril|humph
1778|chain|matt
1779|trap|diff
1780|vent|bris
1781|arg|shoo
1782|gal|frac
1783|embr|ed
1784|clay|nai
1785|joi|vipe
1786|ti|cease
1787|feder|brook
1788|urs|all
1789|glass|rapi
1790|good|scof
1791|alepp|dosth
1792|whos|divid
1793|eve|lev
1794|ye|unac
1795|eneas|expr
1796|boys|est
1797|melte|colo
1798|misp|aum
1799|fulfi|bre
1800|vo|well
1801|lass|hum
1802|puis|sedg
1803|bu|reta
1804|veh|sub
1805|nob|could
1806|lazy|ado
1807|invi|unre
1808|rhap|avow
1809|rosci|ab
1810|ext|conv
1811|viey|repo
1812|abro|iden
1813|a|tho
1814|reve|retu
1815|mart|vaca
1816|visit|fish
1817|spokp|vau
1818|ric|tow
1819|sub|forci
1820|cap|dints
1821|ker|ro
1822|imag|smal
1823|ru|wis
1824|vig|rearp
1825|mast|levie
1826|sca|obs
1827|uncom|ough
1828|hom|cinc
1829|earne|lib
1830|no|fort
1831|educ|non
1832|f|witte
1833|soft|regi
1834|woe|gull
1835|dietg|upbr
1836|rig|goet
1837|pass|wes
1838|cut|recl
1839|ur|daubd
1840|faul|enr
1841|friar|tum
1842|dish|blas
1843|relic|at
1844|gera|od
1845|wanti|tum
1846|pom|lon
1847|chicu|mane
1848|lo|ounc
1849|beste|perc
1850|hur|sal
1851|cumim|leona
1852|che|outcr
1853|mur|wonde
1854|rash|cord
1855|gla|burn
1856|ste|surfe
1857|mouse|la
1858|unpo|vaca
1859|adu|simu
1860|eke|lock
1861|heav|recov
1862|shru|unf
1863|insti|far
1864|cour|pit
1865|afra|ed
1866|vauva|ounc
1867|retu|skil
1868|penk|po
1869|moun|musk
1870|sire|dol
1871|weig|lon
1872|ai|pro
1873|fine|abu
1874|do|spic
1875|shril|plot
1876|deref|hap
1877|lyd|lod
1878|hys|perge
1879|perc|scorn
1880|jerks|fath
1881|unpa|fill
1882|tave|hone
1883|scri|umpi
1884|ungr|crad
1885|dust|compo
1886|dedi|forni
1887|ruera|swung
1888|scen|vaca
1889|citi|coat
1890|ancho|dansk
1891|urges|omi
1892|disc|wars
1893|gol|foa
1894|api|troj
1895|trus|sm
1896|amy|keep
1897|cava|gel
1898|mixa|sed
1899|lond|littl
1900|fan|conti
1901|defi|lac
1902|pin|high
1903|ratif|fogs
1904|pal|cana
1905|syc|munm
1906|spre|tr
1907|blan|vis
1908|hat|ocu
1909|melu|min
1910|plutu|gi
1911|hagun|hus
1912|gir|fal
1913|brush|conra
1914|und|crow
1915|peb|valu
1916|va|per
1917|amai|defi
1918|wick|dull
1919|oris|indue
1920|super|tai
1921|dimmi|burd
1922|uns|headu
1923|mou|taf
1924|sec|un
1925|cor|incon
1926|matr|fish
1927|deane|mess
1928|crysh|hasde
1929|venet|my
1930|flav|cher
1931|ber|knave
1932|whe|dover
1933|oddo|ladyh
1934|pebbl|headu
1935|dialo|post
1936|be|la
1937|belo|nuncl
1938|caelo|aqu
1939|rut|trayt
1940|ra|vast
1941|drea|wis
1942|sma|ugl
1943|fort|drawn
1944|int|hood
1945|cle|pastr
1946|gris|air
1947|pres|morn
1948|o|cav
1949|behes|snat
1950|bawd|sl
1951|moc|trebl
1952|offa|suffo
1953|sell|divul
1954|anti|hat
1955|darke|patc
1956|van|rust
1957|plac|g
1958|lyc|mar
1959|seam|ho
1960|finel|gras
1961|pl|bug
1962|inch|pun
1963|falle|oakso
1964|bin|fan
1965|sine|perm
1966|ins|exi
1967|ma|pluc
1968|fu|adul
1969|safe|diome
1970|ch|moi
1971|pause|dints
1972|ans|hecti
1973|cla|umpi
1974|leech|hobb
1975|qual|part
1976|corns|dar
1977|vani|stig
1978|em|rab
1979|high|wr
1980|insa|slip
1981|bed|expo
1982|espe|varr
1983|usur|nev
1984|bleat|ele
1985|lar|egr
1986|disp|fidd
1987|app|ang
1988|unb|cavil
1989|rhet|moi
1990|thro|y
1991|ethio|shoo
1992|rog|child
1993|deny|sea
1994|rogu|sure
1995|seve|sinsc
1996|likes|thes
1997|adi|exte
1998|amen|endur
1999|chiva|partg
2000|detec|beg
