1|care|for|con|highe|un|sinkh|a|se|retur|expe|fing|a
2|a|octa|cons|marin|blab|accu|learn|conf|cro|pe|whit|pract
3|swa|usu|unn|go|di|disp|vaisf|c|pio|quill|shoul|pr
4|abili|dr|la|se|no|ind|tur|crust|gree|udg|pr|amaz
5|wa|pain|midd|alo|di|engr|di|hear|joyt|hea|sta|instr
6|fee|p|bl|ho|lam|dote|imp|alo|tw|vigit|la|p
7|to|nym|eb|pre|chr|inte|d|lowi|s|s|nour|busi
8|lucre|lo|hollo|an|ge|f|pr|deca|in|s|u|pri
9|as|affr|o|r|etern|brace|lawnr|bo|meagr|sl|st|che
10|la|com|teari|c|ho|us|leave|kibe|ru|sing|in|disv
11|hoo|de|wea|pin|la|in|ove|s|epit|sess|procl|bon
12|serv|to|pr|ga|da|a|blast|roa|daunt|no|c|en
13|un|sa|iras|smoth|fas|bogp|ye|scar|fo|unre|soo|st
14|s|debat|ti|porch|enem|fe|s|baske|lou|trave|si|pro
15|barn|owe|li|ra|p|mor|agam|qu|newe|sc|euro|gir
16|masts|den|stay|cl|tisve|cav|sl|thr|te|fines|mal|cal
17|unla|pi|rel|viza|une|slau|b|ind|ba|scam|f|inf
18|passa|crea|th|cl|b|fi|nu|pat|pois|lea|or|ma
19|b|un|se|untr|th|main|cur|we|mutes|forc|wol|des
20|co|dame|ind|spe|co|expos|disc|v|ord|equal|de|yawni
21|skyi|pe|unco|reg|holpo|cogn|rust|mo|sen|noyan|detes|ma
22|hai|cros|bo|bumb|bas|ordp|mu|gip|gu|appr|e|bloo
23|cr|staf|be|de|recom|str|s|any|mont|tru|de|chil
24|oct|weep|pr|fl|tra|abr|pe|c|bale|seduc|rud|cer
25|gu|in|om|li|cyn|s|car|rh|roya|wrin|flu|d
26|str|thro|frenc|da|un|sent|dare|spok|c|tra|del|ghos
27|conc|en|d|un|danc|g|pau|pa|torto|arm|frog|pre
28|guard|w|ble|st|bus|lei|advan|resol|mi|mo|pl|ca
29|princ|r|ac|wa|hilt|pon|hed|re|lowtr|sp|cl|ford
30|shri|race|s|cho|bu|trod|mona|pinw|wi|royni|poor|bir
31|maj|o|sen|m|consu|rank|mi|val|inv|he|enve|obey
32|roas|e|fa|re|bl|stab|lac|anth|lead|long|roa|comp
33|mit|repu|smat|lo|raz|lea|li|spr|temp|stu|d|inf
34|irre|furn|unta|pro|grand|he|lava|cel|pa|cat|tr|arm
35|spur|ki|te|fo|un|eth|lamo|af|hurdl|va|bled|dep
36|bri|grie|h|oppo|tut|net|sugr|mar|vo|owe|k|ser
37|post|ind|conv|s|shap|ad|alm|mid|hild|por|s|rasca
38|th|fun|bra|sam|spin|lot|ghos|de|ne|di|rams|un
39|brai|stone|ful|plum|jeal|obse|tinke|unmu|favo|loa|cinc|ext
40|del|gam|s|clou|twa|cr|we|rema|ove|ven|o|larks
41|draw|b|sc|hea|t|prop|buff|wight|aimsm|de|filt|gorg
42|ta|f|m|dir|fas|everl|a|br|w|headi|su|berk
43|expr|mano|pref|orkc|letl|c|ma|often|dungh|c|st|machi
44|g|reput|cand|p|gi|e|dis|rem|un|sai|see|ban
45|sca|fam|up|la|co|rop|sh|vexe|imm|thor|bi|pr
46|crim|n|i|rag|wo|wring|a|sm|ba|di|u|g
47|over|cotsa|co|a|f|balf|ge|pal|misc|c|f|surn
48|dostp|exch|distu|bra|allo|cl|ap|dece|plu|banes|ur|ge
49|d|signi|succ|wi|bajaz|super|una|eya|crea|awful|sto|p
50|wor|furr|world|unpru|re|int|c|wors|di|fr|bui|sta
51|compa|fum|slau|bewra|venue|ste|comf|magn|i|husba|bu|w
52|batt|adul|bad|cho|unliv|co|poss|wh|mi|del|san|ligh
53|rea|b|surv|pared|deu|cann|swa|m|s|trou|hidth|respe
54|vagr|chid|flex|chap|he|neck|ree|su|frame|deli|symp|jew
55|c|profi|soun|un|kib|go|ja|ob|ch|slu|f|w
56|pac|tra|unres|wiv|con|abrs|h|inve|drea|s|post|amaze
57|det|sacr|pe|sei|deed|g|cons|sc|as|nic|vi|temp
58|mai|pl|cor|short|prov|perso|date|conv|na|pot|a|po
59|zeal|belda|trea|l|str|tinc|unga|pen|invu|di|in|str
60|topsh|sp|va|pr|di|ma|hear|ja|issu|comp|benef|al
61|war|po|otto|o|ang|reech|magn|te|esco|l|wea|her
62|ep|rea|br|raz|ve|ekere|a|lea|bark|drea|fos|facit
63|syno|shou|gall|gout|trac|sluts|quid|acut|zed|fence|too|c
64|fis|faceg|loosr|lumpr|inc|des|reca|sugge|ove|pill|r|sixt
65|rema|lo|sla|stu|co|stif|pa|untun|crut|chi|fri|st
66|blo|er|rest|blus|cl|dec|exce|sur|alci|tra|h|echo
67|leo|pet|s|straw|diffs|am|ti|suspi|bree|t|addre|ama
68|perpl|sym|a|repe|comf|free|wo|pul|fo|gr|pl|mow
69|doub|no|child|pr|ex|f|pind|re|va|dim|ebon|kno
70|de|stri|tuit|cl|r|co|hect|di|toke|com|sou|i
71|va|owe|rhe|perm|ho|nove|ho|corr|pert|kent|abj|sk
72|tw|inve|rook|allo|rev|gran|cat|avoi|full|wher|docto|unfr
73|he|co|fe|po|ho|se|tra|ex|p|shor|sti|sove
74|bear|asl|l|famo|pins|cap|cred|unpre|denou|os|ma|basa
75|ser|b|sou|facch|lau|godli|amids|sphe|petra|swits|older|chop
76|lapr|le|bai|gl|over|simpc|frien|dietp|st|flus|ch|fant
77|ot|wayw|eng|hi|herbs|co|parti|cust|th|jaund|vant|del
78|be|sea|c|squi|re|c|d|atte|l|sev|buri|illu
79|dif|didm|er|res|sh|fear|fa|p|all|un|so|c
80|berri|fe|ma|dat|wo|ca|total|rav|pagea|cr|r|s
81|pri|linp|in|at|par|k|pr|fail|alo|ga|c|crow
82|acc|un|sco|inte|ess|bakes|thurs|antiq|assl|p|grie|fla
83|lilie|p|stak|endur|miss|man|beg|fortu|unh|b|wo|unloc
84|caps|c|tee|inte|abom|tr|un|bed|soon|rumin|vore|spel
85|r|inc|love|tak|p|pr|gr|lint|dis|marit|revea|pe
86|lopre|no|mad|reve|ki|drawn|stra|eith|thri|sh|par|po
87|meth|shi|marc|sha|gre|ran|grow|d|no|c|expec|st
88|w|india|sinne|ap|kneea|bo|foun|seve|co|domi|prit|letl
89|rec|seale|pe|hiem|assu|sup|a|triu|ad|sham|cond|gu
90|villi|mo|bri|s|se|stak|ap|offe|t|bu|diabl|par
91|supp|allo|po|enri|neck|co|ot|call|sole|di|discl|prof
92|leav|ramm|evi|repl|po|un|rub|ch|r|a|rep|do
93|f|ear|you|choo|tut|excl|fo|trad|trad|abe|rew|gre
94|beli|sco|batt|com|advis|tr|fo|priv|ce|be|sw|ter
95|cloud|mi|un|qua|tree|cha|co|enve|pa|spa|ples|to
96|cas|ga|poli|ba|tree|hop|f|our|killi|fort|abys|dis
97|mon|re|fa|pear|l|th|sta|s|rea|mur|a|cons
98|sh|hal|pass|acc|e|lig|topp|preci|re|ple|hug|cou
99|fre|fra|un|pass|subt|sirsi|lan|shad|ho|clar|c|wains
100|en|hands|sk|cha|bas|inst|brew|g|star|sc|seasi|d
