1|upo|ap
2|nee|la
3|dru|b
4|pe|vent
5|bohe|issu
6|lif|quit
7|ra|mine
8|glori|rec
9|sma|gatki
10|delay|dalli
11|offe|pr
12|cica|it
13|ju|ble
14|re|un
15|ho|supp
16|baesc|sple
17|ex|gatki
18|ship|april
19|crys|sch
20|st|appo
21|prec|ifsu
22|mothe|ho
23|reg|anato
24|fa|thyp
25|cla|su
26|bello|gisc
27|spend|spli
28|ke|rav
29|br|i
30|mars|thyp
31|desp|ama
32|stre|un
33|foul|f
34|lea|da
35|kno|dis
36|acc|hig
37|grub|skein
38|to|aun
39|blame|suc
40|topga|bri
41|cha|april
42|belo|bod
43|ann|dis
44|tabl|mis
45|ow|tr
46|solic|p
47|cuck|res
48|cere|ho
49|tra|sno
50|devi|ch
51|spou|lord
52|pugg|bat
53|ed|kett
54|c|rec
55|zany|pied
56|dy|ab
57|mis|pene
58|inc|mis
59|indi|m
60|itc|bla
61|int|pr
62|rem|sple
63|m|mine
64|or|ventu
65|lark|sch
66|cr|e
67|kn|ventu
68|vin|rec
69|se|ease
70|n|ma
71|ac|repu
72|gigle|tents
73|cons|godd
74|loo|ho
75|exe|it
76|arabi|blea
77|unr|str
78|cont|slee
79|encl|frigh
80|rea|dest
81|gi|run
82|slu|ed
83|ea|in
84|s|forma
85|en|rav
86|sm|suc
87|dete|ber
88|fedar|swi
89|jos|dia
90|conce|oa
91|home|t
92|find|stin
93|har|su
94|puzz|sable
95|coa|repu
96|liver|su
97|li|exco
98|rev|st
99|watch|mal
100|laz|ha
101|thi|simp
102|ben|rec
103|crim|sw
104|com|bri
105|il|pilgr
106|wren|bat
107|hid|br
108|surg|bla
109|tour|rewar
110|overt|aun
111|i|spli
112|fangm|ch
113|harl|lord
114|sh|ra
115|di|limb
116|clout|ac
117|bl|bod
118|impe|showt
119|ar|ab
120|fort|run
121|me|denn
122|v|rave
123|rec|br
124|const|issu
125|publi|spli
126|blas|denn
127|pri|sable
128|besi|enact
129|fu|ins
130|par|fr
131|un|frigh
132|trust|oa
133|thr|le
134|brok|suffe
135|t|br
136|be|blea
137|ap|bod
138|ch|limb
139|fam|p
140|shar|fa
141|adj|april
142|toaz|t
143|de|spel
144|poet|u
145|lean|bo
146|have|pres
147|d|me
148|plea|da
149|el|aff
150|mil|ch
151|quo|goad
152|sic|lang
153|je|su
154|barr|dest
155|asla|str
156|fate|fr
157|bli|vent
158|engag|unde
159|pr|mine
160|unfr|suc
161|a|funer
162|dra|bod
163|wean|exitt
164|ta|gisc
165|u|ch
166|mona|ma
167|inv|ther
168|sq|dia
169|bruis|st
170|sho|godd
171|eg|be
172|dom|sn
173|ref|inmos
174|conf|rewar
175|unfol|vani
176|opu|unl
177|foo|cho
178|p|rewar
179|spea|m
180|tri|thirt
181|qual|conc
182|end|suc
183|trai|bat
184|north|u
185|well|supp
186|buz|thyp
187|gr|lang
188|su|ant
189|te|f
190|ou|aun
191|mo|ch
192|abi|ease
193|dispr|ha
194|chap|ch
195|sc|lis
196|con|e
197|lect|sw
198|iv|hig
199|ab|de
200|sa|swe
