1|exalt|purch|blubb|invit|odo|hor|ent|p|unpr|co|c|bea
2|a|sai|coxw|fal|sta|a|app|botc|cr|boy|tend|sl
3|o|hov|sh|offe|mi|vol|wear|dist|sylla|ca|hu|ho
4|hea|blo|ba|rid|wom|ete|rai|pri|wedn|ensco|re|cov
5|mor|suppl|dri|pomp|strum|gat|woun|thiev|sti|comm|di|lur
6|suns|ge|f|tic|bowed|str|f|wil|get|rai|beha|gla
7|ant|hear|conc|kis|ocea|patr|free|co|ba|remon|mer|b
8|blubb|en|b|lestg|clam|last|un|comp|nail|verif|s|pe
9|try|re|link|ch|ubi|pri|pl|pr|a|fo|senoy|apro
10|fle|br|bol|in|berr|wannp|bed|co|a|una|co|disg
11|loa|ful|a|ex|adop|boa|taint|talk|c|fur|car|bushy
12|hois|richn|tal|sh|weave|unnat|live|votar|hu|wind|vouc|con
13|pe|sle|stu|lad|knee|con|acc|pict|uncu|gra|blus|be
14|clamm|unw|di|sold|mali|r|clapp|ov|go|d|se|tr
15|pu|deba|circ|m|wr|co|alte|p|brief|sul|far|f
16|ackn|pil|fau|bir|even|giddi|pill|in|dist|hosp|equ|crip
17|po|ol|lov|la|fe|adver|vani|un|mort|ra|part|sugg
18|st|c|butch|qua|c|mod|sanct|d|blot|garm|obser|nod
19|ha|salti|troop|mes|var|outs|gra|po|dire|t|su|l
20|wolf|accu|rank|es|vigi|chr|bu|re|re|u|si|rega
21|chr|rave|forg|chol|hu|ca|appe|w|cater|sixte|t|pah
22|re|qu|oy|prem|ste|nedl|la|ch|fe|da|ni|gra
23|etn|cher|dark|m|d|f|dec|opera|u|rea|inte|vaill
24|deepe|in|neck|bides|br|in|r|es|ho|co|over|slee
25|e|lea|boors|pi|w|se|c|bo|car|s|mu|exe
26|unsh|s|disti|unlu|lan|bac|hicc|boxe|gar|ambus|mids|palms
27|tollu|peda|su|pre|march|sup|phoen|bol|l|mi|spee|f
28|adm|m|dr|s|ur|wri|ale|mi|sun|ad|qu|l
29|par|da|comp|waft|esc|sib|tumul|eq|le|wed|s|mo
30|tuc|qu|voic|e|tend|be|rhap|ble|par|info|fo|wai
31|vell|bra|rig|colle|l|im|conte|to|ban|pe|be|v
32|s|fra|dispe|arch|sati|ma|grac|tre|car|t|sp|s
33|ma|ca|bal|defi|dar|ung|wes|do|capar|barba|onwa|crie
34|flyi|ne|grum|felo|baks|co|infer|plan|mur|cha|cho|aff
35|cou|est|r|un|bran|poi|la|fo|for|un|bode|clob
36|aea|veri|pe|dart|c|tr|gl|decli|th|wa|anc|ar
37|scour|carp|bree|d|flago|cro|acc|gra|str|thw|feats|f
38|paidc|sa|imagi|sti|di|ove|su|abrup|un|pa|f|rap
39|obid|begot|pensi|f|baki|sad|espo|po|acrem|felon|hu|obser
40|will|h|east|stri|gui|s|remo|cri|hoof|for|weig|liby
41|drin|prop|suspe|adu|like|f|colo|fee|circ|cli|bu|bric
42|plo|unte|gall|gla|tha|mi|po|up|lad|con|re|inv
43|tow|weapo|cre|ev|nib|pe|v|deput|was|refle|over|ad
44|capab|wi|perf|subs|c|giv|com|me|arr|fa|merr|pers
45|bott|marv|relia|obe|misgo|toolo|cull|angu|hea|no|fai|thr
46|c|hoo|p|dr|egr|sea|prie|insi|f|d|d|troja
47|fai|s|longt|fopp|solem|n|exce|juggl|vow|bre|foo|sadn
48|name|ch|pu|trea|inf|mis|supe|succ|ta|desti|etcp|s
49|vent|o|sh|sing|jo|u|c|equi|stee|gual|fi|co
50|her|sur|col|bunc|enco|gl|ho|roa|bo|eni|b|swol
51|lea|inte|stock|unban|at|decay|blus|disg|repa|redee|live|osten
52|rig|hush|aug|lu|que|a|p|cont|na|fo|dep|da
53|grudg|pe|writ|tur|fl|d|cha|facil|ou|faul|ta|dif
54|cre|sk|cur|prot|inc|thre|ab|babbl|tru|wor|win|empal
55|copu|savou|mered|dowr|encou|s|dep|a|fury|unrem|wi|soa
56|nerve|gi|keys|ro|caesa|rive|mutt|sine|ye|paris|cel|cas
57|su|na|b|bat|foll|ca|prot|be|appoi|chao|ra|abri
58|.th|fe|he|got|drunk|enth|wr|ra|ah|la|divi|i
59|foi|si|st|ber|bar|musi|dec|cont|slau|gravh|sat|ch
60|cu|unp|rep|met|tym|gui|rye|rese|er|sen|vesse|si
61|mal|brist|seats|islan|f|lain|di|mo|expr|e|pur|res
62|gel|summo|wre|free|on|u|med|sup|cir|ri|parti|di
63|tac|unp|fa|unco|regre|james|cl|beh|vict|abr|re|unl
64|couch|pr|ch|r|thro|st|sil|divi|dis|encom|w|ed
65|wh|a|rise|murd|biddi|plu|hear|i|u|apr|sub|chara
66|pres|crea|r|exc|tor|bemad|expe|yawni|reeki|tr|rung|dus
67|exc|rome|p|pueri|har|clim|enti|pand|sc|fl|conce|ou
68|t|av|fol|fla|com|spa|ironr|sc|where|mira|enf|ely
69|out|bold|im|de|disp|chr|note|chou|gao|hur|pri|plum
70|tr|s|often|ta|foo|unw|lus|pri|be|tu|br|vo
71|con|groo|ru|pre|eye|che|joy|s|won|c|sto|vouc
72|b|hal|indif|light|testy|st|un|sit|pi|s|con|cu
73|cordl|mo|dig|w|he|altar|su|las|ro|unbr|re|fu
74|go|edd|hum|vig|hies|cl|he|br|shed|allo|cl|anot
75|vi|a|not|susp|poli|in|re|vo|bl|obs|s|b
76|dad|c|nex|de|mice|expo|fo|test|in|una|move|accu
77|fla|g|week|ke|per|spaw|ho|u|rib|con|what|stri
78|accou|i|gips|sci|pulpi|ma|manag|ran|h|p|gov|n
79|def|c|pl|butc|je|gri|ri|a|sp|pr|purg|hea
80|chanc|collu|w|c|p|yoke|dau|ferre|power|live|tabo|f
81|love|sca|st|calai|sc|s|naked|w|ut|hal|ba|stayt
82|fr|nar|fo|e|loa|ma|gl|mell|te|lend|logg|os
83|co|fearf|pol|cur|half|conf|fi|lip|coug|mil|vol|ours
84|harm|dau|prog|com|b|for|affe|sta|va|ho|d|ca
85|bakp|impa|w|kingm|di|pilo|com|du|spee|unt|drow|hoo
86|descr|gorg|favo|int|col|br|f|de|rip|shoul|cont|n
87|geli|perus|qua|co|poin|tirg|dalli|nonag|unque|boug|henc|un
88|jep|barkt|inf|plum|uncon|needl|un|fai|clien|sle|tra|loudc
89|rec|obey|blaz|ai|dr|ho|mis|fac|twig|jes|tr|oli
90|who|meetr|mar|bas|dr|super|de|top|realm|int|jumpq|vents
91|flaw|who|be|ligh|drug|h|deter|co|jacob|mer|w|mar
92|salu|pen|con|v|ri|spra|ra|o|g|comp|pure|rem
93|ga|cha|le|chan|hu|man|ki|high|hel|halb|latt|pres
94|holi|reb|clos|hat|favo|ey|che|pomm|de|mour|nub|s
95|pi|blot|ac|ma|d|be|read|aspic|pe|serv|in|rat
96|stam|cu|hemp|naywa|gr|ma|try|in|mer|rel|una|d
97|lo|flus|fanc|viole|bl|bon|stand|main|infi|casem|ne|stri
98|fee|be|dar|scot|hu|assay|crus|shado|overs|grow|godso|prop
99|n|heref|toaz|inv|shrou|sup|wr|env|comp|sour|sieve|cru
100|be|und|r|be|al|ar|ind|ac|ya|atte|di|r
101|wea|cond|be|adva|ad|fa|co|we|goodl|pro|in|dr
102|trea|loss|ge|co|liv|fit|co|oph|oun|lea|min|so
103|oppos|drabb|visi|flo|unc|talke|ar|p|vio|da|entr|fume
104|hatha|diss|sting|slip|pathd|caper|deig|una|lux|c|ri|dish
105|unl|swo|ab|flo|f|te|alta|tr|in|lo|di|dwar
106|tally|troya|es|sup|ense|dis|beste|disa|prove|e|fool|sonn
107|tum|expr|rebe|heml|ma|sa|item|lendd|winn|slip|su|frig
108|me|sp|bo|de|dru|up|horn|bar|dig|t|liege|oppo
109|ful|l|tal|looke|dir|ci|ho|cabl|sum|ex|sh|hou
110|braz|in|dar|chain|be|f|turl|lass|thy|r|cou|afr
111|nerv|ri|phoeb|teet|cr|mov|pass|hard|woem|crow|tem|coo
112|k|unsig|co|v|sli|e|be|trick|vigo|impr|unta|bevyp
113|f|whip|expen|hook|madne|scen|motl|stat|rebuk|loat|procl|cu
114|wit|bra|ca|rede|fa|fuel|he|espi|o|gory|pli|pr
115|tip|on|da|sep|ro|b|unbel|fann|bull|l|rai|clo
116|te|imp|offer|c|thr|cen|de|em|uns|r|depa|flo
117|sum|outra|f|showe|stun|banis|merc|la|rebu|refl|testi|pa
118|misa|jo|g|bea|abom|in|plu|yell|perso|ent|d|simon
119|fo|overc|supe|co|cash|me|par|answ|tull|te|m|bes
120|h|ta|fo|s|man|respi|br|distr|trot|spo|rude|ap
121|envy|a|reas|suff|ru|p|con|perg|toss|ven|amb|trea
122|grat|hal|keen|n|com|p|pr|auda|regr|di|spe|s
123|mer|tem|scour|d|h|col|rev|cra|lolli|loanc|map|mys
124|fu|sn|found|best|de|ge|zene|sub|ropes|i|ter|rej
125|sh|sp|h|c|gar|aff|sw|po|awa|mus|im|mi
126|shif|wh|dast|marty|ch|enc|inve|h|c|rutt|bl|utter
127|fear|ret|gl|acc|rev|hun|acco|sam|des|cauc|betr|nu
128|lard|bl|cures|r|groat|l|pi|int|fa|arg|hand|st
129|bedr|h|eva|disp|en|spou|fard|tr|wells|g|tr|lab
130|fumb|merl|aco|fear|si|sof|gil|as|unwr|t|laurt|pecu
131|sits|sta|cou|unabl|obs|ple|bedfe|pre|time|i|eleph|m
132|fos|contr|vol|add|re|un|h|cor|tr|wild|fi|noni
133|limed|mi|c|sil|lame|ush|eve|rogu|i|minc|begui|despo
134|pewu|human|ha|foa|u|atte|yiel|di|su|ber|pres|co
135|steel|pr|fame|n|ho|musi|live|disn|kind|hou|grie|panda
136|boltf|grey|ap|proc|vic|amen|sq|shea|smac|free|li|gen
137|sa|cr|pa|reh|aims|sl|mann|unti|les|b|a|ap
138|savo|un|enthr|handl|rare|bedd|r|prom|round|ch|in|cha
139|mi|sup|cani|hel|smoo|da|awem|marg|earth|eiec|con|al
140|darl|comf|be|spe|vent|co|scr|a|bles|mew|me|cora
141|despi|cro|cu|trip|t|bound|un|ra|read|und|cro|mood
142|supe|gig|suff|fello|junoa|impio|heri|iro|ye|in|blowe|tett
143|gage|st|mea|stag|priv|pr|a|sibyl|gra|graz|resp|il
144|to|ve|un|read|combi|hoist|ber|p|dawn|specu|en|sh
145|tui|fal|di|maso|b|idol|u|acord|de|cr|ch|q
146|in|bo|ay|p|unpru|lia|r|mon|th|si|chit|spur
147|rap|quond|in|f|coop|anyt|chew|esp|gilb|main|hil|no
148|ke|dece|mar|va|tr|counc|sand|at|di|bu|dash|har
149|gen|fett|bea|una|dizz|re|bete|tur|arnp|tu|rav|foot
150|doit|lan|me|unpi|exc|kn|c|f|tea|cou|neckl|c
151|ple|col|fr|pr|sev|be|phe|impa|num|po|wa|soun
152|shall|a|da|cho|howe|we|ca|tap|bisho|ma|alcid|wh
153|ric|harm|watch|pr|cla|amp|su|ben|plo|de|ab|ac
154|sn|po|all|har|disco|uncr|bel|c|fl|nort|qu|acq
155|ra|disgu|unt|lat|unge|as|di|zo|u|swi|as|when
156|sc|rol|iss|orph|opp|unco|cou|def|unf|sid|sta|e
157|ref|skit|gu|wee|go|march|stea|aff|appet|str|th|eno
158|tri|presc|us|surna|bath|coff|cu|anti|bal|wron|oa|unm
159|boo|ite|puri|s|d|weigh|seve|dou|zo|cons|riot|d
160|rampi|cit|peop|teet|no|achi|whist|cuck|t|gr|p|tally
161|visi|vi|r|sire|forge|dye|fl|t|step|unpeo|c|dest
162|tory|dish|ad|de|pla|a|ap|em|te|lo|rogu|ba
163|few|u|cer|rea|ab|pr|cumbl|sovis|tumb|sco|er|hou
164|dr|bles|tot|barb|murt|equ|dece|fu|athw|c|ma|pre
165|prope|un|di|ric|norwe|men|outj|c|lips|hu|reti|enact
166|brav|fees|s|bro|deci|star|gra|heav|chudc|urg|unbe|spe
167|urget|lov|qu|les|rage|oc|sick|fairw|f|chara|mo|toys
168|jerk|dis|ja|unl|su|g|somet|exte|un|la|enc|p
169|windi|go|geese|del|bootl|donnm|yeom|d|gal|w|insp|tol
170|suc|cor|ha|befa|empt|pa|pr|jo|ragge|whee|e|hathf
171|de|i|re|f|pilg|li|pren|str|defi|repul|amb|dew
172|ab|dime|r|sp|boun|chick|steep|an|bepa|fe|lastc|fo
173|int|leisu|ta|sh|m|str|m|l|pl|appr|meadc|wi
174|cr|t|fee|ang|damna|de|yok|ea|test|exp|satep|mil
175|iden|deat|delig|sa|crue|e|time|san|cent|div|adjo|per
176|tap|run|resi|pla|fa|h|mi|plan|prae|dura|out|choo
177|dir|unp|clo|tri|hida|fixt|s|pleas|min|chro|p|cont
178|hyd|shif|s|ob|con|plut|cu|at|fami|augu|humes|clea
179|i|cave|lovel|quip|cryp|nio|sting|hum|ta|recr|ed|ti
180|indu|dan|i|beti|lev|stalk|lo|dri|goot|infe|po|nes
181|v|paybe|pu|ba|p|so|exasp|sa|re|sn|pa|rud
182|serv|giv|sewer|rotd|s|inst|imp|ho|pun|vi|mur|obs
183|hur|car|su|mer|sati|ame|franv|moe|unle|co|swo|parc
184|statu|di|red|pru|cons|c|tr|hate|sh|omit|jea|sei
185|adv|toas|gri|bel|hudd|ruler|fur|d|infu|denso|sect|cade
186|agon|mang|blame|sp|encr|core|os|deane|overl|mostj|squi|ap
187|fra|nouri|cypre|stea|unha|matc|ri|le|debi|kin|civ|r
188|inv|c|ble|s|pu|tr|sot|fanta|ext|lea|u|stumb
189|allc|sta|cavi|ev|nowhe|chr|chri|laud|maso|g|com|bur
190|lions|prod|sl|di|mu|beac|com|us|d|fle|ta|pane
191|sect|insu|doubl|coldc|vilen|filth|lack|thr|shee|busi|b|brea
192|lut|sweet|succ|upli|sat|south|swee|atta|juge|bout|un|loat
193|che|me|hyp|ar|ripe|salve|mudd|prot|w|tra|tr|h
194|gor|unp|throm|pe|gi|e|str|brac|cr|in|d|br
195|indi|th|int|con|smo|gr|rai|st|gout|infi|bowd|flag
196|ep|co|tabo|d|ar|bu|st|gui|p|them|he|p
197|cram|witt|c|bu|inevi|froze|ch|super|rej|fi|chi|endle
198|unpr|ama|tr|giddi|vo|mard|p|me|wi|adder|les|balan
199|ch|swo|all|tre|ca|kne|s|la|ta|purs|se|taun
200|nec|joint|caiu|unc|dive|hows|dil|conf|car|co|d|l
201|bur|blood|s|o|b|offic|m|ear|life|fi|pr|mal
202|neut|arche|pra|rec|buz|voya|un|de|pi|pe|isla|d
203|benu|dis|rive|st|al|pen|br|fore|pu|uttin|m|sig
204|barb|def|eff|ref|vali|pro|f|clep|pa|east|a|guil
205|ba|mispr|m|w|e|wa|he|famin|mudd|arro|co|lou
206|comp|beho|th|absen|e|rede|keepe|s|e|comf|gr|firml
207|conce|trave|thic|spon|co|att|h|yar|mis|h|k|unc
208|so|g|ber|eg|dr|tr|ewe|con|erud|do|th|par
209|spilt|rut|del|merr|terme|cates|culp|fee|ph|filth|kite|co
210|pa|knav|achi|diss|bat|boli|unfor|saili|sig|look|r|quite
211|ensui|sal|thr|i|palme|opul|reca|un|squi|guil|be|co
212|fut|phe|betw|re|resc|cour|sess|ble|cae|dif|dea|co
213|arg|c|mis|hen|sta|prem|tr|cod|thin|prese|hai|senat
214|r|len|f|shack|eth|sw|t|mo|wait|par|bew|swea
215|an|be|appr|ween|fet|pin|pr|t|al|do|inf|sam
216|fans|le|fau|de|arti|gos|waryg|fac|v|stra|d|extor
217|m|coll|gut|labou|ste|per|p|prom|mu|wei|lege|en
218|gri|c|must|sourc|rail|p|ala|gu|titus|hu|la|am
219|undu|mar|unre|unres|nunn|mend|winki|merri|nod|vir|beh|w
220|dar|cor|gobbe|supe|fre|v|d|a|pap|fr|j|stone
221|curat|j|i|pra|fea|im|thems|broac|sc|j|obs|be
222|ita|for|swe|chan|br|pres|fli|im|uncl|res|i|espo
223|late|go|gru|hide|stone|b|s|dis|b|summe|un|pl
224|for|argu|app|c|un|signi|medit|att|fear|garm|tr|mul
225|awe|pu|cr|gr|quea|co|mem|t|ph|p|outc|st
226|gra|arr|tongu|baw|co|we|birth|sitla|nell|p|hea|hon
227|we|c|ca|scho|hawkk|end|cha|e|debas|stom|plu|capon
228|rey|unwo|capta|scrip|gu|send|accum|sc|feat|ha|be|birc
229|unca|sack|pre|ta|ra|purp|tre|su|re|dr|beg|wan
230|vowed|po|cri|nois|pan|stuf|rend|mo|envio|minc|pebb|mir
231|exa|repl|justn|no|ens|c|divi|prin|se|augm|path|assu
232|fire|allt|deli|dear|num|pahco|pl|endur|de|it|ouph|scar
233|seeki|repu|tho|ret|st|ex|horo|nextd|p|san|com|w
234|furt|goa|sa|gua|coup|ine|agree|fidd|pa|ush|m|peac
235|maj|cha|san|glo|turf|turn|brib|mona|he|zi|rid|bet
236|si|si|saws|lispe|immed|high|dif|fin|i|t|ext|she
237|ne|lott|b|dread|ed|mag|saws|van|un|bo|nig|an
238|upli|warri|feat|bra|off|ac|misc|prov|to|w|lame|melt
239|lear|potfa|temps|mus|ski|lack|varn|piam|outf|thr|ex|u
240|repr|wh|termu|quo|saun|plent|watc|fea|cree|ba|te|br
241|light|laysa|t|inf|nec|brib|ki|ind|alepp|supr|c|c
242|eff|wa|wou|duell|adve|uns|pro|brayh|vi|unc|wi|pol
243|unde|ta|perf|mana|cloud|z|orbs|villa|ar|boh|becko|s
244|hen|imit|smi|di|u|exp|gr|dis|vomi|woode|bound|sums
245|min|commo|jowls|r|e|h|ensn|for|rew|af|c|climb
246|q|rep|unr|dap|tr|sarce|opini|ind|smack|prep|hid|fier
247|exh|e|drin|insp|angst|can|swee|m|dis|phi|bagsa|tro
248|inte|apo|pro|misa|begi|vicio|en|dea|cante|ac|accou|s
249|recre|du|gre|ev|join|unex|unwor|exc|pow|de|dei|com
250|sco|b|men|hu|ball|scot|yield|ni|de|roo|ren|do
251|neg|than|pear|g|fil|burg|lo|shar|b|cha|roma|depr
252|pilg|ambl|su|surve|proo|trage|lim|lur|aqua|s|app|s
253|ta|ab|knit|real|at|misa|rum|cro|merc|cu|sin|sha
254|w|bru|sta|rede|re|en|subsc|d|ship|eff|wip|lavi
255|devi|mop|cau|d|impo|fa|fau|unke|chudb|goers|reap|bea
256|l|he|c|mell|drun|exp|re|nicet|b|ma|a|rec
257|he|lea|c|evans|s|sli|deal|ravi|van|p|chal|disp
258|spe|do|play|speci|quoni|canc|int|sign|chide|be|gon|d
259|sl|pre|thr|mut|wr|h|l|sh|wi|dish|whea|rub
260|jo|ra|t|el|pen|sup|tige|cu|disd|inc|re|ad
261|shi|te|pl|af|str|beh|so|revo|pr|ec|rind|c
262|reve|te|elbow|maint|sig|pea|cankc|dece|repul|r|twe|c
263|beau|wardb|fi|mo|al|adv|du|sc|cea|embo|c|cr
264|pur|wh|gu|arou|sh|a|harks|gre|un|powe|par|equ
265|dis|lob|shi|palt|vent|mutto|wh|tin|th|pupp|val|dis
266|rel|like|bai|marl|se|pa|bak|welki|out|purs|whis|sch
267|fre|c|di|scrim|ab|sunsr|bo|mi|confi|sooth|hai|foa
268|bea|capa|adver|co|nere|miss|forat|su|do|cucko|chall|pr
269|diffe|educ|de|spurr|expe|no|vaca|d|ga|s|reve|eva
270|ho|r|ch|idlen|ma|trans|laz|repro|beli|w|s|ex
271|fi|div|sh|ou|se|adore|wrat|im|fa|di|noti|ri
272|di|im|conce|d|provo|mur|rec|un|pro|new|cho|pe
273|bli|ballo|unfe|forc|ble|ir|eve|revo|la|sili|lamb|dev
274|ex|f|ti|li|sanc|pr|tho|with|net|prai|b|s
275|degen|admo|con|a|or|jeth|de|loo|vi|good|envi|pr
276|rev|mi|avo|pia|stu|p|sta|mans|st|presc|pil|e
277|p|red|tram|resu|sa|r|p|oppos|cir|prov|pat|procl
278|pri|b|glist|opp|lose|hi|pr|deno|sp|thw|un|co
279|absta|aer|soft|sc|grisl|p|hap|wa|pur|cyg|scurr|inh
280|ble|quest|v|tr|va|co|shrou|fron|plots|gna|passi|co
281|bull|m|levy|swal|unan|ince|spea|f|ed|fina|rat|buf
282|chie|mis|nes|uncon|ple|pick|soa|un|fo|sea|an|co
283|stif|app|dow|popp|blis|ou|pto|move|pad|app|whit|o
284|sai|owed|gage|for|kee|u|lig|forsp|b|min|l|he
285|ent|be|up|plau|unfi|chast|tough|tri|vi|re|unto|doz
286|gros|smar|howb|cor|loc|him|imper|beeny|sa|beha|s|b
287|tookb|tit|s|ass|l|ta|med|iris|en|oli|g|face
288|recan|churc|bit|bes|li|stud|trot|fo|a|fin|ex|shr
289|eatco|wagsp|true|appr|good|orkco|mode|mot|co|unbr|vapo|glo
290|pocky|imp|cre|pathw|conve|wou|cou|fu|in|oswa|in|com
291|strif|parl|ta|prope|wa|prank|panda|charn|regul|indu|mai|por
292|fana|we|u|jail|deli|in|ge|humh|nun|tra|tr|he
293|viza|dove|geffr|veng|a|cont|fri|adv|rewa|ent|m|carve
294|neede|ty|end|ho|q|wear|via|lean|de|d|pil|plea
295|mutua|v|barn|un|spit|fles|circl|ti|se|b|t|na
296|emb|fer|m|ass|royni|ro|cas|bobt|ulce|tar|r|st
297|qua|offic|sat|fri|ca|rein|trot|euro|jeop|s|alle|cau
298|ung|lift|fran|right|conce|sev|lawf|evas|h|amaze|fl|r
299|rushd|em|rid|an|em|thi|eats|mo|hea|tar|r|mov
300|ind|t|fe|epil|arith|hoa|erri|rese|alls|di|im|ache
301|genit|me|ance|des|d|pa|pe|di|tres|dila|mono|or
302|th|ac|ride|der|phi|capon|pipi|go|inf|br|co|hove
303|acc|di|as|har|upwa|aff|mist|proph|vesp|aven|ba|mag
304|res|p|hu|bear|v|mus|rep|drain|stir|m|ri|se
305|cand|bl|prie|torm|sme|fop|clepe|re|ber|b|tough|wer
306|han|tat|f|coa|pos|t|dis|sm|re|ef|reco|poor
307|surf|u|lowne|ap|sus|im|var|hang|inc|u|seed|d
308|lend|br|prime|cudge|enw|dea|fla|a|mess|ea|ho|e
309|ed|ser|commi|cod|be|f|s|i|sm|bu|pro|labo
310|mat|ob|gin|powe|ag|guidi|b|cotsw|cheer|lech|c|cneiu
311|la|rib|unha|sla|o|read|lam|nor|ho|mar|foeen|plac
312|teem|una|cou|add|tr|u|inte|hop|sens|co|lam|dili
313|purrc|in|c|neu|impl|place|appa|ever|woo|ro|co|fillr
314|ste|vi|ch|live|p|amnip|y|wh|pet|supsl|c|ha
315|conv|illop|e|poun|theo|ram|gr|ance|o|ine|ch|runn
316|hon|rep|simpl|expir|woful|tre|ratt|copp|is|dr|ca|u
317|aban|wa|char|l|gr|pe|am|rem|vi|tau|bou|defin
318|bru|thin|gl|sig|che|li|spur|pri|hav|pr|t|devis
319|openi|co|cre|part|ca|p|inha|pri|basi|u|un|eng
320|zoun|p|storm|feet|de|ple|stone|b|c|invi|unh|th
321|adju|win|raven|glas|pro|sha|emhr|vorjo|s|pi|maste|rest
322|until|c|j|cura|hurts|fourt|bul|se|gua|pla|mar|consu
323|nay|cop|e|ric|c|bl|ran|gu|ke|por|sh|si
324|mau|goo|o|s|unf|exa|ye|sty|clare|y|ise|hi
325|per|in|la|tw|ga|scho|tendi|stone|pla|the|impat|sh
326|shou|musta|vacan|servi|rem|tas|whe|hu|fals|sur|enc|ser
327|bas|un|hie|ugli|paw|targ|v|da|trust|na|nip|musta
328|pau|suf|pensi|vie|un|t|a|cass|ind|miss|pet|se
329|atte|o|cal|c|re|rod|tu|gna|dams|bar|quaer|q
330|lodgi|prac|le|de|di|arro|de|he|ali|bodi|af|woul
331|prof|fri|sues|unl|s|bla|fir|rec|beg|cha|pert|hu
332|u|t|con|ra|kn|pre|cr|en|bast|poiso|star|weare
333|bl|rock|fa|hab|ch|whitm|mys|h|am|supp|un|di
334|moed|t|misc|mi|luna|c|reas|wooe|in|ensu|st|fo
335|fit|ow|smite|el|bus|atte|co|mer|frank|mild|sw|ma
336|im|could|aur|ind|comp|s|hungr|band|pa|ge|b|iwi
337|al|fr|wre|co|co|clai|te|d|combi|be|ho|neg
338|qu|ra|a|stan|vagro|lag|sat|obl|pol|tea|s|lon
339|good|py|all|en|shov|thi|i|conce|bonn|uncur|d|ma
340|jourd|phant|plod|fini|affe|newe|powe|servi|specu|ma|hayb|peltf
341|musi|u|laps|re|beq|wigh|cas|mang|goo|unlet|mi|dis
342|elo|haugh|e|var|less|e|si|th|v|m|s|co
343|pr|winn|swea|cop|obs|tig|cons|fath|ceas|taste|lurks|batt
344|bucku|ch|par|pe|pilef|dus|targe|e|in|imp|he|pro
345|sout|asha|soli|go|vaga|be|ma|ptol|bold|appro|vala|med
346|ro|c|drun|fl|y|da|lan|sc|co|r|cov|assig
347|hem|lydi|tre|hol|he|vai|sw|tipsw|p|dec|snea|unma
348|dul|ve|pace|se|ome|sta|rece|feat|somet|unbat|gor|h
349|sat|feli|benvo|ins|jaqu|mu|ce|enda|destr|uns|u|pur
350|sudd|s|canon|wa|sm|je|ordi|mi|b|bas|pe|honor
351|har|stag|divi|he|unct|chris|his|rumi|limit|str|co|cle
352|toler|p|fan|sco|her|etont|found|int|ho|m|ha|fo
353|care|for|con|highe|un|sinkh|a|se|retur|expe|fing|a
354|swa|usu|unn|go|di|disp|vaisf|c|pio|quill|shoul|pr
355|abili|dr|la|se|no|ind|tur|crust|gree|udg|pr|amaz
356|wa|pain|midd|alo|di|engr|di|hear|joyt|hea|sta|instr
357|lucre|lo|hollo|an|ge|f|pr|deca|in|s|u|pri
358|as|affr|o|r|etern|brace|lawnr|bo|meagr|sl|st|che
359|hoo|de|wea|pin|la|in|ove|s|epit|sess|procl|bon
360|un|sa|iras|smoth|fas|bogp|ye|scar|fo|unre|soo|st
361|barn|owe|li|ra|p|mor|agam|qu|newe|sc|euro|gir
362|masts|den|stay|cl|tisve|cav|sl|thr|te|fines|mal|cal
363|unla|pi|rel|viza|une|slau|b|ind|ba|scam|f|inf
364|passa|crea|th|cl|b|fi|nu|pat|pois|lea|or|ma
365|skyi|pe|unco|reg|holpo|cogn|rust|mo|sen|noyan|detes|ma
366|hai|cros|bo|bumb|bas|ordp|mu|gip|gu|appr|e|bloo
367|oct|weep|pr|fl|tra|abr|pe|c|bale|seduc|rud|cer
368|gu|in|om|li|cyn|s|car|rh|roya|wrin|flu|d
369|str|thro|frenc|da|un|sent|dare|spok|c|tra|del|ghos
370|conc|en|d|un|danc|g|pau|pa|torto|arm|frog|pre
371|guard|w|ble|st|bus|lei|advan|resol|mi|mo|pl|ca
372|princ|r|ac|wa|hilt|pon|hed|re|lowtr|sp|cl|ford
373|shri|race|s|cho|bu|trod|mona|pinw|wi|royni|poor|bir
374|roas|e|fa|re|bl|stab|lac|anth|lead|long|roa|comp
375|mit|repu|smat|lo|raz|lea|li|spr|temp|stu|d|inf
376|irre|furn|unta|pro|grand|he|lava|cel|pa|cat|tr|arm
377|spur|ki|te|fo|un|eth|lamo|af|hurdl|va|bled|dep
378|bri|grie|h|oppo|tut|net|sugr|mar|vo|owe|k|ser
379|post|ind|conv|s|shap|ad|alm|mid|hild|por|s|rasca
380|brai|stone|ful|plum|jeal|obse|tinke|unmu|favo|loa|cinc|ext
381|del|gam|s|clou|twa|cr|we|rema|ove|ven|o|larks
382|draw|b|sc|hea|t|prop|buff|wight|aimsm|de|filt|gorg
383|expr|mano|pref|orkc|letl|c|ma|often|dungh|c|st|machi
384|g|reput|cand|p|gi|e|dis|rem|un|sai|see|ban
385|sca|fam|up|la|co|rop|sh|vexe|imm|thor|bi|pr
386|crim|n|i|rag|wo|wring|a|sm|ba|di|u|g
387|over|cotsa|co|a|f|balf|ge|pal|misc|c|f|surn
388|dostp|exch|distu|bra|allo|cl|ap|dece|plu|banes|ur|ge
389|d|signi|succ|wi|bajaz|super|una|eya|crea|awful|sto|p
390|wor|furr|world|unpru|re|int|c|wors|di|fr|bui|sta
391|compa|fum|slau|bewra|venue|ste|comf|magn|i|husba|bu|w
392|batt|adul|bad|cho|unliv|co|poss|wh|mi|del|san|ligh
393|rea|b|surv|pared|deu|cann|swa|m|s|trou|hidth|respe
394|vagr|chid|flex|chap|he|neck|ree|su|frame|deli|symp|jew
395|pac|tra|unres|wiv|con|abrs|h|inve|drea|s|post|amaze
396|det|sacr|pe|sei|deed|g|cons|sc|as|nic|vi|temp
397|mai|pl|cor|short|prov|perso|date|conv|na|pot|a|po
398|zeal|belda|trea|l|str|tinc|unga|pen|invu|di|in|str
399|topsh|sp|va|pr|di|ma|hear|ja|issu|comp|benef|al
400|war|po|otto|o|ang|reech|magn|te|esco|l|wea|her
401|syno|shou|gall|gout|trac|sluts|quid|acut|zed|fence|too|c
402|fis|faceg|loosr|lumpr|inc|des|reca|sugge|ove|pill|r|sixt
403|rema|lo|sla|stu|co|stif|pa|untun|crut|chi|fri|st
404|blo|er|rest|blus|cl|dec|exce|sur|alci|tra|h|echo
405|leo|pet|s|straw|diffs|am|ti|suspi|bree|t|addre|ama
406|perpl|sym|a|repe|comf|free|wo|pul|fo|gr|pl|mow
407|doub|no|child|pr|ex|f|pind|re|va|dim|ebon|kno
408|va|owe|rhe|perm|ho|nove|ho|corr|pert|kent|abj|sk
409|tw|inve|rook|allo|rev|gran|cat|avoi|full|wher|docto|unfr
410|bear|asl|l|famo|pins|cap|cred|unpre|denou|os|ma|basa
411|ser|b|sou|facch|lau|godli|amids|sphe|petra|swits|older|chop
412|lapr|le|bai|gl|over|simpc|frien|dietp|st|flus|ch|fant
413|ot|wayw|eng|hi|herbs|co|parti|cust|th|jaund|vant|del
414|dif|didm|er|res|sh|fear|fa|p|all|un|so|c
415|berri|fe|ma|dat|wo|ca|total|rav|pagea|cr|r|s
416|lilie|p|stak|endur|miss|man|beg|fortu|unh|b|wo|unloc
417|caps|c|tee|inte|abom|tr|un|bed|soon|rumin|vore|spel
418|lopre|no|mad|reve|ki|drawn|stra|eith|thri|sh|par|po
419|meth|shi|marc|sha|gre|ran|grow|d|no|c|expec|st
420|villi|mo|bri|s|se|stak|ap|offe|t|bu|diabl|par
421|supp|allo|po|enri|neck|co|ot|call|sole|di|discl|prof
422|leav|ramm|evi|repl|po|un|rub|ch|r|a|rep|do
423|beli|sco|batt|com|advis|tr|fo|priv|ce|be|sw|ter
424|cloud|mi|un|qua|tree|cha|co|enve|pa|spa|ples|to
425|cas|ga|poli|ba|tree|hop|f|our|killi|fort|abys|dis
426|mon|re|fa|pear|l|th|sta|s|rea|mur|a|cons
427|en|hands|sk|cha|bas|inst|brew|g|star|sc|seasi|d
428|acci|gulf|jol|heret|pre|owlp|klll|wren|mil|so|epic|na
429|congr|wood|gen|bald|b|sores|un|va|farr|inv|tem|tru
430|addl|wr|fei|shea|exc|sha|luck|sk|home|c|cl|eng
431|au|ob|spee|wr|re|imm|to|must|inh|wa|noon|pr
432|exac|pa|con|orie|sor|wo|c|p|boil|pud|j|la
433|scen|hous|varle|soecl|free|fou|int|mane|cran|me|urges|le
434|ac|betr|ca|e|contr|re|co|loo|tra|cowa|mami|chi
435|unma|f|a|wis|fo|mise|fu|va|lun|armym|kno|smo
436|cri|mock|sard|coro|v|fou|jig|seld|en|cons|admi|cr
437|towe|oeil|hott|br|bent|puf|be|tot|obse|fe|draws|ha
438|privy|mer|awful|ponti|arr|hitt|re|rai|pove|la|river|dast
439|mis|mo|p|thri|p|she|maste|aus|lea|vowe|cr|do
440|lew|bran|co|pu|re|sh|sur|dee|pedl|go|de|r
441|grand|le|re|so|u|l|impaw|enla|re|ne|div|d
442|sub|dyedj|pure|men|bic|wags|robe|com|mode|vi|wri|ra
443|cord|b|a|so|tippl|pa|cu|avai|re|aptba|vi|mea
444|vel|hear|c|jud|o|rigo|co|unca|reco|fra|endan|dowr
445|lie|bor|tuesd|va|co|learn|str|paw|drow|dra|h|bil
446|br|e|plas|no|ca|un|ni|m|caud|m|ale|all
447|almi|par|avai|phar|line|thir|decem|excu|v|dese|credi|q
448|dou|pa|unp|home|enth|apolo|di|fall|in|h|lye|ursc
449|prosc|tru|inte|c|cabl|ren|rac|hal|huju|gna|st|mor
450|coro|an|unr|emb|bene|greec|con|puni|go|feast|untim|f
451|wres|de|t|gr|b|br|re|her|heart|blin|bet|a
452|soun|ha|scr|wre|birds|so|ince|wa|ch|decr|dea|s
453|wri|medec|pro|hero|excr|nagu|qu|sc|moul|l|beh|s
454|cens|c|ter|shove|reb|ulc|sinn|r|schol|v|ch|fi
455|myn|s|revi|resp|noi|prodi|di|mort|o|tarr|wipee|quak
456|slu|s|bobha|abrog|likel|thr|hoo|enn|sur|un|org|ado
457|refu|flatt|c|crams|ha|hid|a|uses|f|e|sav|mu
458|sp|un|thor|s|wells|hares|fami|e|t|march|ba|exit
459|ap|re|lawl|s|wh|pi|unex|prat|pr|ho|lamm|eng
460|imi|ve|dist|adde|wrest|abh|hurt|array|che|f|s|mani
461|speak|off|desp|de|fal|ru|h|ba|ur|gr|dal|se
462|mu|tremb|rib|ecs|op|gi|m|borde|a|gold|unpru|par
463|mots|pub|legs|rog|ins|pre|li|pr|sol|ban|el|b
464|reser|sur|pige|sit|dinn|gent|bem|gazer|ri|c|cap|fatho
465|ador|cr|dilat|br|torei|cape|seam|body|de|sm|t|rhym
466|law|clo|pudd|nea|argal|blan|ob|serm|win|seque|elb|br
467|conni|go|po|impo|contr|pa|opp|funer|app|pre|mo|barba
468|stabl|purr|co|lee|i|bla|adva|enra|leche|va|sw|p
469|cyp|rive|be|qui|swo|cal|mo|quiv|tour|woo|reve|ev
470|yie|wit|we|dis|se|ark|fac|hoa|patc|cas|rud|sap
471|angel|catap|thank|ad|ordin|w|mi|pr|pro|scro|displ|mas
472|bo|qu|r|ri|bitsc|t|ami|offe|div|af|prolo|ba
473|fick|unac|pre|omn|s|comb|kin|sh|beg|ca|disa|fri
474|joy|di|in|ro|s|gli|se|rou|g|s|em|uni
475|slig|la|comp|enra|prob|pre|ha|che|co|viol|se|achi
476|irish|lik|c|p|vid|venue|boun|sl|touc|rob|impo|coney
477|maso|hors|qual|mil|cu|eph|no|bri|quar|du|gro|pat
478|pl|gi|frui|abho|deca|count|se|sul|wh|de|cric|smock
479|dang|fo|s|des|ref|dart|use|moun|r|bubbl|liep|strik
480|harr|tric|i|unwa|mus|gu|et|o|mored|exp|def|crav
481|slac|ratsb|ho|hunt|dis|di|de|juler|u|nell|pa|v
482|je|ga|dr|d|de|p|loos|ro|st|reli|colou|lot
483|disea|ga|fol|si|dest|gri|tra|exhi|so|law|griml|op
484|ze|h|b|port|r|me|pi|wo|sea|t|dis|peas
485|ri|with|dild|m|hapl|michi|re|sus|mu|infi|unact|not
486|loo|lour|mak|dism|arde|chi|pepi|sho|im|su|shri|ta
487|phant|sp|offi|boxe|deb|mau|co|argu|chee|fina|pause|h
488|prate|obsc|r|wort|base|blea|fa|cou|eter|pho|reti|co
489|advis|boa|tran|disco|whe|pri|ad|undu|arc|b|ma|g
490|corr|serv|s|lena|ploug|pud|play|peni|inkd|i|cla|che
491|upho|r|jar|gnat|orna|adv|mou|ful|ho|car|e|co
492|anyfo|ha|duell|winn|nob|r|b|ease|west|mo|th|quak
493|turt|re|ap|di|ul|st|s|d|ding|coo|se|gat
494|bro|coac|pre|den|di|amb|diff|a|an|bless|snail|tri
495|tem|bac|rota|c|me|ser|e|con|tarq|br|c|tu
496|amb|dumb|s|l|pro|wic|re|usu|cu|s|rog|writ
497|aff|pe|unadv|ker|soph|vi|un|squi|lu|faire|a|dee
498|bacch|remo|dif|s|att|dra|long|var|con|re|cuck|jo
499|conco|r|gr|wa|c|fil|gildc|bo|bit|clo|blow|sub
500|unlik|fie|hoar|bri|deci|pione|stoc|idol|lu|fore|str|dec
