1|unsh|turn
2|vent|po
3|suns|spra
4|salu|ga
5|.th|chor
6|cou|h
7|chr|che
8|a|va
9|e|spot
10|tow|conqu
11|ha|tray
12|def|naml
13|hea|scho
14|mor|tugg
15|geli|scho
16|tr|we
17|flaw|we
18|out|ay
19|chanc|p
20|wolf|slu
21|dad|wag
22|n|reg
23|pres|seenp
24|holi|inhe
25|fee|outra
26|who|jeste
27|deepe|seenp
28|harm|fled
29|bakp|dr
30|fle|phi
31|clamm|sle
32|her|ga
33|flyi|serv
34|fai|spra
35|s|tray
36|name|re
37|adm|ju
38|rig|hen
39|aea|imp
40|pu|reg
41|exalt|burnm
42|vell|ga
43|lea|wr
44|nerve|ay
45|cordl|def
46|descr|we
47|tac|ay
48|ga|bed
49|pi|no
50|tollu|porte
51|stam|we
52|c|cate
53|copu|la
54|go|fl
55|lo|av
56|grudg|en
57|mal|wr
58|vi|burnm
59|t|h
60|b|exi
61|try|tray
62|scour|outra
63|pe|av
64|cre|li
65|obid|naml
66|blubb|divi
67|ant|re
68|exc|ne
69|plo|reg
70|ackn|e
71|re|n
72|cu|tor
73|co|scar
74|po|sp
75|will|po
76|fla|la
77|par|a
78|su|conf
79|st|su
80|ma|outra
81|hois|ea
82|fr|conqu
83|love|warn
84|foi|wagre
85|o|p
86|accou|shado
87|rec|iss
88|couch|def
89|wh|tray
90|tuc|warn
91|gel|sle
92|jep|n
93|etn|imp
94|drin|warn
95|loa|allo
96|capab|cou
97|con|s
98|paidc|jo
99|bott|iss
100|be|va
