1|murd|tr
2|or|jour
3|unsa|obser
4|upb|reli
5|desp|v
6|les|cu
7|hin|z
8|hop|am
9|getr|lofty
10|pro|grat
11|g|gath
12|tw|am
13|thi|g
14|patro|mus
15|hav|bes
16|chin|faw
17|ga|pr
18|sprin|the
19|sing|vie
20|conc|psal
21|inscu|patie
22|potpa|mer
23|fay|kick
24|medit|husb
25|postm|damo
26|res|acc
27|rake|ref
28|vis|puzz
29|desi|gal
30|curra|discl
31|cir|goat
32|enfr|join
33|exil|abu
34|bo|blend
35|wrenh|jol
36|rober|sw
37|holof|prosp
38|sunda|soli
39|am|gregg
40|butsc|unfol
41|in|popp
42|caine|s
43|baske|doze
44|curio|guar
45|th|gui
46|cu|blend
47|ur|corru
48|ca|deni
49|eve|nor
50|bol|rankl
51|prov|bury
52|wrink|sweet
53|fl|thr
54|acq|educ
55|b|curle
56|int|unsk
57|le|dis
58|pr|bri
59|deli|engro
60|d|hive
61|exped|actin
62|yor|empo
63|cong|fr
64|ve|foli
65|uni|fores
66|tic|ayem
67|j|hairb
68|ti|gay
69|tra|cre
70|pea|cha
71|ans|ex
72|sign|chal
73|wi|secu
74|acqu|exte
75|ber|con
76|ente|che
77|loc|uns
78|bria|mort
79|vul|sla
80|even|long
81|rec|trip
82|rel|oxfo
83|pur|cott
84|pan|cott
85|suck|se
86|de|sla
87|bes|unsk
88|av|mu
89|hos|anti
90|lif|lofty
91|carbu|cre
92|p|ung
93|braz|prep
94|sak|maide
95|sol|gee
96|abbo|choll
97|dism|ref
98|rob|unfol
99|dela|ea
100|illu|ma
101|migh|en
102|spor|lux
103|wro|me
104|mer|psal
105|for|da
106|grac|enob
107|poe|honey
108|sh|b
109|spo|secu
110|sup|disg
111|spri|disg
112|defu|warni
113|east|baswi
114|plen|baske
115|poled|furr
116|wor|sauc
117|len|o
118|grin|op
119|edgta|corru
120|sift|ad
121|no|vale
122|hobb|disg
123|acc|dest
124|gods|luxu
125|sal|q
126|te|asma
127|ph|exte
128|succ|vie
129|den|comf
130|ski|shr
131|orn|car
132|clo|so
133|bl|fa
134|phil|join
135|batt|l
136|green|bruis
137|ind|grat
138|as|wi
139|shi|o
140|con|win
141|repo|fo
142|deny|seiz
143|pere|refu
144|ex|shap
145|wh|cap
146|educ|quic
147|angl|emb
148|gour|engro
149|tugth|patie
150|ed|ob
151|expl|rewa
152|mould|pest
153|prece|kin
154|re|actin
155|serpe|kin
156|come|noug
157|lad|sla
158|mora|fr
159|satep|my
160|nobl|long
161|rep|bi
162|laur|bri
163|veri|pede
164|lod|jule
165|kin|mi
166|pri|bury
167|pull|imp
168|cot|tr
169|slee|posse
170|hi|tossi
171|oxe|educ
172|title|bo
173|po|catas
174|betr|li
175|sigh|s
176|fait|eff
177|ensn|mou
178|lack|se
179|indic|educ
180|vol|al
181|san|disd
182|virt|ann
183|cr|re
184|s|educ
185|bat|dwell
186|qu|wors
187|logo|husb
188|el|omi
189|r|sug
190|cal|all
191|wea|swea
192|sig|six
193|stool|aw
194|embra|eats
195|god|pre
196|war|bl
197|fico|male
198|stai|be
199|exti|tum
200|fai|cap
201|mot|gay
202|shear|sol
203|ass|puzz
204|wan|corru
205|ar|estat
206|shy|ung
207|coyu|pit
208|syll|f
209|gal|luc
210|grat|rankl
211|o|pla
212|pi|tum
213|rust|nipp
214|y|woe
215|bra|pro
216|fel|hea
217|inq|inw
218|wom|gibr
219|beem|sug
220|stall|for
221|rul|sol
222|effe|blea
223|berea|troie
224|abr|eats
225|mi|sla
226|poisi|adore
227|promi|hur
228|vary|hir
229|binev|gn
230|emb|pers
231|egre|bodi
232|h|sou
233|light|watc
234|how|pe
235|jur|hars
236|unre|ref
237|ei|autho
238|gove|posse
239|look|infec
240|i|six
241|un|dar
242|here|ven
243|ac|an
244|c|sweet
245|cru|abet
246|nutsh|part
247|perve|pre
248|honey|tit
249|t|kick
250|juggl|apo
251|prod|chal
252|mes|ind
253|coun|encou
254|untu|rewa
255|overw|sug
256|por|w
257|leche|maide
258|ma|deni
259|shr|lux
260|jud|quoif
261|da|sati
262|sm|es
263|wail|p
264|leo|str
265|fee|f
266|heart|damo
267|stra|warni
268|cuck|spaci
269|qua|comm
270|nort|holl
271|cab|long
272|circu|or
273|tell|blea
274|is|cott
275|me|the
276|e|r
277|mal|c
278|feign|de
279|em|vie
280|gyve|uglye
281|tur|actin
282|volu|sca
283|bran|ad
284|fo|gr
285|str|sauc
286|hors|pi
287|blit|ga
288|els|re
289|lend|gay
290|ho|art
291|ri|oath
292|lo|pheb
293|twins|i
294|borne|unsk
295|lanc|witc
296|ina|buss
297|sauci|ven
298|ox|asma
299|unb|gapi
300|foreg|autho
301|unp|spaci
302|free|maki
303|melts|hea
304|comp|gapi
305|bou|art
306|worsh|conv
307|disc|tu
308|colo|unti
309|gr|ba
310|inc|catas
311|rats|hou
312|pierc|po
313|ret|gar
314|quant|paun
315|tucke|t
316|val|wast
317|ra|latt
318|sous|mon
319|sc|coll
320|sphe|marke
321|som|ind
322|ep|ra
323|go|gues
324|smat|recou
325|crave|ki
326|di|bodi
327|expo|watc
328|lip|pe
329|garm|male
330|sin|cont
331|ama|witc
332|cor|duri
333|sue|dwell
334|ap|popp
335|unpol|wa
336|sewer|ung
337|birt|pred
338|fla|bo
339|aq|ei
340|clim|empo
341|baite|ewesc
342|gua|loam
343|be|cen
344|sha|puzz
345|seal|eats
346|sugs|lux
347|oppo|hairb
348|dr|decid
349|es|loam
350|to|refu
351|co|bals
352|won|plung
353|earl|ann
354|reli|she
355|hosp|hapl
356|dor|bals
357|rem|hen
358|dot|sa
359|nec|cas
360|ad|can
361|pu|on
362|tr|cas
363|burst|a
364|nati|unp
365|enact|kick
366|cha|denie
367|goad|suc
368|unbr|hou
369|disg|bl
370|deafp|fla
371|maw|de
372|bast|dwell
373|malco|happi
374|fivep|bri
375|bri|elo
376|st|perp
377|dark|coll
378|lev|uglye
379|fr|mute
380|whiz|cen
381|com|imp
382|sac|an
383|pag|nec
384|tou|remo
385|la|discl
386|se|mou
387|mine|triv
388|injo|shap
389|leisu|furrw
390|kinde|pecu
391|corr|r
392|unbit|for
393|pick|age
394|cheve|adore
395|jes|pecu
396|br|vie
397|defam|wh
398|prowe|pav
399|beca|co
400|fifte|quoif
401|wear|mar
402|l|mar
403|endr|blea
404|im|secu
405|smir|ind
406|che|tauru
407|paw|mer
408|f|miss
409|fi|pede
410|mala|fi
411|bu|ma
412|roan|ankl
413|ranc|uglye
414|liqu|scann
415|sp|perpe
416|hea|win
417|sch|lo
418|ge|eff
419|eg|mad
420|en|turn
421|gro|conce
422|news|conce
423|enjoy|unc
424|af|e
425|lewi|sc
426|cutb|l
427|jo|turn
428|he|popp
429|of|untim
430|und|unti
431|usu|husb
432|tris|q
433|sto|ro
434|lea|cas
435|field|blea
436|over|cl
437|pa|ver
438|ratc|fria
439|sli|am
440|son|h
441|su|perpe
442|ver|almos
443|suppo|star
444|ch|male
445|bel|mad
446|apol|overh
447|blubb|ca
448|devi|woe
449|morg|es
450|imp|tossi
451|facti|clim
452|than|husb
453|perc|bod
454|press|pla
455|repe|warm
456|dis|obser
457|idio|cost
458|commo|choll
459|ro|apo
460|li|coll
461|si|n
462|hit|free
463|whoe|lux
464|sa|f
465|kee|abu
466|cyn|six
467|whe|gn
468|pas|abu
469|confi|fle
470|ladde|y
471|ima|part
472|wo|ben
473|his|affe
474|boo|corru
475|u|con
476|thri|guar
477|alba|s
478|hu|ga
479|stoww|chic
480|morse|the
481|bet|gibr
482|pen|jol
483|head|infec
484|bi|bl
485|part|carp
486|flo|exte
487|rap|anti
488|ba|the
489|oct|suppl
490|worl|faw
491|m|ge
492|gre|q
493|silv|bloss
494|ey|gar
495|ha|shap
496|a|pit
497|butch|ref
498|tombl|ful
499|crus|tu
500|chro|ba
