1|fai|armi
2|gar|bott
3|recom|unh
4|ci|for
5|flavi|scal
6|grea|atw
7|dinn|enra
8|partl|besot
9|da|len
10|sne|att
11|tam|kinp
12|r|ve
13|pred|tres
14|t|mi
15|mou|canon
16|ke|shal
17|int|pump
18|execr|frequ
19|ten|mid
20|march|tru
21|beat|l
22|dea|team
23|spir|chou
24|abro|cl
25|ret|knac
26|outla|gr
27|ris|armi
28|cor|hoste
29|phil|ches
30|man|hear
31|robh|ches
32|divi|heave
33|bane|nut
34|tarr|soa
35|parl|gath
36|ap|lech
37|pl|op
38|str|an
39|ball|lovel
40|misc|disin
41|trus|f
42|reco|rog
43|capr|sna
44|unrep|dar
45|ycl|rar
46|shun|cobh
47|hear|ju
48|brie|pat
49|fi|much
50|plea|s
51|noti|ros
52|impr|besc
53|impa|fastp
54|ch|mede
55|serpe|vouc
56|perf|mocks
57|off|pini
58|venue|uns
59|b|ort
60|expo|pro
61|hen|fire
62|flu|vic
63|f|wilf
64|sharp|roo
65|sli|jour
66|cy|earn
67|care|uniqu
68|fost|hang
69|sn|jud
70|te|cru
71|lif|ecl
72|ki|skil
73|loy|v
74|wo|lo
75|vis|b
76|unvar|reser
77|g|rega
78|tem|fang
79|can|ir
80|sol|pill
81|aven|recor
82|fulf|hil
83|sic|rumi
84|satu|men
85|live|aimi
86|chu|hog
87|bapti|easte
88|advi|conf
89|lasss|ban
90|fard|sme
91|unfi|cur
92|coac|subv
93|sten|keep
94|ther|hin
95|occa|bri
96|kinre|te
97|ent|ever
98|fa|juv
99|waf|melt
100|spe|auth
101|brot|as
102|asi|lift
103|prom|ce
104|getsl|mid
105|wilde|pets
106|al|jour
107|d|inc
108|minu|annoy
109|dams|wr
110|wran|pref
111|mater|hi
112|armsc|dist
113|misp|penal
114|bid|nu
115|mistr|you
116|vehe|vaun
117|beni|auth
118|ni|mori
119|tedi|def
120|brooc|chas
121|li|dame
122|exasp|divor
123|bell|sw
124|la|taxin
125|q|yards
126|adv|mali
127|ragga|bar
128|fant|bo
129|clim|lim
130|misl|hew
131|sull|blab
132|sun|vulga
133|mis|cla
134|dimmi|shar
135|blabb|b
136|sna|ris
137|hous|po
138|fath|pinf
139|scou|det
140|moun|smelt
141|spen|flor
142|amp|foil
143|apo|sky
144|piet|preys
145|doe|taxi
146|odde|scor
147|dugsa|supre
148|desca|virg
149|prop|tri
150|bur|vi
151|pis|disin
152|part|ea
153|bl|m
154|stat|incer
155|prey|qu
156|imp|lead
157|slou|reco
158|res|can
159|tins|malh
160|dis|net
161|comb|bath
162|infi|eng
163|publ|com
164|po|dotin
165|hose|unfe
166|fact|te
167|re|pe
168|vir|trans
169|trave|raw
170|tisw|rep
171|forth|whete
172|biti|str
173|audi|mu
174|twi|laz
175|crowd|cob
176|cloth|jud
177|pie|ecl
178|cra|cro
179|boun|dota
180|all|shu
181|pos|vigil
182|perv|bolt
183|depr|inst
184|horu|shar
185|fat|scalc
186|dig|coff
187|bec|cydn
188|quea|laud
189|fool|sc
190|crow|malh
191|umb|shive
192|boor|shon
193|ad|ge
194|cl|plea
195|moan|be
196|cr|ort
197|bo|alle
198|tu|sac
199|muzz|bene
200|ev|tau
201|lim|dame
202|du|te
203|heart|im
204|pant|oa
205|sluic|tru
206|pat|barr
207|repli|curbe
208|clo|unfee
209|unad|har
210|as|lopt
211|mur|ima
212|per|threa
213|clap|lift
214|steal|wass
215|vaun|nav
216|tithi|bodil
217|hind|lat
218|rece|garla
219|moa|priv
220|inh|sma
221|invei|spa
222|lodg|mar
223|power|eati
224|ac|por
225|sat|tow
226|appa|minc
227|esc|dim
228|phe|ski
229|rid|con
230|cook|gath
231|sott|softl
232|might|scrip
233|yeaco|beau
234|scio|talen
235|gram|await
236|unim|jest
237|tan|hau
238|mer|lea
239|hairl|ca
240|rip|luc
241|fer|vouc
242|unw|off
243|suc|sk
244|corbo|bri
245|stoni|fire
246|enl|ve
247|ferry|lech
248|mai|temp
249|pot|i
250|drea|usure
251|deb|othe
252|pas|feebl
253|puri|iso
254|dram|be
255|whor|stew
256|ga|len
257|lupe|rot
258|bri|out
259|long|hea
260|wak|berr
261|evi|qu
262|temp|dot
263|lef|quael
264|marv|diss
265|fore|fa
266|cla|rude
267|sha|wi
268|begga|eq
269|br|chole
270|oppr|perso
271|tull|fre
272|steed|scrip
273|tra|eq
274|induc|blot
275|nake|mes
276|ado|refo
277|moy|meas
278|esche|whete
279|hai|elves
280|pi|sire
281|supe|spea
282|unh|uniqu
283|presa|pro
284|wip|shu
285|buryi|fai
286|merch|at
287|vai|rash
288|rec|diss
289|snea|mech
290|gr|fa
291|mart|bat
292|unfo|vouc
293|viola|aes
294|atta|er
295|sh|foals
296|ve|afir
297|deli|mead
298|ov|bloo
299|mo|pha
300|mour|ort
301|insul|un
302|ates|derc
303|beque|advo
304|es|ra
305|milf|ambi
306|cov|lovel
307|ta|lac
308|batc|emba
309|doubt|elves
310|calm|ra
311|card|begs
312|ree|penta
313|conni|coo
314|ripe|p
315|conge|det
316|damp|rust
317|wot|hate
318|antiq|ope
319|conju|eq
320|stin|tre
321|ric|mett
322|const|detec
323|must|unc
324|dur|lo
325|sta|blue
326|ye|ris
327|logg|trou
328|n|prod
329|top|yo
330|shri|marl
331|app|wra
332|san|marv
333|pag|impu
334|admi|af
335|unre|an
336|pay|meth
337|sou|whete
338|want|scri
339|novi|prepa
340|col|refo
341|impri|fid
342|je|ope
343|zany|pur
344|gutt|blue
345|unc|unfee
346|godd|unga
347|wor|vouc
348|swam|mes
349|un|mutin
350|gonea|nea
351|me|ulce
352|figu|impu
353|wei|whin
354|ge|ga
355|devo|fid
356|spect|host
357|cumbe|rel
358|weak|pri
359|diff|conf
360|craf|boy
361|omi|dep
362|gui|palm
363|ben|whin
364|colli|intem
365|coun|cutt
366|best|det
367|abor|lat
368|flo|toad
369|cod|derac
370|gold|per
371|glos|unsw
372|si|ag
373|resis|earn
374|clock|ba
375|fra|ba
376|ag|peli
377|atal|h
378|ro|lift
379|wels|groa
380|acc|oc
381|forb|un
382|hun|ge
383|hungc|neroe
384|lu|fru
385|tyin|vouc
386|expe|sire
387|bunti|sm
388|asso|fawn
389|conve|bagn
390|song|huddl
391|sayi|to
392|wart|lili
393|mirra|tre
394|to|huddl
395|blac|hol
396|vast|dom
397|mist|frequ
398|unsm|swe
399|squ|tie
400|sem|sk
401|rus|ref
402|joy|charg
403|plats|cydn
404|pu|taxin
405|dil|comp
406|mus|despi
407|jeal|inc
408|met|ke
409|rel|laud
410|trueb|qu
411|bar|dr
412|repor|ex
413|duc|whe
414|usu|cydn
415|v|ja
416|unbol|fact
417|ens|unsan
418|bes|pres
419|god|phy
420|conti|n
421|comm|shi
422|smot|hin
423|hype|v
424|se|theft
425|ne|bege
426|ter|men
427|isl|agode
428|wil|coach
429|dile|t
430|gru|enra
431|procu|spinn
432|w|coff
433|purp|mar
434|ha|br
435|file|de
436|conf|brood
437|comme|sac
438|hurlc|tur
439|tar|nut
440|inv|sic
441|stale|juv
442|hum|sing
443|nau|min
444|isab|lamp
445|a|vaun
446|cureh|bere
447|gath|pat
448|ber|nav
449|scu|inf
450|pand|eb
451|fri|coach
452|sa|repu
453|brab|kinp
454|ingr|ros
455|ope|othe
456|dau|infl
457|cale|vigil
458|wondr|oppre
459|adm|a
460|beso|kin
461|pourm|sun
462|curbs|eng
463|repl|net
464|retai|tumbl
465|damse|adj
466|slan|wr
467|cu|alle
468|saffr|mes
469|indig|entr
470|out|feeds
471|arr|moor
472|satan|lim
473|her|rumb
474|revo|vi
475|sunk|ora
476|tor|derac
477|hou|incer
478|rac|thre
479|asp|scri
480|edif|vic
481|cold|spea
482|toom|nut
483|spea|host
484|cedi|sac
485|shor|dotin
486|lards|over
487|vi|all
488|ass|diss
489|ma|mutin
490|moons|deig
491|veh|qu
492|gen|tur
493|buil|indir
494|bait|scrip
495|calv|vi
496|impos|beh
497|blaz|pot
498|bends|fou
499|sei|hangi
500|jade|pe
501|nobl|sham
502|den|tre
503|o|unsw
504|cons|pi
505|supp|ima
506|spou|ju
507|ant|profo
508|tis|ado
509|begin|inh
510|lew|festh
511|reve|crim
512|hack|earn
513|fic|gra
514|sum|ha
515|sci|slu
516|see|monop
517|eas|spaw
518|solic|pier
519|adam|mai
520|wells|pin
521|tr|intem
522|mak|tu
523|l|rash
524|serv|unsw
525|confi|tru
526|lard|coo
527|stol|witt
528|rege|jus
529|bi|swel
530|equ|luc
531|e|env
532|wooi|inc
533|forbi|pill
534|letts|elv
535|dete|gat
536|reme|swa
537|dwarf|imp
538|plac|gear
539|inf|yie
540|m|per
541|merr|une
542|caph|suf
543|lig|seet
544|alt|gath
545|wench|horol
546|bill|inve
547|va|shif
548|spee|back
549|cob|leis
550|inqu|net
551|grac|minc
552|condi|env
553|luck|think
554|danr|fop
555|savi|qu
556|crazs|ent
557|c|sme
558|spake|ficof
559|he|leis
560|gib|coff
561|was|palsi
562|deep|ali
563|hov|amo
564|bos|ecli
565|tea|seri
566|prob|touc
567|baw|dol
568|equal|spig
569|thoas|qua
570|spec|ora
571|tende|seri
572|rema|cla
573|h|agode
574|curd|ins
575|ab|rabb
576|wre|pas
577|diu|month
578|vattr|teth
579|boy|ent
580|hero|wass
581|do|heave
582|su|ke
583|ax|teth
584|corp|you
585|grav|unsw
586|push|felon
587|delve|hamp
588|rehea|agode
589|stoop|env
590|em|ran
591|parc|gun
592|myr|te
593|emp|prod
594|sco|send
595|comp|ecl
596|heca|reap
597|hillo|cha
598|clime|suf
599|jo|rep
600|fil|lili
601|tak|amp
602|culp|lag
603|sowo|fawn
604|chi|bolt
605|but|besot
606|arti|qu
607|hoo|ascri
608|reite|met
609|sough|lech
610|lus|mer
611|ise|plu
612|perce|ski
613|carna|fan
614|sp|sc
615|lea|jest
616|st|er
617|ext|rude
618|y|bo
619|flec|modul
620|pass|bri
621|tre|mu
622|doub|frequ
623|mast|ri
624|cand|ulce
625|labou|rude
626|tal|unfe
627|gibb|palm
628|moc|musm
629|veil|am
630|grat|meek
631|three|pitc
632|ly|shar
633|go|wr
634|celi|spea
635|gawds|mu
636|knif|la
637|rese|ebb
638|swal|rega
639|be|shu
640|conc|imp
641|wra|end
642|le|unf
643|saf|pardo
644|ph|host
645|bat|unl
646|aunts|leas
647|norf|hate
648|jum|exc
649|beli|rog
650|fenc|mocks
651|falt|reco
652|pun|deci
653|full|bew
654|diso|c
655|musi|oa
656|canc|sur
657|bru|van
658|kn|u
659|keys|quel
660|aidc|ches
661|carri|acc
662|short|month
663|dae|n
664|decr|ankl
665|augur|fru
666|imm|mu
667|opp|foil
668|persu|mori
669|stir|ga
670|enf|ove
671|unm|unga
672|lia|s
673|cha|doest
674|stra|guilt
675|indi|her
676|pert|mer
677|yicld|om
678|en|har
679|pack|thre
680|pe|ruth
681|sin|ke
682|sur|kind
683|honor|lili
684|hop|lili
685|sugg|ban
686|arra|pu
687|no|perus
688|stoc|emba
689|so|beau
690|offe|sup
691|mar|octa
692|hur|und
693|south|ambi
694|ratw|eb
695|sul|bugun
696|eros|fr
697|bet|wi
698|sob|sinn
699|good|laden
700|vil|us
701|forgi|const
702|rain|au
703|fur|throm
704|inc|dru
705|bata|un
706|dro|disc
707|micha|dev
708|high|unsan
709|enco|ve
710|th|to
711|dept|disc
712|giv|vic
713|keep|lae
714|chec|threa
715|toldl|igno
716|frame|ora
717|ungra|festh
718|brit|tra
719|medit|so
720|gri|spaw
721|in|dwa
722|blo|blot
723|ele|dota
724|pers|much
725|pa|sinn
726|ensui|enra
727|fre|ingo
728|squa|unl
729|ep|crie
730|pr|dru
731|she|fard
732|lead|unf
733|cou|recor
734|fo|fre
735|sc|seri
736|sea|sett
737|blam|tens
738|ow|abb
739|bocch|cha
740|vas|om
741|brok|melt
742|or|temp
743|pub|begon
744|unma|ost
745|mab|grac
746|wint|v
747|ja|tau
748|abst|peli
749|husb|da
750|guar|ros
751|decla|fea
752|dre|exc
753|u|jes
754|trans|mede
755|revi|pecu
756|rati|chole
757|sw|repu
758|tur|ex
759|quar|fa
760|wortt|ga
761|fles|hamp
762|ca|fr
763|bu|whis
764|cools|unsan
765|susp|my
766|immom|re
767|pil|aes
768|ho|penns
769|clam|huma
770|thu|wren
771|boon|ove
772|wa|di
773|sl|bl
774|im|retr
775|af|team
776|paine|dot
777|itc|strum
778|p|ship
779|sable|lag
780|arm|h
781|herd|ma
782|phant|em
783|ra|cla
784|erro|withe
785|pet|requ
786|begon|deuc
787|rhe|agode
788|di|of
789|scho|nu
790|shuf|nam
791|oat|glanc
792|easy|phy
793|sente|intem
794|neede|mag
795|oth|suit
796|doubl|trou
797|rep|taxi
798|lan|men
799|ster|pite
800|riche|reco
801|fe|batt
802|for|derc
803|gi|au
804|head|pen
805|bloc|atw
806|sca|rog
807|selds|perus
808|de|yards
809|an|bege
810|savou|fel
811|galle|dog
812|membe|hec
813|with|cand
814|adj|eliza
815|pro|ran
816|ascr|quo
817|epita|fre
818|dy|netc
819|morr|coram
820|luk|viper
821|oste|appro
822|rem|hau
823|i|cou
824|jugp|bush
825|unto|fu
826|play|head
827|fl|mou
828|dankr|fai
829|over|nea
830|mirro|unm
831|mu|unq
832|curi|bow
833|scat|gua
834|flexi|fatti
835|s|gear
836|beh|gear
837|dr|loc
838|bra|slu
839|bel|marv
840|emb|dece
841|gaspd|lame
842|capu|mag
843|ounc|adv
844|bani|ski
845|ru|swe
846|cythe|of
847|girls|hurt
848|sick|pardo
849|beck|mead
850|count|vai
851|pin|po
852|tro|ch
853|sirr|requ
854|acq|bow
855|pres|leag
856|thun|blue
857|musc|unde
858|sel|inve
859|est|raw
860|berow|am
861|gy|month
862|linin|ligh
863|gaunt|hangi
864|shawp|ble
865|else|bla
866|loca|ridd
867|albe|guilt
868|che|b
869|vexes|bene
870|libe|assi
871|runn|pie
872|sting|af
873|uns|dol
874|lit|blab
875|worth|unde
876|trim|tre
877|hors|rudi
878|knave|pot
879|ba|plea
880|assay|conc
881|gau|fl
882|prof|mend
883|reb|to
884|atto|pat
885|requ|pen
886|pla|musi
887|fro|subv
888|godf|goot
889|corru|pe
890|hanni|hisre
891|dev|procu
892|belo|hun
893|sle|savou
894|psal|pash
895|com|fastp
896|envio|intem
897|ref|laz
898|banso|slim
899|domi|dece
900|lam|maki
901|chr|prepa
902|boar|fl
903|fit|sc
904|wat|intol
905|vau|frequ
906|faw|sh
907|ditc|lech
908|cin|blubb
909|low|anoi
910|mini|chole
911|rom|exc
912|whi|cr
913|erran|fatti
914|warr|ambi
915|mutu|kin
916|dries|dwa
917|gobb|sla
918|ora|tra
919|surge|eliza
920|fitl|inch
921|crie|peep
922|impo|trou
923|pan|deig
924|won|recor
925|rigg|pot
926|unf|wins
927|fear|penal
928|effi|plum
929|grain|tow
930|con|str
931|fea|aimi
932|cas|le
933|mort|netc
934|appe|per
935|swol|sn
936|mode|mi
937|ring|fanta
938|adver|hisre
939|cho|chas
940|tri|hughg
941|gat|rhy
942|drun|oa
943|up|ch
944|bea|s
945|ar|neroe
946|at|bege
947|resi|scor
948|thrif|intem
949|gil|fl
950|irel|loc
951|qu|ga
952|shep|vic
953|co|pardo
954|pira|exc
955|cata|loa
956|exte|threa
957|exe|cir
958|pur|jocu
959|hung|toad
960|berh|d
961|car|la
962|hyb|plum
963|ecl|gl
964|des|sc
965|anton|ea
966|dec|much
967|liabl|il
968|how|loc
969|ful|besot
970|lo|disc
971|epi|nav
972|arbi|crann
973|untru|hamp
974|mi|laz
975|humbl|shi
976|paw|foi
977|entre|bar
978|wh|in
979|fence|so
980|wealt|rhy
981|neg|scalc
982|on|arch
983|j|q
984|bath|usure
985|deg|know
986|fin|pro
987|bells|tic
988|nin|len
989|fr|goa
990|wi|fop
991|pre|bi
992|bedew|hea
993|cont|file
994|reg|pardo
995|ex|nin
996|baja|profo
997|prac|play
998|ang|trou
999|ord|swe
1000|unb|suf
