1|beco|e|mi|ho|ambo|acc|t|exc|both|qu|sin|gorg|ar
2|peop|c|riv|drown|jud|con|attai|off|broa|pr|ferre|he|verg
3|apoll|la|expl|cha|re|b|th|en|hau|easte|chai|bil|rep
4|pre|gua|car|fireb|att|wr|nextm|bl|po|fifea|def|s|seg
5|glas|mech|fl|d|si|disb|ecl|pa|form|unw|t|gla|panc
6|com|wher|addi|c|af|enm|exp|fr|wo|bew|for|gua|dov
7|car|he|un|decle|ful|sl|gr|w|dis|kn|borr|deip|prof
8|assu|comf|inw|muff|pain|servb|wai|we|itc|ki|barga|h|angel
9|exte|capo|coac|s|saddi|s|enk|hon|un|wh|ford|va|pa
10|un|a|p|m|mi|end|br|c|cl|dete|spl|patch|pr
11|eth|maide|c|doubl|re|abed|riv|prov|to|col|impur|gen|requi
12|ari|me|sh|zeal|in|print|prom|overt|s|afrai|dido|swa|un
13|emni|cu|cro|ke|gib|qu|mourn|thatt|coli|eve|we|englu|floo
14|so|s|ch|mus|turn|u|p|di|des|attac|trot|riper|fle
15|he|croak|hies|s|c|jewwa|cr|pi|unw|unki|boxes|inter|bla
16|si|peril|h|stagg|bo|fisno|forg|since|lendi|tremb|vill|scal|miss
17|t|cor|aug|dis|vaun|reme|p|ser|asqui|sta|stall|rel|s
18|dis|reco|bogg|u|su|unju|pis|lean|tall|p|bald|con|weak
19|scar|king|mid|ne|di|ea|g|sh|vauv|de|syria|bal|r
20|tuf|bell|t|weal|cr|no|re|sp|ger|l|an|shre|qua
21|lewd|horr|eggs|mu|p|berw|bed|pun|h|r|safe|dain|per
22|unur|surp|par|seea|dro|ch|outc|real|c|wi|emu|clo|aust
23|stea|larg|d|a|mi|cramp|grin|k|ni|hocen|bi|c|circ
24|fee|wa|occa|graft|forge|fool|murt|sol|hor|m|tell|awlp|darke
25|merma|medi|supp|h|raze|vi|infi|dive|gr|co|d|bu|de
26|bl|zeal|s|def|ap|m|be|over|harpi|netb|va|cock|prev
27|artis|advi|wagg|fum|sorr|tor|unpo|p|a|fi|ha|chu|m
28|matte|hu|po|co|wi|pi|razor|m|par|wo|tas|corn|brui
29|g|dan|drop|beg|pi|hal|terr|s|ved|butto|under|bro|lee
30|negot|wi|i|sp|o|sp|naili|sho|ro|sa|dis|g|c
31|h|not|r|riva|swas|gu|tush|p|dars|bri|yar|ey|stin
32|exp|dist|be|comi|rel|celeb|g|exc|toa|bodyk|leg|weig|smac
33|tempe|ch|cuts|e|to|a|ali|us|un|secon|f|wran|pen
34|pro|rel|dodg|ragin|sc|s|h|invu|ga|sal|s|dis|ca
35|go|atte|ret|fa|bann|menti|di|chang|bid|mourn|dis|leis|tha
36|cric|chri|re|pluc|fe|illum|hi|fl|re|fr|p|pee|deli
37|disce|mor|stat|pill|recou|com|um|con|re|d|sto|shill|ma
38|usure|rati|musco|adorn|d|su|closg|igno|t|v|sav|un|vall
39|russ|d|m|poll|do|favo|bo|te|n|for|palep|ma|fil
40|pas|owe|fra|cot|for|ac|fo|so|note|fla|fru|qual|co
41|pla|u|d|telli|sch|unt|ki|join|rib|wor|di|un|reco
42|quiv|mi|dis|car|chr|s|cove|cop|root|o|stu|i|erup
43|fidd|wer|aca|un|liquo|mat|un|exc|le|d|hemeu|klll|be
44|punch|ridi|cap|s|v|ari|cur|show|rep|ove|rude|simo|pun
45|cha|keep|doug|g|lie|bu|lu|unr|r|me|fo|be|impa
46|glutt|sorel|rip|boo|for|sinn|rub|rapta|wort|rev|r|bla|f
47|lapsn|di|ita|re|prov|but|doctl|far|trea|op|spra|ta|fulf
48|pelt|cauc|int|sh|th|disho|divi|mys|inte|diffr|nu|conve|arre
49|v|tette|plu|fla|ph|tu|foxes|di|o|fate|s|be|da
50|des|negl|ci|stre|rig|magi|dra|roast|avou|thin|vene|ble|pas
51|gray|venom|no|u|jo|squea|o|o|whis|t|ba|r|de
52|rep|derc|ha|pla|f|fr|incl|puni|sle|unce|brisk|abil|sha
53|pr|arbi|fram|in|co|a|we|sever|ab|opp|silk|yicl|uses
54|w|cape|cr|rai|gui|tugf|colo|unwi|stic|h|b|u|expec
55|purp|wa|dote|cliff|vais|ooze|de|sti|matte|god|pe|li|be
56|f|groun|triu|mis|i|ale|w|ca|ve|def|we|s|s
57|soi|sa|s|ex|sc|ab|scorn|embr|ac|hau|ing|b|ma
58|pipp|al|scho|deep|adop|hi|upr|i|refu|nob|igno|hid|pos
59|gaz|wavha|revo|divi|sp|soot|cons|hitf|insul|s|asp|vil|egg
60|re|b|sac|spar|pro|sighi|lev|extra|pl|fav|cram|ba|estab
61|the|nym|sug|kissy|e|entre|benef|refo|read|vauxk|di|spai|dum
62|fico|b|pu|pisto|havi|only|dis|miss|s|asc|subt|or|athwa
63|gre|lo|ex|bod|go|dete|s|d|s|rea|coze|cr|re
64|new|rous|dep|feig|g|haunt|te|gal|ackn|p|ac|tr|motiv
65|ridi|earn|pi|aspi|sobsc|im|than|comp|lam|sta|d|qui|immur
66|ju|throu|p|aba|b|vanqu|groan|po|la|rep|c|tr|li
67|fo|q|del|s|ri|en|un|hor|te|met|ditc|s|d
68|sour|no|cur|unpe|in|wea|pulse|sa|co|rent|co|bli|futc
69|fl|safe|exh|argu|drag|affi|henc|spil|lo|misc|eigh|vi|br
70|pen|eelst|iwisc|pr|goo|ossa|para|with|no|ac|ki|dro|tod
71|l|se|warp|unive|cons|re|che|dest|buzz|uncle|pe|scal|dum
72|mudw|boa|tra|murm|r|ring|co|wher|filia|p|han|mobl|c
73|ef|robs|s|id|rene|yar|dea|fro|knave|im|gr|peck|t
74|li|br|inf|addit|vio|agon|ann|co|deep|shem|conce|batt|goo
75|co|clo|lei|pa|rewo|de|aug|toot|sp|i|duck|colli|exha
76|about|dam|pe|kensc|cons|p|beti|war|plot|aim|sai|li|grant
77|comp|pe|car|gal|robb|deter|pa|tri|pibl|bet|e|fri|voicc
78|ov|nep|mint|lyd|su|whip|lun|danc|p|f|fox|ordi|night
79|div|v|unlea|de|es|impr|sound|unba|mul|obseq|v|wisd|dra
80|a|pro|ce|str|p|m|clai|cros|en|bast|klllb|cro|fulv
81|te|cle|plagu|ma|acc|wa|pl|ra|s|pos|pre|in|defyj
82|rests|whel|hobna|deb|mead|th|crea|re|tit|un|p|shr|adm
83|exa|pla|pr|def|octa|e|un|j|outlo|hesp|dandl|su|epic
84|slu|he|oun|pr|rema|aston|ac|wris|revel|c|ba|s|dee
85|cont|ambe|pid|cobh|turni|h|summi|omit|ha|norm|depen|tea|ba
86|m|gnar|assc|fado|mo|col|be|toss|rubi|con|defu|sole|h
87|pike|u|fl|dispo|to|fou|can|ram|its|so|cong|cond|ca
88|dute|fr|in|poin|exe|wi|hi|fanni|l|st|cutsw|uncau|dige
89|bab|gr|othe|m|her|fol|af|ove|share|canop|r|warr|case
90|expi|ran|p|argu|m|br|sq|sur|trueb|quak|re|nic|ir
91|hams|pore|su|sli|th|icew|pe|teeme|dif|unst|ab|arti|ja
92|fli|l|titl|crack|op|prove|secon|tea|servi|rig|ke|ar|l
93|fle|ep|gi|au|fria|h|ab|soo|vill|can|towa|repu|prolo
94|weig|b|prosc|se|p|inden|c|be|petti|char|meet|dr|ret
95|sun|endu|prev|serv|me|play|shru|p|su|imita|pra|phil|hall
96|con|com|pi|them|colle|sw|solic|ensu|boxe|atte|plen|my|urg
97|blame|mi|dec|weak|remn|udg|i|sop|plea|lepro|alrea|dip|w
98|visi|s|fa|w|ba|yor|par|emba|co|par|uset|sciat|nilee
99|awful|op|reme|clipp|hal|fo|pil|no|let|genit|unp|suc|se
100|in|encam|succ|divi|tun|upli|ar|ther|he|co|unc|cr|o
101|appea|re|pur|un|tea|r|crow|te|pois|ench|vic|gian|danis
102|ent|di|go|en|or|sa|j|fo|in|sciat|valu|la|m
103|sha|k|pu|all|pre|ta|hil|in|sigh|damas|fana|sw|posse
104|aft|adm|sai|so|l|c|ov|dem|dre|sew|holb|disc|unre
105|bed|lig|beatr|h|ar|meas|fire|discr|whin|f|di|inc|ben
106|grasp|be|rheum|elbo|goat|unc|ce|bull|noble|live|disme|sh|str
107|is|unde|s|ampl|fash|firs|un|augu|dwel|rubre|fla|t|to
108|br|cal|v|hurt|des|fac|buc|mi|ju|unwi|obscu|fei|wor
109|ruffc|ur|fe|pr|dim|fal|al|contr|wai|pla|t|em|reli
110|c|ge|s|fo|supp|immed|viol|ra|cott|bawd|c|se|stra
111|trill|cu|co|p|t|visi|hi|hu|disb|c|gla|mut|gentl
112|me|corr|seve|woolf|pe|rema|ce|dis|s|fla|lose|cos|perd
113|pond|vio|nym|vul|p|co|logg|ra|confi|miren|co|deb|medi
114|devil|gil|loft|sca|de|sli|kerse|b|tr|gna|fores|bann|tr
115|bea|pathw|cha|st|gre|di|a|acco|co|trea|drun|orna|sh
116|deat|co|lulla|su|dem|ba|exti|res|boor|tartv|tow|dist|bre
117|marri|reck|allur|be|nee|nev|mig|i|aspi|tri|snuff|will|tinc
118|b|ar|halte|app|unsmi|facil|i|bro|l|appe|der|epil|desce
119|i|favo|ret|suito|mur|dis|cou|d|o|pant|reck|obs|cl
120|purs|bo|so|bou|bl|ther|hesp|sta|min|plu|broo|wh|p
121|ass|assa|st|chaf|de|airs|suf|di|wo|app|fi|a|tran
122|tr|end|stri|pang|en|coze|he|taxe|feel|su|lo|ven|undi
123|ta|i|pres|fi|galle|l|dec|w|coi|ame|rarit|ti|unf
124|hitdu|to|bru|nurse|rem|tet|co|sin|fatt|cr|bre|ki|spell
125|be|sout|war|vot|carbu|cl|ju|basin|sour|couch|cran|erup|emp
126|reca|hose|ca|wel|we|ble|twa|de|s|be|sli|fop|patt
127|for|min|cur|dre|whisp|roc|vau|adorn|t|pite|filt|str|bric
128|pe|wo|c|p|u|bo|nort|pat|di|for|rags|oliv|ov
129|betak|unb|twitd|co|bee|thef|be|st|care|inc|int|mix|dieut
130|sa|no|d|zod|vul|gu|cutt|a|serve|hale|unsc|ext|hidd
131|lor|ass|ch|incl|mover|tibe|res|ken|unau|con|ho|edif|rema
132|r|fatt|slut|fre|au|dim|add|invi|s|ro|unres|o|kath
133|danc|ba|ve|c|resi|shuf|sams|for|male|gidd|a|surc|exac
134|unde|bor|s|det|hi|t|i|intel|oup|ni|unity|zedmo|len
135|s|chu|defe|s|see|te|set|pla|he|d|pre|ep|ru
136|cou|co|pipp|br|la|disc|en|de|sel|howe|la|i|sto
137|mi|sen|l|te|uns|d|pardo|meth|feel|egg|sweet|wid|p
138|act|sav|odewa|torch|seven|brain|w|labie|dec|suspe|g|fury|sto
139|consu|end|reli|tibe|mont|made|res|ow|she|oldne|o|rin|was
140|doti|ma|val|pe|b|no|q|beh|unm|c|pr|fac|quen
141|q|s|di|onc|mor|kid|fe|gran|un|dis|li|vest|mari
142|sta|magg|calu|shi|shee|moun|te|sca|de|folde|lust|muzz|whi
143|por|exc|o|win|ind|un|pr|tremo|shie|sw|g|hous|ma
144|phle|as|i|prod|kne|desi|sp|logg|ple|myst|linco|do|le
145|wa|cro|revel|tw|apa|hum|where|j|mer|t|c|subst|dwe
146|ce|milit|pant|ro|pro|la|s|sea|bl|fort|mort|fo|workm
147|ab|s|r|wher|pic|i|p|unno|talae|begun|juice|sl|infol
148|bo|fi|sta|e|top|pen|e|ra|at|li|mor|natu|res
149|tra|cust|mix|co|c|mede|afr|tur|o|esp|s|adost|wrec
150|vil|no|slee|p|puff|paly|snea|burn|di|str|dra|snai|nea
151|o|ung|pun|indir|whi|r|s|ove|worr|fa|nobly|cat|gr
152|ol|rega|exc|ju|li|mud|qua|a|cous|led|cra|flem|kat
153|midn|i|w|p|im|bos|lo|emb|le|exter|fin|encl|rebe
154|viol|hats|qui|eagl|c|f|rome|snow|d|g|distr|sc|ad
155|ens|cla|qu|c|th|fam|glo|isl|purc|unsha|fest|jum|a
156|im|s|c|untr|en|fo|opi|vulc|fr|cat|bus|hal|hi
157|camp|morg|ri|ele|treat|sou|div|ter|fe|i|per|lig|tr
158|ch|con|im|hos|th|redr|a|tr|ea|fla|ente|whore|split
159|shi|sa|manor|unto|p|pris|eas|gr|unc|pr|omni|coe|laidv
160|puls|i|po|pre|co|te|enq|s|nort|s|isabe|airs|oth
161|sil|powe|chu|pla|foolg|i|codp|lepr|cel|t|cla|au|prefe
162|sup|un|cho|te|cla|diffe|aw|pr|sa|cho|suppl|irreg|huddl
163|trans|defor|te|song|re|lo|l|cro|des|cypr|mark|comm|seve
164|kite|prof|is|oppo|reme|bes|ca|inte|gi|ch|chamb|lov|ou
165|sy|keyov|disp|brees|w|tal|s|at|pra|th|jus|whe|fraya
166|hon|in|agr|coze|bail|unle|th|s|c|sirs|abe|l|ph
167|st|f|prop|un|plaus|intr|ga|ou|plan|sp|sh|swe|la
168|p|stay|skill|macu|pr|p|t|be|co|crab|pr|dis|bad
169|peac|sor|ch|un|be|ex|col|bat|wh|gras|glo|spi|sab
170|sight|h|c|flush|ribb|tir|bowl|au|murde|pon|st|kn|app
171|ar|er|st|se|fa|prop|ense|ma|caiu|w|pau|v|gra
172|sen|dole|needl|her|gu|dela|squa|en|e|un|cerbe|p|bric
173|ama|pl|see|re|pe|po|moc|conf|usurp|str|t|s|de
174|pand|send|su|p|e|laur|wink|co|po|s|artsb|aris|chi
175|shee|coesa|p|rue|cour|pers|plod|c|dolp|cont|allh|golde|gues
176|lin|long|mon|p|desp|passe|co|oppr|rh|ba|h|advi|guts
177|sh|dams|sc|o|co|stab|alia|ala|col|n|vir|w|b
178|abst|flow|appr|desc|g|ma|ref|pref|ext|kiss|vero|super|po
179|mer|n|eart|wa|hum|d|th|su|noon|shif|augm|ossa|fre
180|unc|thun|encu|co|wr|p|guis|exhau|d|w|sha|ha|you
181|pasto|utt|h|descr|indi|anot|scat|t|app|celes|ske|sho|gaz
182|tre|sha|happ|impo|plac|effe|pr|cos|herod|ap|po|b|ed
183|ac|br|mi|ge|upw|soli|forg|v|br|rocky|chi|spa|tame
184|eithe|calv|carn|anato|norw|youtl|de|b|p|stee|gul|onio|dec
185|milk|abh|confo|dr|or|beh|av|dis|e|br|sev|le|can
186|whir|p|p|nook|quatt|alli|hi|th|orp|des|bu|a|dist
187|mo|kind|te|ma|ju|abod|m|f|mis|go|quic|con|p
188|sal|de|or|p|o|pa|beas|tr|in|sp|shado|ru|hav
189|unm|h|ta|e|shri|lea|co|su|bask|por|gra|pe|ins
190|unmas|gui|soak|dis|error|lea|ex|open|gau|embo|t|gr|unti
191|shak|gui|sl|sharp|se|beg|dism|mi|twel|ove|vineb|belo|fa
192|flag|hum|pic|ha|saun|sens|show|unro|sp|bro|bid|soon|s
193|lie|ad|fill|untu|weat|heart|mis|h|i|clo|russ|unp|un
194|utt|ra|unrev|hu|tra|reli|ba|ha|exam|wears|mi|po|pos
195|unfe|hox|falt|fort|m|alle|car|sp|straw|b|aud|seas|c
196|wr|r|naug|s|s|lieti|de|j|mo|parl|so|c|ford
197|ins|endu|div|un|mer|fle|sla|wrea|pe|dryt|keep|hol|s
198|jo|co|roist|soil|measu|pr|per|bre|dayli|c|a|falch|r
199|una|house|bu|break|rumo|me|loo|thir|sin|wa|un|tr|ren
200|fore|g|lark|untru|wri|clai|sm|en|pen|s|c|qua|usu
