1|sect|b
2|exh|shado
3|fans|ay
4|furt|phi
5|t|po
6|exa|scar
7|ensui|jo
8|vowed|pom
9|gri|spra
10|so|cou
11|allc|scho
12|dar|phi
13|repr|lo
14|wh|burnm
15|diffe|keelc
16|conce|warn
17|r|oi
18|jo|s
19|benu|b
20|to|we
21|s|we
22|lear|p
23|pur|man
24|ne|e
25|reve|ny
26|ba|me
27|seeki|mo
28|awe|mo
29|w|divi
30|devi|la
31|e|oi
32|sco|tugg
33|con|po
34|spilt|ca
35|gra|mo
36|ita|hen
37|cu|ces
38|undu|va
39|neg|porte
40|unpr|tor
41|maj|outra
42|ep|allo
43|an|me
44|gor|li
45|ra|unki
46|cram|jew
47|che|toas
48|late|inhe
49|lions|conc
50|m|scar
51|neut|fled
52|fut|jo
53|q|toas
54|pi|burnm
55|unde|wr
56|mi|tugg
57|l|ne
58|inte|tugg
59|curat|ay
60|fre|h
61|sh|va
62|comp|exi
63|barb|bed
64|ch|naml
65|wit|en
66|shi|allo
67|recre|bed
68|pa|jo
69|h|fled
70|hen|tray
71|re|chor
72|unca|shado
73|upli|turn
74|rey|su
75|we|miti
76|inv|pom
77|arg|ha
78|lut|phi
79|si|mo
80|fra|allo
81|for|cate
82|nec|mo
83|light|av
84|beau|crac
85|su|sp
86|min|b
87|ta|ra
88|sl|b
89|bur|br
90|he|po
91|eff|conqu
92|spe|iss
93|dis|we
94|bea|tugg
95|co|phi
96|rel|spra
97|indi|en
98|fire|p
99|pilg|warn
100|in|ay
