1|paw|z|ch|uni|con|ra|te|li|b|mea|un|su
2|pe|sol|high|inc|ho|sav|a|tru|hip|sol|pi|reve
3|shoo|frai|we|pr|sermo|unco|he|pr|conq|g|p|con
4|rabb|spect|nob|boy|fid|loq|co|de|so|balkn|carn|ador
5|h|whis|con|forg|ass|sar|man|at|sepa|suf|sedit|b
6|u|drau|ext|fest|sle|br|cont|ord|mi|pio|sc|str
7|opera|ass|extr|fu|arm|bra|ga|th|thral|cow|ounc|limb
8|spi|str|dimin|sto|fee|s|embo|aft|pat|bep|ba|ste
9|ab|amaze|bo|cro|visio|suff|ma|pr|pe|t|resti|unus
10|lo|snat|east|o|em|de|clo|b|ex|f|i|whi
11|i|r|beas|de|ind|solid|didb|wa|bes|tru|disc|sulph
12|glo|requ|obse|ref|m|extr|bakp|garni|th|hau|unme|hand
13|senat|tap|mis|rat|wi|he|st|sco|fra|ext|say|wr
14|m|entr|sim|unpur|fog|tr|dis|slai|onwar|fa|part|ban
15|hono|whit|l|wall|tra|n|unt|few|pik|dec|zod|bian
16|cru|br|str|suf|bequ|volt|undo|t|rebel|des|g|del
17|mode|wi|ato|diver|bet|defy|ra|acc|rosal|chu|squ|augme
18|e|drop|d|fl|div|compr|ho|pa|mo|co|sp|reco
19|fl|enga|co|quar|be|plut|ord|anti|point|con|intr|iliu
20|openl|tro|bree|shipw|fond|p|stu|unm|par|dra|inc|sa
21|gr|d|muf|in|na|mau|ac|dain|perd|pre|tr|grad
22|hos|ric|snow|di|spou|rusti|e|b|na|c|fam|furi
23|tempt|cong|chang|de|coas|poi|flyi|hele|hail|c|bez|enrol
24|pos|wh|begdi|mond|dr|cano|rou|arti|eggs|liv|j|c
25|to|omis|swe|men|c|lath|be|pou|sie|t|soci|deed
26|thank|ch|trac|bill|f|clipp|sta|op|folks|am|ac|de
27|oc|dem|aunts|bo|flun|gui|adul|m|re|en|sim|ner
28|cho|suret|fi|alta|tr|mela|grace|c|bedla|sti|oc|war
29|labor|lo|pota|t|vexin|i|sin|ami|wiza|shif|alik|con
30|bera|inoc|s|motle|ours|sta|flor|qua|st|purrr|effe|c
31|unde|alban|tumbl|conju|plod|wh|din|coh|s|sub|p|dis
32|wrat|resi|pr|exet|no|fo|wh|waft|fowls|si|stumb|di
33|admi|hel|slin|re|inwa|m|unsea|acc|oun|pic|duteo|ado
34|tro|wel|hear|str|po|ena|unl|br|shak|confe|su|bou
35|spin|je|bl|foes|nava|scalp|appr|w|ca|gl|holy|co
36|cir|s|cle|arme|su|no|mar|ra|wedge|inj|salti|skip
37|re|scar|exp|be|tuggt|l|an|con|gun|evide|con|stic
38|cro|su|diffi|d|wa|god|s|gulls|a|unbef|so|nort
39|entr|purs|wh|dec|inv|exh|lan|aff|ur|unde|a|ma
40|gains|i|flat|mo|levie|ven|l|im|manif|thu|glou|livi
41|ever|trust|hymns|towg|cl|fuel|whirl|vo|ple|p|rem|c
42|si|ve|ce|disd|su|be|allow|nurs|unp|im|oded|puff
43|qu|da|g|glea|mo|p|ec|sp|touch|bl|im|li
44|ado|a|set|utte|stai|w|waite|leng|chara|in|unm|nutho
45|de|st|u|cog|gowns|su|w|gird|phil|re|bus|al
46|birth|dain|pap|gre|card|loos|p|r|he|fu|wh|qual
47|smock|raggb|blun|de|aqui|inkle|g|he|c|boug|opp|dis
48|worsh|jun|prai|thr|gamb|end|up|unpu|alba|slu|s|cock
49|fi|sel|s|obsce|p|d|ta|rai|f|gende|olymp|sin
50|burs|dam|cam|behe|spies|me|is|bath|send|re|h|b
51|doi|pr|f|s|disco|dea|fin|sh|s|h|th|treas
52|the|sup|name|shi|da|i|antre|ear|r|rated|saty|isle
53|passg|sard|cont|m|zwag|exec|mit|att|dwe|d|tu|beeo
54|pres|rapi|turre|g|home|ha|overs|whin|pa|deali|bat|com
55|f|pa|there|pr|mon|comf|s|pe|never|tu|raz|ec
56|la|fl|arou|l|slu|pr|adva|enc|chi|mini|o|fr
57|pre|extr|prot|utter|tub|cus|il|ge|co|puff|suppo|su
58|warns|pitch|se|some|m|aye|en|ca|st|bi|luc|cad
59|figur|impu|b|rev|ri|bas|re|perio|carv|drea|gu|unc
60|subd|brea|fant|be|sa|thr|mee|shedu|pug|des|dotar|phe
61|bene|swa|y|th|su|rec|atte|va|res|mont|bo|whol
62|ar|de|tri|bawc|soc|jaque|brav|carg|o|per|sti|p
63|cock|misl|cha|fr|co|re|fal|bid|b|offal|sug|i
64|c|whon|lu|moti|ves|pede|mad|pan|suedb|title|cont|bowl
65|write|stung|buy|ref|poe|la|pro|mel|for|pa|peck|kne
66|yong|no|weat|hil|waln|ac|carou|afr|un|capt|p|eref
67|lim|con|ob|v|plou|fif|mile|dist|grim|pto|di|cave
68|bood|hi|arriv|conc|je|ram|mouth|t|bes|deman|dr|frett
69|homes|an|eve|im|trop|cl|ab|los|rome|reach|we|journ
70|jumpe|co|shoul|bedd|swe|oly|lau|sing|becko|domi|ba|mistr
71|sha|com|ba|bendw|splee|star|reekl|ni|pup|unge|seti|con
72|brok|couch|stra|blus|insu|re|unp|c|abrup|car|makes|rabb
73|p|clea|ava|d|dote|cabl|dr|uns|cons|wa|fanci|va
74|fore|t|sis|iniq|pren|c|to|mi|lea|cran|pole|sl
75|s|bohe|in|sorr|fr|h|parc|s|plu|sq|sa|burgu
76|tak|a|e|cad|admit|andr|sec|ho|tumbl|husb|emper|scor
77|stout|snat|turnc|nam|sc|weare|cho|re|gen|su|h|cr
78|hi|pole|nippl|enve|wor|ha|vi|iri|com|defi|trad|end
79|smoot|h|mach|lor|con|shea|carg|lu|s|n|lamen|dr
80|helpe|ver|parf|pla|w|tuck|manur|pe|cr|isl|pur|h
81|war|t|elb|yar|rul|prou|tou|a|con|ca|comp|wint
82|cata|digre|ma|fi|misfo|humil|i|ab|caro|ab|be|sw
83|he|s|an|ho|con|s|wic|fo|mi|br|r|mur
84|fear|where|spa|r|ti|cr|modi|da|pa|b|me|mo
85|d|fork|deno|ru|fops|bri|ch|u|whel|de|phee|salle
86|edgs|co|ke|briga|wit|shr|a|dir|sav|cami|per|vi
87|co|sud|su|lis|deb|hos|ans|bi|re|si|rina|va
88|pigh|ca|sw|peep|serv|cov|feed|e|eliz|ric|exti|no
89|wort|fa|enc|por|kn|at|pr|comp|pit|bruti|supe|a
90|ush|baff|ou|ple|r|arro|am|s|sull|be|accu|unbe
91|wetco|chou|whi|d|turn|exte|sust|mari|jade|win|mist|gage
92|rudeb|a|ro|se|vol|di|dian|di|ra|f|rac|suspi
93|sou|pione|glutt|l|de|sch|verg|moi|tinc|slide|glaz|neig
94|egr|pl|im|hook|emili|jig|gl|cre|pick|unbo|f|inte
95|il|be|abso|atti|coral|catli|tattl|cha|ar|angl|flan|novi
96|limp|br|purs|r|grat|go|st|hort|a|ke|c|com
97|n|under|ton|colu|purg|vowe|ram|proc|rec|si|meda|taker
98|trans|curi|filch|pea|shrub|ech|poth|need|gr|poxga|co|rau
99|star|un|chron|infe|flayb|d|pri|spaw|di|qu|to|pan
100|cak|dir|co|pe|blos|pe|dece|te|u|noyan|n|beg
101|un|se|green|claud|nu|serv|merc|st|ess|app|mou|spaw
102|won|v|eng|sc|accou|hun|cou|su|un|ind|atte|point
103|cell|camea|put|gr|resis|sou|rats|we|wa|fifte|vane|p
104|fol|com|ra|s|linea|in|her|excel|pee|be|unr|bee
105|vu|wa|tried|s|thank|u|ch|excu|cue|s|phr|triu
106|gar|s|mu|hap|go|adve|cu|ma|thou|for|s|go
107|b|ga|spoi|add|embr|gloo|leas|f|pr|homi|w|unm
108|mirac|al|sugg|dis|vau|fre|port|drea|rem|s|re|ruth
109|ch|b|tuto|fel|pomps|ro|vani|att|foe|comm|com|prop
110|t|ragin|be|con|nor|a|p|gard|fe|hi|pa|peb
111|bo|tail|h|rapeu|dr|undi|best|h|clea|pur|ex|conc
112|mow|mi|of|af|orig|s|tame|a|hoof|mark|q|sacr
113|tra|terr|vaul|w|a|h|sta|flin|ha|braze|br|pl
114|ne|re|sport|gape|mer|inju|petit|da|h|domes|i|cor
115|narc|ob|than|messa|blub|co|la|l|enco|deat|f|bra
116|coa|adjac|ch|pick|spin|laye|negl|envi|sphe|sl|shop|sen
117|augme|fash|pa|ar|en|resto|al|ad|wi|comp|the|grand
118|ove|pan|st|visi|som|new|due|we|r|rebu|beh|roge
119|ethi|pu|a|fai|nobod|dr|im|con|pren|meado|con|weap
120|onc|abbey|belc|s|pr|phi|fooli|b|bowe|dire|coll|bowed
121|clai|tro|r|m|a|tyra|le|vo|r|ro|chime|di
122|germa|sh|shee|res|squ|gr|vin|tuf|ar|ven|p|namd
123|cl|noonr|merit|dr|co|rungd|hu|ge|inc|whisp|en|di
124|da|per|ind|cl|burde|co|kin|cak|pres|warrs|trea|re
125|immo|libel|betr|br|eas|pe|abat|ta|o|up|dict|se
126|hurt|mel|wi|un|incre|unb|birt|wate|fairs|bon|r|warrf
127|can|stanc|le|r|negli|he|expir|sent|less|eye|ign|holi
128|exped|rig|p|bo|qui|dep|un|fa|ruf|clote|f|dies
129|har|v|begu|par|blea|rou|u|we|hulk|mour|u|q
130|kn|bedre|sati|mer|unh|kni|se|c|no|teat|disgu|v
131|pric|fo|f|pro|no|thron|i|to|abu|si|cur|mu
132|damp|town|plo|p|sar|solic|ghos|s|s|op|dese|t
133|bro|con|b|great|bag|spl|unr|coura|unfe|ro|vow|vill
134|beat|cheap|wolv|tric|matr|ob|burn|prom|sp|eng|so|g
135|runa|g|nob|sta|crumb|stoo|size|c|po|mell|hur|e
136|andro|inti|sau|talke|bi|s|fast|dee|fl|go|bon|pa
137|in|amo|equal|unfei|raz|cher|mar|char|ratt|lan|fle|dout
138|arr|vor|up|comba|or|idol|mal|porta|tr|raugh|wea|re
139|bloom|unat|f|oswa|timo|boas|cour|fo|b|owen|nipfr|adie
140|pa|mani|pep|mins|sesto|pro|s|ha|so|au|broa|oxen
141|respo|bra|ple|uph|appea|asl|bran|a|spe|mu|i|mov
142|host|me|se|acr|f|uns|admi|d|a|foam|h|af
143|st|c|rain|wi|pea|most|nec|stew|rav|ba|car|upris
144|supp|he|s|cri|pr|mur|ad|fr|sto|tr|demi|ac
145|ap|retre|di|exp|unswa|do|unte|a|ale|disc|embo|conqu
146|meddl|p|f|wildl|hidm|quali|om|spa|spo|g|u|d
147|alley|di|d|tren|na|plo|tr|app|spe|ant|waril|h
148|withi|qui|ant|rev|lan|be|delu|cl|val|si|me|cance
149|sh|sw|small|fai|conce|thys|mode|unw|drumm|pl|drop|fe
150|alli|passi|re|nea|t|p|wheel|t|fou|fa|mend|spans
151|sle|aut|shou|cr|he|lift|thriv|knee|sif|privi|admi|exce
152|comp|star|cli|pow|fid|tow|prev|follo|trad|tellu|com|ri
153|norwe|frai|g|c|pla|ci|wh|facto|di|mis|vali|tre
154|obscu|gown|ling|sac|adve|pri|sou|eg|part|bo|eas|so
155|besto|ha|inte|co|mamil|j|mill|k|cl|jes|go|c
156|vomi|cap|fact|s|ship|she|thir|al|upr|expi|cael|mer
157|bal|in|reno|unw|cushi|inte|con|plur|ch|ga|l|madam
158|ma|pe|harp|sch|y|st|desk|ful|divid|bo|sque|talen
159|blu|cess|u|elev|r|id|ten|bide|ru|oa|expec|mere
160|crit|bewe|br|s|tette|c|plent|fr|mus|ach|e|tr
161|mor|craf|hal|d|rigo|earth|gui|cots|ta|swea|ab|c
162|awh|surp|cowa|hea|milk|m|cresc|hat|cata|gran|p|abh
163|inscu|lepr|etern|b|co|rousi|h|cu|man|hamm|re|pi
164|ach|an|barin|high|oppor|so|vapor|sober|cele|reba|se|he
165|ew|s|c|abb|des|yo|stea|pr|f|doe|unsan|hen
166|l|troop|carpe|ci|suppl|pa|un|circ|pr|for|leth|loy
167|non|eelba|untru|unpos|veri|ergom|age|ensu|gue|rail|trad|mal
168|term|whit|ri|mean|thin|dis|rest|blu|inwar|pe|ravi|gains
169|prat|forfe|mu|su|lose|op|ro|paus|caiu|tenu|mis|trem
170|r|butte|uns|a|ch|recov|pr|wi|con|unmi|to|pre
171|custo|punk|e|asp|po|dilem|p|c|be|roof|wee|pr
172|dan|flou|bu|si|base|coho|f|inte|daw|rest|hor|c
173|swi|str|ow|b|st|bo|sava|c|head|po|w|p
174|fruit|pr|bl|zoun|gli|opin|po|goos|g|exten|u|fanci
175|wond|agam|plyb|op|bu|sold|pi|a|b|fumi|asss|clay
176|pal|int|f|di|ser|rans|ma|coun|ha|tit|merm|n
177|mean|dea|ba|so|ravel|ind|abou|boo|spr|sup|e|p
178|fe|rac|em|ver|ge|ma|hu|supp|tall|impu|unq|disc
179|whi|ca|child|fre|va|cap|yaw|li|pepp|assu|sn|coun
180|rh|be|d|s|mi|cro|b|thou|slo|l|die|lesse
181|murt|dia|vic|s|mi|tu|u|reme|be|t|hithe|bo
182|den|e|cond|gui|dab|lon|cad|exem|fru|sapp|cond|sk
183|a|st|sea|a|end|lack|disu|swift|barg|curr|ill|e
184|pione|ar|skil|deare|sla|unpr|pir|st|tr|flak|disc|comm
185|scand|deat|s|wreck|bak|or|leng|expe|net|di|ban|unh
186|glow|str|hi|un|mingl|mor|dumb|engla|pres|lot|pa|pre
187|tiff|swea|impa|manag|s|ser|sh|view|inco|th|te|purga
188|des|shakm|th|p|cutv|br|phi|wh|guil|fa|ri|woosw
189|gen|slo|pro|l|arm|st|imp|ch|m|foes|g|curs
190|foxs|mantl|af|prig|qu|dou|aur|mat|burg|sanc|si|m
191|ho|conf|tou|ce|reed|sens|ju|obe|ser|rep|winki|ensi
192|vin|de|wak|pr|persu|se|excur|care|wh|tra|tar|so
193|mo|nurs|circ|swa|ki|impur|ch|gri|ram|reco|forg|clim
194|far|rock|sure|sways|se|si|inc|pri|dis|henc|v|cack
195|po|sudde|medm|brea|vene|comp|ran|n|me|ca|for|uns
196|inc|pre|me|cook|un|flea|blood|ser|get|ot|bulki|du
197|turpi|art|slown|esc|im|ro|s|stink|found|irreg|bewai|up
198|dis|whe|cox|win|maid|ve|gropc|slu|sul|cro|h|rec
199|edi|plea|war|p|sack|cha|st|pere|beg|fr|rei|deni
200|forb|sw|ti|con|reb|fa|ex|alaba|civ|forl|lazys|vou
201|gree|dama|forge|globe|outr|e|sh|cr|singu|dis|ala|var
202|att|th|parad|e|ge|fle|str|ga|b|hone|gip|ficti
203|auda|plea|fea|ign|eas|sco|d|hats|m|con|an|inte
204|torc|co|nigh|facin|alli|s|so|secr|a|move|reco|marg
205|adoi|mel|sp|fume|el|done|unp|imita|f|sh|plut|f
206|li|cul|wa|unk|joshu|dar|o|di|h|impo|fu|mu
207|q|of|harr|g|cre|ru|ba|tipp|dig|plain|comp|produ
208|sc|sc|int|str|gru|go|v|co|e|tongu|cl|den
209|depr|lin|ten|penc|ar|bas|defus|cou|but|depri|germ|tide
210|embra|u|su|hatc|bit|pen|doug|t|bars|bitt|shi|ruff
211|disj|ad|g|di|a|pr|u|regr|tif|alla|p|dy
212|tauru|b|brig|sev|unh|jig|veri|l|fa|succe|mel|furt
213|coup|d|appl|pen|cau|parce|empr|bleac|ga|grap|api|lov
214|geff|ado|ret|di|de|detec|ince|w|liet|ga|ri|stri
215|pois|tawny|h|stai|fl|amp|de|decei|ove|he|logg|ac
216|ta|ree|plas|hu|seed|dest|ad|b|rip|re|sigh|r
217|legac|fl|table|di|disc|t|aja|cann|fals|rut|sa|cha
218|ol|defi|pa|see|po|di|exc|supp|mo|b|hoar|murde
219|hy|emb|sapie|purch|fo|wri|inwar|pree|relum|sc|glen|cr
220|app|deri|p|tre|defi|sle|hel|for|ke|fear|wre|b
221|fer|fine|tewk|r|woof|mi|e|wicke|link|u|frail|certa
222|wards|tra|wars|inher|di|im|ort|via|sub|le|deter|b
223|newl|endar|barb|t|cr|cyg|br|wr|inf|c|s|nut
224|idola|a|mo|p|in|h|p|frau|wat|inte|consp|c
225|ple|b|c|absol|k|canno|ex|ce|hous|rar|obsta|abs
226|bat|be|as|itc|che|vent|dee|m|simpc|how|d|lie
227|desce|a|even|nake|rom|po|shal|u|whor|potla|ali|rit
228|er|vo|dim|rape|limi|prof|rule|l|arr|sh|murt|spit
229|redu|sinfu|altsu|moor|unsul|sph|slay|pri|hand|sliv|stra|kisse
230|sque|man|unf|r|pers|ac|str|remem|hams|ar|blist|end
231|stif|stran|genn|sp|aff|unt|st|rhym|h|lucyr|ad|char
232|curr|clos|s|ca|ven|m|il|va|suck|enc|pro|belch
233|quest|c|dis|rath|poysa|sto|tin|we|diam|obli|seve|stabb
234|pens|ove|gnarl|yok|ta|u|adul|barg|foil|mora|criti|slim
235|tr|comp|expo|worth|ab|dish|fear|ma|gr|ti|tha|st
236|nei|emi|ad|dea|va|pencr|adve|invet|s|tung|pipi|up
237|lev|ro|s|hoar|re|lep|lawla|ant|perd|pre|dug|si
238|lawl|re|o|like|con|war|sipc|k|rop|bet|sou|a
239|im|read|top|sle|fo|in|geld|in|arbi|in|fa|wa
240|allo|rea|i|dwel|coin|co|s|unt|unhap|la|oddl|fo
241|for|van|f|omis|re|lets|plu|sur|an|peop|esc|sm
242|quak|toug|volun|blu|tr|co|ensn|p|d|d|shel|dismi
243|ba|virgi|la|pa|pr|ran|dev|mar|ben|ele|apol|dispo
244|impa|capa|hum|freem|trac|gu|r|rail|fore|scal|offer|unscr
245|di|merit|s|boys|b|en|draug|c|b|vell|rumo|ho
246|frag|ove|cl|be|comp|ins|an|int|pott|int|g|stin
247|beem|ship|mow|eyes|gar|lup|clo|h|jul|un|empti|col
248|ste|tr|mar|lo|ta|ro|pu|exa|wan|bri|egall|pil
249|shr|po|ex|slown|s|to|ter|tamed|ru|wreck|topp|epith
250|chao|isl|dwel|ber|co|sh|anoth|p|varld|t|tric|vered
251|slywa|os|vouc|r|bou|y|ete|de|unp|affia|sl|utte
252|neap|la|hour|thre|ext|f|filch|t|let|hith|un|expel
253|bis|adv|ashy|b|bu|gr|perf|rec|c|prat|fore|brevi
254|bri|don|touz|fr|ridd|w|ra|up|res|ch|mast|shot
255|deno|thru|ice|north|shoem|abrog|hor|nour|fla|hispe|port|me
256|gran|sli|unk|rela|ch|b|vil|im|c|nevr|unh|stabl
257|manor|desd|iron|c|fear|be|qu|mer|unble|unme|com|preno
258|strea|bu|move|read|pr|takes|gr|ga|co|dish|impl|peop
259|yiel|t|ma|dirg|bo|inqu|co|tap|gra|fra|ma|provn
260|vag|do|int|dis|att|f|cho|squin|tria|avo|reve|s
261|roo|quea|refe|ou|gna|fait|hedgp|ant|dism|ca|disr|revo
262|lowa|comp|timo|re|grou|admir|fi|leg|meet|fit|dir|di
263|w|cape|gli|limbf|so|arran|brie|c|chis|pr|peni|toryn
264|est|em|off|do|da|plume|baff|sti|bloo|arr|it|dri
265|imp|pa|cr|chie|jew|tr|wher|pr|remov|ag|tops|twigg
266|we|ad|sur|un|rodtr|cl|feed|br|ru|unrec|ex|ass
267|g|wran|spee|milde|unbe|penal|sha|es|s|eggd|corr|mo
268|last|pu|healp|foul|bl|bl|brows|baess|soo|insti|enco|ca
269|leak|firco|unbo|impos|s|bough|c|b|la|ship|encou|c
270|tri|st|ja|blus|compl|qu|canni|in|wh|s|stif|stub
271|sacr|fi|laud|sinn|ac|t|ant|ke|sup|dowri|in|ri
272|ca|pe|lasc|tabl|un|c|su|ch|vex|gil|pi|edif
273|cher|wot|ca|ent|dolt|jo|fr|u|brew|pro|chol|uns
274|swee|unpu|app|promo|s|ba|mar|fra|villa|r|gli|st
275|cat|lus|inv|du|wales|ho|fo|swe|proc|pligh|impu|dra
276|arbo|su|so|fiel|imm|fares|sp|bl|sets|conf|ba|est
277|bea|b|saf|ch|ex|s|re|rev|p|imbe|acc|boot
278|dagg|lo|re|pa|const|lawle|pr|wea|ado|sc|cr|embra
279|mar|de|su|d|fost|f|rosa|gr|pa|e|disg|cha
280|highe|fumb|betr|ign|m|gr|t|te|co|viper|dolt|pro
281|ros|fl|aff|r|trai|wiz|bla|ol|rang|ta|jotk|himr
282|scar|heirl|pe|nurs|yel|un|vani|beg|wa|over|ri|unwe
283|pinsb|be|bar|excus|d|arres|pr|cle|inc|to|ma|ab
284|lice|swo|al|re|sup|kindr|eleg|groan|sn|lea|sympa|t
285|ga|lulla|sa|a|nos|mou|bapt|rece|spli|h|wa|fa
286|cons|bur|h|toldp|ru|stol|port|in|mo|she|c|pa
287|dev|dev|gra|churc|dawni|f|than|us|re|bes|albr|oded
288|tomor|disjo|ble|armo|co|di|rear|pa|sli|for|pil|cl
289|pas|qu|ba|s|runag|ma|prief|gath|so|prop|e|imp
290|che|fo|se|hoars|verd|an|s|silk|r|h|fore|so
291|triu|drag|ti|un|unse|swai|pref|usef|detec|ra|an|am
292|belo|cou|sta|sta|p|diz|fa|ima|se|swe|byza|turb
293|com|d|hast|extr|exc|st|per|gues|the|buckl|mic|weth
294|jump|earl|seel|usur|pu|cod|fe|lame|towns|i|cou|un
295|hoot|unho|touch|vu|owe|brui|pocky|mo|imp|of|ere|pufff
296|gif|daw|jo|grin|brag|b|desp|poxp|a|unsa|uniq|tomra
297|wil|med|bil|langl|inqu|varld|met|col|ch|wan|wa|fortu
298|qua|re|test|least|cu|ma|ad|merc|cas|repea|ampl|adopt
299|vor|lou|remo|pu|kingb|occa|b|besie|sue|thun|eelne|ar
300|cu|soi|scar|tiri|int|su|y|p|take|fa|ext|gri
301|spak|dru|nak|abate|subj|b|sl|c|a|rogu|mis|opp
302|th|cour|emplo|an|unio|peri|namel|cum|s|gush|soo|m
303|briga|hous|mu|en|re|val|i|unpu|o|sha|t|ri
304|kna|ful|su|pos|bri|al|ghos|sea|c|inex|u|hom
305|soo|avo|slut|do|c|n|ou|par|tow|sa|disci|col
306|shor|lots|youth|ve|l|abr|lo|effig|in|li|st|clo
307|geo|se|cap|wooe|g|rois|ch|fat|l|forf|phi|unlu
308|j|law|inf|su|su|gr|leon|f|co|varr|rearw|wr
309|beti|di|low|toysd|butt|fraud|un|move|god|br|g|mi
310|man|deobr|fla|l|alt|dyin|smi|m|cu|dou|vomit|rag
311|suffe|depe|cop|j|b|humbl|h|b|k|bes|re|hono
312|tab|fla|c|benvo|c|sub|an|f|book|cu|feat|borr
313|end|vanq|a|grasp|ye|dis|stre|b|horn|rud|hi|us
314|enth|cle|suum|lee|r|gene|ra|mar|sp|c|th|lam
315|burl|br|pro|subu|ob|bla|aimss|scr|con|my|unhap|s
316|oris|best|c|dra|possi|perd|a|arri|ove|abou|yout|squ
317|meta|air|apron|raill|sanc|rew|rec|ve|b|yclip|anewt|co
318|ph|hin|e|settl|des|sieg|gou|sin|pamp|rec|belda|swam
319|ge|oxe|pou|dist|ex|un|pur|cove|kn|br|lid|de
320|outst|bo|mo|pomp|dr|vin|lurk|gui|pr|soli|pro|eff
321|abb|abj|v|f|luc|ho|lo|con|chr|air|rapi|s
322|din|slim|wi|raug|af|sim|gau|st|depos|foot|po|ins
323|sobb|geli|har|c|priv|bu|ya|urss|blabl|meth|hold|elfl
324|fawni|musi|dom|for|qu|makin|vi|fed|sho|you|ashe|cir
325|me|req|unsan|beas|al|eye|re|ha|beha|antre|umpi|alo
326|propo|smi|tend|s|a|die|beti|amit|m|vo|u|yi
327|te|unshu|ve|e|app|c|blo|bu|ac|inc|pa|unth
328|so|fu|lowl|ra|br|c|bount|adieu|bangs|ca|s|d
329|bolt|sc|je|sei|int|st|ap|s|h|pun|cha|reck
330|effe|pa|piths|splen|pro|mac|angr|te|succ|i|off|noteb
331|pasti|fr|c|go|esca|vaug|aga|barb|de|like|desde|pre
332|hoops|c|eru|at|sleep|lod|jump|goat|de|u|br|lowl
333|hydr|thwar|lame|t|uncla|supp|en|so|beagl|enco|l|russi
334|shin|appa|tried|ab|pome|com|fo|cred|c|barba|be|unb
335|inf|misin|corru|elys|ju|mann|inso|ro|pl|mu|nota|b
336|mou|loppc|tar|pre|she|co|grav|hardi|co|se|ste|coat
337|chec|im|swoon|de|la|c|un|amen|spo|top|let|ga
338|pret|half|aug|wort|deal|hues|kis|spot|lu|usu|repay|soun
339|spec|s|exto|fly|deba|yeas|p|enve|trem|unm|arr|gules
340|cra|a|ido|cont|da|cong|divi|fa|brut|pea|s|mut
341|tal|a|smoot|weal|wo|blan|flin|aff|ep|su|temp|sol
342|sili|oc|trodd|diff|qui|dol|ski|gli|fr|glos|fecks|tur
343|mep|u|conta|usu|al|me|no|cha|crac|impa|m|witne
344|joshu|b|drea|rec|fall|dedi|diam|po|di|forci|hea|herei
345|su|media|d|aptly|bera|de|layin|i|om|ba|toss|ca
346|mi|taste|thing|s|pocke|godf|me|h|ob|c|si|pist
347|chase|pr|full|conf|reco|dom|par|st|unca|pro|hove|sco
348|cynt|bough|bog|sin|i|id|sme|lib|orkke|rome|peb|ri
349|br|ba|r|some|tur|p|sp|s|sna|u|sh|props
350|mark|s|appo|i|g|to|stead|d|exc|rais|e|assab
351|v|begga|ob|iwisn|imp|ambig|you|blad|st|leg|qu|gr
352|caes|lieut|ba|testi|imp|chas|un|lobb|def|un|seaco|kil
353|ordn|wh|com|tal|flu|ex|limed|achi|sch|unf|de|soot
354|envir|ri|lif|f|sec|impe|f|vici|st|c|un|bo
355|pro|defea|pi|ca|su|cardw|joi|pur|par|h|wi|de
356|aud|lod|whet|mont|spend|st|en|f|o|eyas|s|obl
357|perm|unt|agu|se|tea|beti|fo|lord|guide|pil|tran|par
358|stars|t|disp|wo|l|di|pest|danc|ve|plo|bat|ecsta
359|wipe|dile|che|amb|warms|lodg|con|dis|s|s|cyc|marvc
360|sta|tr|su|oun|affy|bur|p|stra|tubs|op|sou|ri
361|acco|inf|milk|po|awa|af|pinte|peru|tryb|arbi|de|colou
362|ghast|blo|cro|depen|t|r|talk|ba|glori|pion|int|nuncl
363|wats|ungu|ba|fa|adora|mi|pe|rel|w|de|geor|div
364|rail|bab|desig|t|tran|ra|magni|conc|dole|lac|bl|ab
365|affl|al|reve|nig|ent|dare|moun|gr|circ|b|j|lo
366|pl|requ|titl|enqui|co|rece|med|cr|di|tr|si|bran
367|ince|cat|mys|shew|ca|encr|sho|win|va|re|disj|kn
368|lap|n|stoop|ache|co|ac|har|quad|ratsl|a|staff|sp
369|pra|ven|s|unma|quen|ed|sicl|quen|un|na|a|r
370|ve|masq|blaze|farr|bri|mo|wage|pos|di|cons|tarr|sc
371|cr|inst|bea|s|ja|turni|pres|fu|g|cla|s|rou
372|pen|unqu|t|genit|sp|roy|iron|dogs|coup|han|sl|nort
373|dei|fron|attr|ost|p|enfo|duty|n|neve|tibs|stink|snak
374|here|bas|ma|conve|c|ex|advis|berr|l|lo|defen|resp
375|bles|ob|st|perpl|re|noo|ratu|futu|co|falc|vi|scot
376|spea|a|fri|so|afr|reftl|arma|pa|de|triu|to|petru
377|not|os|co|net|sl|overh|r|way|d|pa|ar|di
378|dire|lech|s|le|fab|ha|sto|qu|pheb|cl|pe|dov
379|sni|t|p|sha|ridd|flou|ped|ot|indu|wha|r|a
380|lux|be|hast|exte|des|cer|finc|mea|sing|runn|mobl|melti
381|moc|cov|du|cours|cast|garb|cou|fon|milc|hop|impo|ad
382|lives|m|fra|open|gua|cavil|y|shu|sup|hos|shar|sp
383|rubbi|crac|jug|brui|bus|cate|top|swor|c|dea|leon|up
384|int|q|que|cakd|v|re|emba|ewerv|reg|magi|ado|ti
385|cin|s|reco|plas|s|st|descr|game|fi|tra|fug|enda
386|pin|fav|edif|withe|r|pen|gratu|dedic|peru|tr|l|prat
387|prosp|warns|satur|sells|un|ca|plu|begu|summi|choic|he|com
388|scot|de|off|di|awak|pro|lud|melu|pa|fami|scru|c
389|desi|who|who|cho|cra|panda|un|bases|rep|cov|le|thos
390|str|intel|gold|unth|seel|acq|sm|reve|u|cim|wor|rec
391|per|a|so|ca|kitet|quo|app|im|sin|fa|un|brec
392|coun|th|dw|bo|b|spa|form|temp|feet|inkl|wit|pilg
393|patr|ins|lux|cauca|thr|pas|im|chor|exo|fenc|sa|fat
394|room|tai|co|ine|marro|lanch|inst|mocke|u|hacks|glist|to
395|chaf|mis|ho|drun|hoo|be|fu|mor|tor|nort|augur|re
396|ru|ebbi|adjac|ques|betra|it|qu|gor|confe|attai|cakew|g
397|whe|r|gra|bra|su|en|de|crie|far|sup|sport|knoc
398|avouc|vi|r|war|glou|s|exer|f|de|pit|pecul|bond
399|car|vil|unju|in|tr|grie|disc|jul|kat|expr|pag|baby
400|osrd|dist|volt|co|bra|abr|sw|mutin|aene|pie|gri|s
401|oil|b|ashy|divi|guar|means|lodge|l|ri|corps|c|aton
402|down|per|foret|ar|pres|rou|bat|cha|su|crep|remov|feed
403|over|hun|th|grow|o|w|hith|a|es|f|dia|co
404|wor|ans|to|gran|suit|dusk|mule|mis|gors|piti|bef|bl
405|rou|dr|int|reba|wr|brea|join|ele|sta|ru|sk|chri
406|aeac|ha|slum|st|le|tickl|hold|ex|enrag|boast|disc|pr
407|exa|ov|c|ke|unv|atte|ac|ho|there|rec|cap|fram
408|mult|desce|bois|mo|appo|vo|repo|si|f|juic|bou|depen
409|bilb|ca|brea|fla|remo|fr|q|discr|impo|w|po|t
410|nobo|ha|ove|rep|pur|brow|scal|cas|r|sou|rupt|room
411|hap|out|rema|cl|mo|w|n|sm|jar|peer|overw|sm
412|be|gu|spe|shape|war|pr|c|foami|com|g|u|h
413|addi|infer|rely|ri|d|ado|wr|ima|featu|h|cha|cure
414|pass|d|sta|qua|s|alenc|li|flage|enra|acci|stone|aptst
415|ble|cap|getr|sl|wa|stor|unc|s|un|un|c|mous
416|rene|te|hole|mon|ble|vita|voke|dest|toaz|wi|kn|amids
417|claps|appli|vict|fl|chaps|r|a|pars|re|sha|paunc|tru
418|thun|hous|wei|mis|a|sta|war|hole|gar|la|arden|d
419|thou|head|d|is|ta|fore|devi|dir|ex|e|rest|rou
420|vi|stopp|tigh|supe|fond|epic|lad|mawhe|un|u|saw|sen
421|und|fe|re|right|stu|ba|ra|ve|serv|meh|ap|fal
422|sav|begga|prob|gowns|r|rema|shee|es|sigh|vede|med|sta
423|less|ram|young|co|out|throb|d|ho|ga|with|gath|pu
424|gavth|str|n|caddi|a|s|sunk|pr|tumbl|chil|en|jud
425|hand|wi|fore|equa|salu|lan|cat|undo|fear|gre|chas|lo
426|charl|lie|sho|whi|je|where|en|h|f|dispa|piti|sc
427|ci|mit|jars|corn|ranti|custo|orepa|flay|propo|drow|dung|ci
428|dr|marty|tro|canwo|se|sab|fai|col|bou|leagu|sulp|bal
429|det|re|fle|phot|swall|prais|ad|loi|drach|osie|bu|belo
430|prep|makr|puni|repr|bre|sh|p|toec|fam|robe|tar|ci
431|dukea|cl|cont|dis|subs|lor|sort|mean|pri|coll|rulpu|fai
432|carry|lim|hele|fet|thr|flee|back|d|ai|plan|hu|usu
433|med|br|e|b|bo|pas|be|dist|scut|bris|super|j
434|proh|s|keepb|laun|fo|ste|viola|dip|ship|br|a|ta
435|lots|en|apos|i|im|conf|rams|rene|fort|forgi|opp|per
436|cur|pu|wo|hea|open|s|to|rh|echo|mis|o|comm
437|kic|dign|what|pecu|four|p|pa|tor|suep|se|v|cord
438|bent|tas|app|sto|wash|se|buc|gutt|hau|wak|stud|am
439|lasc|cu|unmo|spe|exp|lo|viol|healt|c|br|lifte|fam
440|wit|d|rec|su|f|ri|mori|dr|tric|ri|ant|rose
441|tip|n|unca|pen|decl|demo|s|toug|mort|pers|rare|p
442|criti|blaz|he|co|confi|bloc|fa|mour|sil|emp|rein|bes
443|ens|reti|b|churl|robe|gorgi|sk|reli|sh|wh|avai|suret
444|bar|home|s|wat|besi|gi|d|foa|st|ab|es|aff
445|sitt|fa|mur|expel|pe|disc|r|penet|v|fi|t|cak
446|crop|rudi|rep|luciu|st|be|coo|laza|co|sob|feed|ever
447|od|sc|conf|s|usi|ma|la|erud|bewit|surge|turk|ac
448|fai|proc|ga|hast|han|small|breas|mons|hillc|wo|s|grat
449|sho|te|de|bo|es|usur|tarr|b|fre|fe|bal|da
450|fad|nona|int|tho|f|tre|gre|tran|whori|oc|op|con
451|pedan|le|stri|scurr|inla|sq|i|pl|achi|poysa|bacch|p
452|bray|mole|fa|inco|tos|mi|w|ti|palm|tun|singe|se
453|ir|peath|even|sh|pu|p|wi|g|c|card|advan|depe
454|gag|u|ruffr|bus|overt|lant|tha|re|p|un|compa|word
455|af|hor|u|tree|admon|co|un|indig|ro|al|n|co
456|bitsd|l|took|r|sanc|conc|re|rom|o|se|trip|off
457|cogi|dis|smart|stee|bla|wa|s|say|rue|gr|tan|i
458|del|ros|ben|dis|bl|incl|make|ide|liquo|unity|fu|lo
459|gazi|juniu|clo|re|inju|vent|inte|whir|c|se|g|disc
460|len|ma|eves|mor|g|infa|pr|chal|sco|di|feas|des
461|sur|o|p|dru|pin|bru|stat|bl|ligh|cr|like|c
462|relie|hom|be|dec|de|m|pr|un|do|perse|just|a
463|radia|ou|nem|pu|hi|hipsw|ovi|af|milk|jud|at|devo
464|tenth|m|pre|pres|co|sur|waxl|fini|dis|man|he|abu
465|log|neptu|co|dang|se|crown|tr|ut|or|temp|boys|ve
466|out|wi|bless|mewqu|su|per|appel|sim|non|lun|ap|bit
467|pr|setd|crick|i|purp|ta|do|pro|unc|pot|skin|shi
468|fil|whot|c|gent|re|surf|e|fl|sm|cr|flaws|una
469|searc|div|i|ill|doe|do|dull|goo|goe|con|sin|good
470|fal|aft|unr|ba|bed|ha|f|ado|b|we|c|hove
471|dec|a|conju|bold|ch|f|len|publi|chie|ba|pa|ha
472|tre|des|be|fastw|slimy|date|bel|op|where|drea|pric|pu
473|ya|hapra|l|wore|no|qu|engl|ch|hide|fi|du|infa
474|ai|asid|w|repe|scu|s|hadl|b|unb|pro|t|reins
475|du|fiel|c|dutch|pec|overt|pain|ki|sayi|thaw|impc|un
476|sure|bit|zir|eff|ch|prays|l|ve|att|se|lor|tai
477|sarc|sme|lea|deem|justn|cock|con|shin|earl|tr|split|pouc
478|desp|gertr|ski|mon|he|is|pee|cu|plum|happ|do|con
479|fo|pard|grew|pini|impo|slac|di|spak|liab|bet|trag|erect
480|pack|tra|den|att|r|solfa|rehe|tann|wre|d|finw|s
481|ni|a|emhra|ph|sp|ch|rogu|di|pre|sn|lust|bo
482|ex|ci|illu|benv|boh|co|d|compi|prof|tu|disr|fr
483|rese|conj|luke|leon|ol|pa|bel|shakp|sa|fift|st|wra
484|go|f|oak|bes|i|p|pi|diss|co|mo|twit|abru
485|se|a|cu|off|bar|gr|o|piss|vara|trave|hug|dul
486|pon|spe|rejo|jo|e|m|ob|h|wo|sho|thr|fi
487|jo|unt|sto|nuts|acc|new|act|clos|c|tymbr|curs|pe
488|navya|di|unm|ad|fam|ful|par|dram|live|q|u|a
489|pacl|eng|sinf|en|mea|repu|fa|le|impo|fara|sore|tereu
490|pauc|as|sciat|sole|prud|mudd|ra|ads|mi|viole|duch|felon
491|seal|un|ou|deny|pa|pr|sh|over|cyt|bil|po|ho
492|sat|bakes|ido|cous|desir|dr|caius|mont|hono|gra|li|bo
493|comm|ba|artus|ra|wh|vill|brav|goats|mo|flows|ope|ho
494|rate|reac|hum|sh|ut|manu|ob|ma|p|fear|nod|klll
495|bu|fam|r|flore|s|he|sadse|s|di|ince|pro|wide
496|upm|just|su|fresh|un|c|we|ston|s|m|ungov|c
497|upho|fr|dusk|vi|e|k|nigh|ti|sl|c|epi|femal
498|decei|vais|gai|exte|cha|eff|c|sor|pro|reig|posse|enth
499|adhe|utt|publ|embr|invi|wrest|pil|doub|shi|leth|sepa|cor
500|hyme|howem|dw|custo|con|disco|s|accu|gues|mo|dota|advoc
501|appa|co|secur|p|un|umbra|d|sl|maide|ind|log|river
502|warr|res|out|r|att|pe|mac|scorn|s|abj|antfo|en
503|y|ga|dia|co|app|fr|sl|unt|dege|behov|co|sa
504|o|ke|pari|high|mea|pa|bra|esp|scor|can|buc|p
505|clap|ench|p|smi|vid|und|con|depu|torch|c|berar|bea
506|hed|tid|de|c|ra|tre|lie|fret|hand|q|mark|hollo
507|nort|d|mede|vanis|handl|a|c|ari|f|sma|skull|wombs
508|level|vi|lamo|blea|pr|h|cardi|promi|nut|free|bet|unfin
509|slee|dece|mat|he|sli|liqu|di|da|commi|trust|multi|ch
510|refo|en|bese|ti|f|be|glaz|dwarf|h|ple|po|s
511|unse|rest|p|yiel|me|umpi|bos|r|bed|s|warss|owe
512|fria|ext|c|dane|am|nobi|rung|con|cl|acco|targe|b
513|spra|sea|st|ou|exc|bo|m|inve|mons|b|cuc|tape
514|ac|rebe|bett|c|malad|noo|cis|d|a|plea|moont|absy
515|wh|spra|gree|c|inst|c|unma|l|mi|mansi|i|wea
516|wea|ensn|f|moun|b|le|wr|fo|t|mo|out|ma
517|ja|sch|ju|over|p|ap|cou|f|ung|idl|anto|com
518|aga|circ|tai|bl|h|le|wea|supe|unh|kne|inn|p
519|age|be|de|quant|cel|unt|ye|rooks|maje|mon|b|serge
520|va|shep|clo|mi|dep|casem|act|vill|suffe|sei|i|cer
521|mops|re|confo|d|han|bog|poi|osi|gue|bl|cong|mul
522|cram|sl|liq|mo|wro|ra|cudg|bewra|d|step|glim|musl
523|bind|c|l|damas|so|court|pro|olive|com|nat|mons|mopes
524|mag|mou|un|repe|bla|nar|dro|jeop|alr|boot|da|ban
525|suns|phan|media|pound|gi|des|mende|kn|cha|equa|pis|ov
526|matr|uns|unde|pro|aspi|t|exto|short|p|di|ob|f
527|steep|thu|flat|im|c|comra|beha|throu|wi|va|im|sp
528|mix|unq|su|ex|has|r|ad|ad|co|sign|ma|farea
529|rai|coat|per|atto|gran|fl|droo|ma|dut|despi|l|olde
530|argu|fire|perus|indu|va|wi|cr|rig|batel|heat|cond|des
531|insi|gos|whit|spe|wi|st|us|d|detec|bus|a|befr
532|cle|s|ed|cl|un|pre|p|als|sa|lee|haun|durin
533|ri|go|sop|glori|c|st|wayw|fo|awak|d|eve|plac
534|sw|isi|tap|marri|fair|ch|d|s|ench|ho|hoo|grav
535|pomp|medi|she|crowd|mec|p|scep|flat|pa|dise|ho|exp
536|clo|g|fru|m|brave|foo|hin|gaze|wallo|maide|a|tun
537|sp|tr|do|cour|bangf|intr|s|downw|glob|lov|hadh|ca
538|bot|br|cunn|th|mod|g|me|peri|stri|m|goose|earne
539|reso|fi|d|reneg|ipseg|parc|cond|de|co|mi|danc|dec
540|gru|ewer|de|b|fal|prop|ta|tor|reque|ama|pr|dal
541|champ|ste|tra|gold|wor|defo|massc|pe|mart|hi|c|pl
542|pot|tumbl|ble|mul|in|cornt|fl|com|r|pr|gr|qui
543|egres|ven|v|sn|disse|eni|dov|b|af|res|conve|fruga
544|brin|lo|shre|co|e|keel|dis|gloom|dre|cu|sc|unhe
545|dif|p|fo|uns|c|unfo|blow|w|fo|man|comp|fe
546|ins|plas|n|qu|seno|fea|n|grac|c|b|dist|parti
547|smil|your|dis|c|shill|en|coun|cl|june|overt|gna|hul
548|prop|di|you|swi|hove|indi|str|gol|whirl|infl|lam|el
549|scatt|chamb|u|un|lov|ple|gnaw|thr|caro|unsh|a|hum
550|wi|tr|pan|f|vic|pay|ch|vapo|reli|ro|plan|def
551|amo|h|nor|mast|de|inf|co|quee|consu|ob|t|unres
552|remis|gree|un|h|avo|dasta|tipss|mo|far|cop|fr|expr
553|mom|she|blin|ass|e|h|em|flash|doubt|mire|ta|escal
554|comb|hor|qui|d|rewo|tunes|trad|cana|span|corbo|res|un
555|ele|cup|sho|per|sl|journ|wh|parth|pro|re|s|qu
556|you|wher|po|f|h|ghos|t|remis|d|fuls|fe|d
557|fir|le|moun|mut|burg|gl|ench|ch|co|suc|ycle|whats
558|want|beth|im|dama|viz|glo|beco|spea|w|bo|co|bond
559|que|mor|imme|me|reek|acq|succ|a|met|pa|page|give
560|fa|brawl|lu|julio|rev|inte|pr|b|repu|make|ba|pe
561|mac|po|mis|atto|ba|f|cat|wo|mista|p|fig|dogr
562|atw|wai|ravis|pa|casu|hy|sco|defe|we|evil|team|cap
563|or|diz|tain|top|rec|f|pr|t|c|duck|last|leand
564|tai|squa|d|unse|shri|fli|inst|gr|app|sm|sep|fo
565|forki|souse|da|fi|luxur|sm|woma|em|c|counc|mis|ho
566|tarq|pai|sma|di|abe|unbod|hove|ner|intr|ba|forc|twi
567|revel|fea|c|ch|cons|west|r|ch|unbas|co|cat|lodg
568|pli|but|sh|yonds|feign|intr|eg|who|del|p|slau|adv
569|tw|rott|li|sug|falst|ove|p|reck|lau|arr|pr|equi
570|roc|ch|sper|fai|banis|curs|dorse|trivi|s|dou|jeal|sy
571|suppl|f|a|behol|hu|vicio|ghos|ion|fram|cer|round|wic
572|bond|dates|s|endu|st|feign|sa|me|tor|ex|cucko|chu
573|boon|ford|meta|pet|fanw|lang|ped|handk|r|saf|to|r
574|yea|ci|t|ga|s|p|adam|e|expo|spl|a|loos
575|rela|dis|comf|wa|de|frail|wit|se|hors|out|shari|cu
576|ama|ruf|plant|fo|limpa|contu|co|bed|pri|com|lo|b
577|ha|lega|o|red|deba|blush|hu|pr|comf|asham|deed|stee
578|wan|vo|c|mi|s|outs|bra|ea|pil|fo|bold|bo
579|pue|de|def|onw|da|vi|phot|harp|hu|im|sto|pen
580|unf|pl|smo|qu|sl|unme|uns|de|yar|pert|wa|aba
581|mint|s|phil|wh|carp|gules|ex|ci|g|horu|quit|frogc
582|wind|curs|tow|unw|chang|ho|cle|con|brok|ins|h|cu
583|los|pre|sham|corre|ent|corru|li|bro|f|su|c|res
584|spa|th|reco|prom|he|comf|quot|q|idio|amaz|acc|doub
585|eyas|pri|s|fit|de|ac|ba|mour|yours|cho|do|swea
586|requ|unw|hat|conf|w|s|a|ne|dross|gra|ailb|corre
587|cor|whets|sh|gri|in|le|we|sup|w|sh|wrapt|boist
588|snar|igno|orat|amids|grap|hoo|corru|esc|tr|gonz|w|enf
589|gor|be|dr|wo|bla|darks|medic|basta|fo|ben|endl|t
590|know|bar|ne|v|s|br|gr|po|flag|in|mi|tamh
591|beg|righ|nu|slau|ju|abh|qui|a|lated|h|do|fulf
592|repr|de|c|gli|owner|survi|acc|urg|seap|sab|assse|marsh
593|skin|ae|cr|han|fiv|dis|pu|ga|imit|re|lead|ditch
594|quot|gr|de|imme|visa|coo|co|tenn|fa|rede|mour|alb
595|peac|scot|gal|wea|crea|bun|pio|non|ch|goose|brit|woo
596|reg|bir|exc|re|ex|rem|insa|a|pro|cano|rash|sc
597|hu|haz|q|fru|pite|doct|t|star|batte|no|rav|em
598|av|unh|cl|dia|arini|bi|ca|wago|brui|jour|mai|grati
599|torme|pract|coli|mi|cur|sharq|isl|atone|rearw|mo|u|advan
600|k|ribal|tyin|san|expe|scho|mil|a|hu|kna|ph|king
601|stud|any|clo|b|ac|po|stup|gi|men|ro|ap|ana
602|fre|cours|ensn|g|pre|spi|c|cha|argu|fu|di|rodve
603|unfr|bares|p|file|as|lik|ch|coun|po|flo|willi|ov
604|ram|w|luc|tr|spide|isa|sin|ruth|bi|ow|h|suc
605|min|cap|unm|va|a|lucy|pove|d|kn|re|c|remov
606|fu|co|brev|s|fa|arm|unde|pe|for|boa|inve|s
607|cause|rumi|wors|reco|pl|bare|blam|glad|brea|mere|oyes|sli
608|der|hus|sc|borr|inoc|poi|wat|feel|cata|spe|gets|remo
609|mon|p|fre|st|vio|f|far|ea|se|zea|r|hal
610|distr|mis|be|ant|en|di|hae|cullf|grame|augu|g|puff
611|ti|vi|while|asc|uncle|va|prof|sch|basi|fair|cot|s
612|ushe|pon|ju|holl|gal|c|bub|knoc|dear|b|tar|fif
613|unqu|edge|com|pass|i|great|self|wr|fu|dod|mi|ro
614|ty|fle|hi|bor|li|pa|oi|qua|elsew|ext|amids|dis
615|maj|ha|ga|filt|darn|inher|editi|un|jow|s|mone|con
616|omitt|re|dear|tra|in|wher|irre|who|bo|u|heav|flag
617|conve|p|sou|stop|vi|b|po|fro|g|i|aun|pill
618|ce|wea|pres|tail|p|enla|gli|asham|exte|req|t|mas
619|fiel|moi|ging|corr|beas|ref|hand|sa|unc|r|dolo|inter
620|round|mend|tou|acc|gawd|pr|witch|gar|d|mod|bla|me
621|exto|adve|elbo|fad|alman|glim|paga|bot|prie|f|solic|her
622|disob|cast|burg|d|j|s|d|pitch|sque|tol|rans|dr
623|perp|pr|peb|ea|butl|ca|repor|imp|knav|soci|co|unqua
624|unexp|to|aspi|stor|sn|domin|befor|exces|t|le|l|wo
625|spe|edi|kind|deep|dow|hor|publ|glue|ray|fo|un|troub
626|prese|tim|af|ra|cou|dilat|o|gibe|br|mo|spe|lea
627|woef|en|venet|had|hec|d|ard|flor|to|pre|be|gra
628|manni|so|li|fo|egma|log|saint|co|di|inve|b|disd
629|beh|mona|emb|lifti|chori|sw|ma|lac|gru|hum|oa|ne
630|feeli|curc|inmo|yet|sm|par|hu|var|fle|butc|abbot|plut
631|mu|unba|d|bolt|mai|sh|wa|witt|buoy|huene|tenu|sed
632|even|exp|la|ext|gu|bese|circ|ch|tem|po|ith|per
633|pur|erect|helle|under|foams|wagg|gr|de|blo|ampli|en|toke
634|finis|spe|bumli|mule|wo|tro|empr|im|cap|i|gou|con
635|jea|i|beat|ag|broad|soo|imp|s|mo|also|spo|rel
636|wret|br|ma|kick|priv|bac|ski|ungo|h|iris|k|bl
637|twe|kin|tho|buoy|vita|con|all|unus|woo|cha|whe|a
638|memb|pl|peru|lous|impu|dut|defi|hi|preci|prent|clod|ado
639|ou|pr|ab|hiss|mis|unsl|do|offe|pig|bar|othe|oug
640|res|t|heap|lame|fau|gle|gr|as|an|usur|app|ca
641|fram|co|b|s|co|wo|req|icee|wa|p|mo|sapit
642|bra|re|sl|o|mazz|thig|unsh|exa|decay|beat|rep|trag
643|consu|vene|nutho|firm|r|noon|a|whor|istf|bat|abs|manne
644|unri|lin|coted|stu|a|fea|gath|r|p|gurn|be|unb
645|tenan|kent|w|o|a|g|conv|wi|sub|puni|e|li
646|sedi|wol|fre|s|ba|niec|lion|disr|jou|pho|alla|pr
647|envy|wel|add|sea|title|tar|gui|cami|exc|nee|sk|fra
648|hibo|appe|wi|exas|t|cont|sc|f|he|str|ho|ba
649|umbe|c|hal|a|cha|she|le|trail|gr|patr|avow|su
650|dick|gri|ni|qu|aspi|ta|t|pahcl|p|easi|tevi|thro
651|preno|hur|thank|q|were|palac|ap|cap|sla|us|chi|e
652|did|harve|ful|compa|co|enigm|per|blaz|so|gre|noni|ch
653|enf|hea|daub|tra|fierc|mur|ponde|unwil|bod|tu|tri|p
654|es|anat|sh|pa|coll|co|f|r|rheum|dep|arre|prat
655|mind|affai|pi|wi|ke|slow|hero|ty|he|bond|dox|torm
656|expia|cerem|cote|o|q|inf|rec|plai|fl|spys|lo|con
657|cance|ca|bra|depe|for|de|c|s|ambu|hones|g|f
658|bir|ham|sir|co|c|per|lusc|digdi|fo|requ|ap|nec
659|wag|bench|in|unr|wrec|timo|ru|perse|cherr|hu|prin|e
660|spee|mul|prer|fea|pre|diad|ga|ensn|hun|bu|r|pl
661|pu|to|whisp|summe|fou|untu|esta|co|tr|quay|inte|nur
662|mate|brac|life|cr|l|s|l|wom|mi|espe|t|repr
663|stage|playf|tarq|pins|mank|jus|cha|horr|res|pra|sw|caro
664|sup|un|de|gluee|ro|d|exhib|neb|vowd|a|af|hen
665|fr|t|slig|s|k|ling|i|expe|p|unti|provi|dis
666|req|whi|appe|g|fitt|per|sl|lungs|st|subco|glo|uses
667|coc|mayo|v|fanta|comm|d|a|fla|faira|ne|vainl|s
668|mut|wh|alms|st|gr|grin|wal|ent|orch|toa|orcha|sta
669|infe|con|bideh|adh|p|oppre|di|bor|car|mea|sc|sm
670|insol|besee|str|seym|urge|scu|com|peti|bea|pe|mar|coxsa
671|caud|su|lo|wi|swo|ne|daww|imp|b|f|con|ag
672|rar|pee|fr|spe|perc|por|mer|sho|g|kn|amb|adja
673|nam|ant|nob|hawt|knapp|per|hopa|heret|clo|und|undut|tuns
674|prov|dis|im|pay|pres|wr|brag|ma|vent|des|holp|trow
675|buy|naso|dis|wh|us|insu|nevb|erudi|conf|s|conj|voidc
676|oy|g|im|pra|heari|em|playf|bott|accum|dif|pic|inves
677|mane|sp|plash|sn|ca|dul|rank|om|d|ho|gua|wha
678|liqu|sa|eig|unsa|hand|per|spe|b|a|ador|f|levyi
679|exha|tr|wan|fico|gro|ste|vil|j|calve|wav|fat|h
680|enro|ab|bel|d|conta|pa|unta|aes|mine|mo|dist|fr
681|comf|suffe|fo|beem|i|help|rea|part|reel|defa|arc|rusti
682|dolou|tran|nettl|cab|p|benum|b|inde|met|waste|froz|comme
683|sheaf|dola|su|fai|squ|fl|issu|com|rosyp|oy|edenc|id
684|thri|di|co|ro|b|gar|dut|fr|fa|fe|mi|tomb
685|wri|dim|bui|mine|hi|sn|cnei|cr|cr|abus|smi|inco
686|asun|rec|si|cot|bef|la|loz|bi|do|soun|foul|do
687|untan|fats|e|indic|do|s|g|i|fa|oddwi|fang|happ
688|grav|d|sl|sc|fr|mol|char|weap|notw|leman|re|pass
689|wa|o|luci|re|beco|uns|read|d|atwai|of|dem|larg
690|angu|lan|rus|t|endu|sing|ophma|spelt|reque|ills|sente|tap
691|slav|stru|bawd|boo|balno|do|bl|repre|rugge|y|g|c
692|banis|bro|shir|ep|pha|entre|goa|det|ri|psalm|s|se
693|threa|fivep|sh|hosp|penn|una|bur|e|en|vil|swif|pr
694|rec|c|lod|be|sl|fol|re|nu|ha|u|v|butt
695|fifth|go|so|cu|benc|cyni|tri|abat|revol|stra|ope|leane
696|abso|exe|sweet|con|d|hybla|offe|inst|enq|e|s|gues
697|creat|un|l|vol|he|esse|est|en|su|d|res|home
698|airp|t|parti|edgta|bea|lucr|mi|priv|prior|dolt|rel|un
699|foo|merc|go|en|in|u|se|adve|azu|visio|su|comm
700|insta|con|hang|ri|sa|t|gi|faul|succ|ove|mutte|achi
701|chr|mast|cont|postm|yo|co|astro|mach|com|cou|goos|sch
702|dir|me|cra|ar|ho|en|bro|t|repro|lo|un|subs
703|minc|su|knott|wor|inhoo|i|r|luna|sm|dec|fram|vict
704|unpr|wr|f|acc|giv|im|li|ki|lapi|arche|ha|o
705|plum|ski|innsw|bri|ri|hea|gulf|bas|vomi|ju|pea|bois
706|rob|morta|sou|gre|pro|br|p|glimp|po|whori|sc|h
707|eastw|umber|enve|gour|discl|pri|f|dom|laz|pro|sinf|dangl
708|pi|de|excee|un|angui|flem|sun|tru|a|n|drove|a
709|quar|abbo|sicke|dr|re|ca|wo|u|yiel|wo|exped|s
710|dilem|app|bas|st|sen|his|s|si|bl|k|gl|rep
711|mig|dis|impe|quant|scra|t|bill|unh|board|i|imp|menec
712|inst|ple|ti|rel|pande|unc|to|bigg|unho|desp|b|ni
713|ope|tardi|makc|than|exc|be|gens|zou|slee|ch|mi|ve
714|kingd|sup|u|hors|everl|sat|duch|gh|bepra|dang|germa|for
715|om|t|wr|part|plian|chan|was|res|white|wag|co|dis
716|mudd|piesd|ann|shy|wa|rat|she|c|peer|pla|r|perfe
717|untru|uns|chr|co|today|unfi|viewe|co|fan|emni|dov|acu
718|gi|ins|st|crus|redre|a|c|graz|summ|cal|refl|pad
719|bas|s|mix|worsh|st|enj|holi|appa|ve|vi|indis|rindi
720|pil|pr|ave|virt|wh|nodd|fea|ro|e|kin|upro|utte
721|miti|f|cods|poe|eig|gir|wo|here|tresp|s|co|re
722|qui|po|con|com|flo|ha|se|years|sla|jaysv|p|pra
723|lin|bol|mou|m|cus|shu|p|c|con|turt|pris|ges
724|excl|bi|di|ge|exe|vac|ext|hocs|w|g|resid|b
725|unbl|hedg|beam|un|tr|dang|dil|o|embow|mi|name|r
726|unbro|e|dis|deny|thro|natu|hea|fenc|p|lispi|hol|ric
727|addlu|fa|trum|wan|enter|cheat|mou|dism|m|yeadf|ponti|prom
728|hor|newe|ove|cu|marjo|bond|lig|alb|gat|jum|b|beg
729|crie|grat|l|pro|rup|bullo|elys|se|fl|fi|vows|se
730|zone|sl|raze|deafp|acold|unc|fool|sally|la|chee|a|m
731|hard|c|doub|fl|mer|parta|to|wa|vul|da|anyt|milde
732|was|bubbl|bu|pr|sate|ti|app|pa|dum|ja|bella|dr
733|lesso|kin|mirr|de|prov|wor|lie|tr|symp|meat|u|wis
734|handl|wra|un|qua|hear|bo|hea|h|bru|shep|thrus|hang
735|mod|upho|go|pere|pot|edit|bu|c|po|kn|ele|pri
736|enc|ex|c|la|fr|outl|ri|de|imp|lar|deci|su
737|hous|sm|a|cr|pr|cross|a|eelsb|emb|gain|adve|un
738|sund|f|sc|stall|sple|s|jail|mad|doub|juli|par|part
739|exp|he|persu|di|ma|brea|hu|mour|pra|skir|h|milli
740|poss|unan|gree|c|imp|sc|conr|wrest|mis|sixp|adju|tam
741|dear|cons|magn|fivep|rh|sp|bor|pr|en|dis|gli|e
742|escap|stin|s|sc|be|purga|we|convo|thre|urgen|awr|ch
743|fast|musi|th|birt|lo|monum|con|reviv|rail|le|sole|c
744|vil|def|c|rats|un|perfe|bel|siste|mantu|auth|a|ind
745|octa|e|gu|hin|dewsd|fill|d|cha|wh|un|mode|se
746|blame|reg|forwa|fo|sha|se|d|dulc|forth|un|of|qu
747|appo|u|ducd|injo|goo|da|m|orbsp|conf|be|s|mongr
748|nor|t|moon|ei|unmi|pa|dan|vag|seemi|w|wra|demu
749|aston|oc|sca|defam|mode|te|sou|mo|a|tum|re|c
750|misfo|e|soak|ladde|swa|diss|und|memo|ge|unde|exc|mi
751|inl|alab|dese|int|accu|ca|pap|vill|chok|ab|cla|dou
752|plu|glis|fall|t|shock|ba|exac|overt|outje|proc|vit|di
753|pec|situa|bri|dela|pie|forsw|audit|blem|e|sof|cour|re
754|yo|nei|cas|blit|rai|lest|assi|ma|ruff|excu|bro|f
755|rew|recl|groan|vary|do|rain|tur|lot|en|tre|bowd|d
756|pol|m|s|gyve|en|tip|stat|unki|be|su|savo|appea
757|smo|dat|behav|worl|bou|en|besie|jo|hir|tic|soli|am
758|impat|less|sa|wear|lec|veinp|grate|for|suck|blu|yes|sage
759|barb|chas|che|fi|w|inc|coro|abi|gar|par|wee|me
760|overh|luci|as|pen|abom|qui|a|cloud|ston|co|topp|re
761|incom|dild|punt|fait|sur|marr|music|be|w|fra|uns|p
762|reti|op|agr|inc|dim|dow|wro|st|moa|v|dishe|melu
763|advi|stre|napki|ret|disp|bri|inte|be|swin|de|janu|d
764|sheat|mis|win|expl|comp|wire|caph|sep|mutt|tide|fr|naug
765|port|sh|justl|bel|hon|impu|photi|plen|di|vi|share|end
766|mice|mi|si|rul|nine|mast|herm|sp|nell|appl|viz|pe
767|ad|i|attir|tra|emhra|raz|sand|ridet|no|wor|evide|man
768|unn|all|re|hobb|fl|c|lo|turne|end|seese|po|shoe
769|resca|ditt|ro|s|d|pitch|natur|match|s|sens|brevi|se
770|stra|pink|penit|th|bush|tends|over|troop|sibyl|li|i|char
771|stre|croc|awa|fay|eve|join|un|cla|ate|co|do|fr
772|verba|ac|am|po|co|dam|uncle|diso|mo|un|super|conv
773|win|rig|soli|hop|gaz|know|organ|gra|rou|raced|sa|c
774|dar|poli|not|even|p|sa|b|w|u|d|n|duca
775|hurdl|s|dom|wrink|bro|s|trave|scri|ra|plur|rehe|bea
776|unw|sti|her|earl|baren|p|u|qui|some|ha|c|ador
777|ten|pr|ten|f|ent|eur|toilu|ca|dwel|tri|br|ve
778|affec|wh|jo|t|l|sub|forw|wi|farth|bre|chea|penal
779|minim|induc|leop|nec|des|flav|et|ve|rant|king|wea|heavi
780|fro|ass|excee|heart|sati|br|butt|gall|head|es|unt|bli
781|dro|lo|p|h|mas|beto|ac|prof|canop|c|co|sto
782|lot|u|daint|spo|f|tran|zeal|anjo|bespe|o|be|abu
783|spoke|v|cha|mot|ch|plat|mea|jus|rogu|from|gu|pe
784|langu|engin|sway|en|as|con|queen|pers|e|exh|towe|bet
785|lay|bar|hef|silv|com|storm|w|blen|ver|her|tur|r
786|comme|he|ar|ans|st|poll|scat|de|tur|frui|hi|sma
787|bre|gu|insi|i|reft|obst|wes|n|occa|appro|du|f
788|whit|unp|ador|em|fa|yorks|q|wit|an|ex|che|quat
789|irel|rema|ind|enfr|trus|in|carvs|yare|ally|how|trus|cou
790|foot|spi|bel|dot|an|ner|v|couc|acce|sca|jau|profo
791|mett|sun|bra|leche|tr|stead|re|games|f|dews|e|signe
792|sco|domit|gen|pull|gnarl|unbe|carn|heirs|birth|ce|diome|bese
793|ea|men|folly|morse|disp|blus|poure|ens|ent|virgi|st|bo
794|enm|potio|spo|r|hobn|fo|choo|bund|wedd|st|weigh|bl
795|balt|imp|gees|sewer|r|cu|to|atte|re|unr|evil|m
796|gir|me|camps|field|plum|gr|int|deed|misc|shri|wood|p
797|turn|tick|eage|len|r|cha|sol|en|ki|sla|w|fla
798|mise|fle|ant|promi|goff|enem|unm|fa|g|mi|oc|gr
799|falc|we|wh|bu|ge|rene|golgo|e|fo|c|ly|un
800|calc|mi|impc|qu|shou|rat|av|h|t|pan|ga|na
801|heart|an|mi|fla|penny|surmi|li|grumb|unre|abh|e|ba
802|giv|flee|gau|sm|unl|ro|ma|p|quo|dis|rats|chr
803|scal|wo|spok|pag|seem|cork|ho|who|g|disp|ha|wag
804|acces|aut|b|carbu|al|e|cat|clif|min|prep|oil|wic
805|oyst|wr|h|butsc|rel|flo|u|demon|un|sc|phy|seas
806|unnat|est|re|wo|arriv|taxp|carm|busyt|dis|re|rud|ins
807|bi|amen|ch|te|bows|misl|com|viol|colo|s|ma|keis
808|siev|an|cadd|vis|amend|rev|r|tur|but|tim|pro|voi
809|of|sea|withh|ad|gown|res|la|cob|pr|cove|unac|far
810|coats|film|cease|ret|dem|in|de|mur|sl|lo|pil|kern
811|con|rem|quarr|cheve|sets|da|gra|soi|tr|ove|achi|innoc
812|confe|swea|def|san|cou|eater|snail|b|subs|pl|he|ha
813|auth|sign|panda|bat|em|short|rep|bui|ir|g|maudl|rate
814|cogni|an|un|le|peerl|pil|strut|bar|flawc|mig|ra|ec
815|nint|chop|swim|oppo|quive|he|h|fai|duteo|pr|dri|lips
816|blam|repor|flesh|aq|t|thi|le|a|slee|beso|fi|cur
817|yok|ap|strut|pea|impo|robe|disjo|ho|pl|pi|crea|ba
818|lanc|sh|hurts|grin|har|re|dang|rivet|preju|pr|alte|di
819|foam|pun|cre|ha|sc|flo|unge|alm|divin|str|nutho|le
820|sadd|sc|regs|he|co|resid|dif|dir|is|mem|wi|pom
821|murdd|wave|co|e|swoo|smil|pupp|pe|flig|u|crims|phil
822|rejo|oye|dimi|tou|gros|hies|wante|una|wi|de|lig|ap
823|thi|tyra|para|bol|bel|e|fuln|com|cou|he|pi|unpr
824|acc|sil|s|gr|veil|aspe|abys|wo|build|purc|d|plea
825|abs|duck|re|ca|hi|fal|pl|jud|mend|comm|porte|princ
826|cork|s|tal|son|fla|bla|pion|accu|un|wa|pick|disgr
827|ov|expo|per|poisi|achi|deni|ten|m|de|unc|ordi|lamo
828|mop|hal|pate|lad|aff|w|s|por|s|vit|lass|forf
829|empl|r|n|comp|sho|beha|coun|s|lisp|ou|dow|un
830|fur|ves|dis|sigh|gr|immod|stirr|over|mis|illit|pe|tel
831|muf|c|si|cha|uncl|p|dis|dra|pick|bea|for|babie
832|vari|pro|por|ca|ev|bro|wan|con|ateg|ba|cred|sever
833|lav|si|accid|pea|post|s|ext|knel|ench|de|be|temp
834|curs|rip|b|reli|sha|int|s|me|h|cl|reti|phil
835|tes|ga|sp|getr|mur|detes|whee|r|ma|ra|legs|w
836|vala|adm|whe|bet|en|windo|co|hyrc|brav|chi|re|uns
837|fine|wi|pursu|fifte|ex|sole|flas|sh|honor|mar|prai|misb
838|mist|sis|puri|vul|grace|hom|fram|hyb|chil|tok|reco|mast
839|esp|p|att|d|du|re|rock|veri|ho|index|f|r
840|inau|penit|rev|e|gagin|shif|har|noism|st|en|ex|ple
841|enl|supp|b|confi|tic|rus|any|fa|bl|augm|pro|tri
842|evasi|dra|unch|here|quis|ta|ove|dist|pepp|re|exp|mo
843|ungu|bre|co|sp|relea|leag|da|mo|em|salis|homi|p
844|cove|pre|dist|inq|s|mal|ta|yok|si|la|scr|bo
845|unha|mu|vexe|wom|wo|lu|e|spri|pro|ricee|ni|esp
846|utte|br|defen|ro|check|rev|stu|detec|overt|ensn|frag|sa
847|fire|app|bad|beca|pen|fut|un|pro|s|mi|st|enla
848|dol|tax|t|garm|scour|know|f|squ|nega|c|del|fo
849|em|indi|re|stoww|butte|ens|estee|ex|str|vi|ran|wontq
850|ephe|fil|fault|h|la|fo|bago|or|s|bla|fat|bes
851|dou|tr|va|u|ra|ta|co|mad|eng|su|hom|unp
852|requi|p|oi|cyn|cong|t|i|un|di|dro|censu|fas
853|lean|i|b|hi|injo|du|got|stud|edi|com|ho|unv
854|lies|can|s|slee|spu|sco|obliq|tri|fra|viz|t|fork
855|thr|unm|hide|light|de|sl|es|he|cont|obs|vor|l
856|actsg|qui|haman|perve|dej|p|w|buys|pyram|r|d|gumd
857|fury|val|un|chro|ca|nois|favo|pe|comp|crow|sl|what
858|barr|fl|ensu|acqu|prop|five|a|pu|gavw|ri|wisel|pan
859|symp|m|tit|u|hars|bla|eatsm|s|fla|outr|cro|nile
860|ventu|wrin|cel|qu|f|ebbi|as|impo|di|rega|wres|rigou
861|obey|besp|woos|c|word|doit|w|sou|indue|conc|s|ca
862|confo|expe|adva|alba|drai|fleet|broc|a|fore|subm|b|orbed
863|float|bre|bo|imp|spak|m|appro|he|b|foig|s|issui
864|just|warra|a|r|g|enk|w|da|pala|wo|slyl|ad
865|herb|sub|col|gove|h|arm|visi|ha|t|ru|un|cl
866|ev|mad|fel|commo|c|sha|l|ungo|m|foams|heara|re
867|conj|me|en|colo|se|wis|sto|spe|veins|half|pie|kites
868|gna|favo|atta|se|ging|ad|loop|go|givi|c|panc|dr
869|quen|am|conj|green|du|ma|f|in|wilfu|pra|pos|dim
870|exec|ob|fo|fel|va|man|li|ele|resol|con|unre|unb
871|viz|in|knock|leo|he|brea|disc|sagit|plu|carn|exa|w
872|dangr|so|cau|thi|vine|gua|divi|infli|add|irasd|t|awk
873|equ|avo|pr|effe|ease|unho|h|soli|s|sco|m|step
874|sm|d|dull|wail|au|he|carr|harp|fat|el|dro|hagg
875|bes|love|calm|ha|she|name|d|t|dis|hun|dir|por
876|unb|b|p|gods|da|obedi|ted|les|taxe|ha|welc|acq
877|ful|ba|dise|dis|wels|sc|ch|conf|sl|mew|eyn|stak
878|aleh|i|farm|bast|blame|pu|warra|gove|refu|faust|l|ride
879|phar|ness|cla|av|ha|shor|sal|misc|barna|amb|s|dee
880|unl|en|laur|im|ro|re|mappu|inse|der|ragi|stra|treb
881|bidi|shawr|wra|unbr|handi|res|expe|vi|succo|he|inkl|reve
882|givg|dev|unshu|thri|encha|ex|curb|str|go|ame|tymb|calc
883|sic|gir|luna|smir|ev|di|b|salu|dom|ins|unna|h
884|ref|co|mick|s|vomit|me|incis|kn|si|pen|wh|hoy
885|dugl|di|s|pro|le|there|appo|tr|dulls|gro|p|s
886|ke|wom|swar|crave|unsu|wrote|no|ac|flay|sp|o|desk
887|cred|hook|peopl|pa|ste|letha|ta|reve|grav|hott|pr|st
888|par|cl|sum|un|pas|bodi|snapp|h|pur|po|p|hall
889|gue|card|do|le|mino|yello|allu|lunac|rise|vi|comin|parkt
890|favo|noy|im|di|rem|sta|thre|gre|ble|envi|mode|cast
891|who|lu|bar|hea|phys|mi|ho|drive|admi|a|in|u
892|hoar|hand|prev|i|sh|m|conce|s|hois|pov|dumbl|nymp
893|mewt|l|esc|ga|mi|co|sur|tru|moetr|noo|sicke|mi
894|toad|pa|halfc|hos|mour|indu|add|fa|sen|t|r|sec
895|shu|st|no|ac|edi|co|seven|d|m|then|b|wast
896|sect|flas|depu|s|wafts|r|d|fam|pres|repr|ung|apar
897|chri|oftl|beq|ensn|har|ha|mes|l|kn|patri|le|f
898|hab|helen|consc|les|ci|rele|egy|bu|impa|pa|hems|w
899|adama|galla|pr|tris|se|pa|lass|flo|colla|jos|con|di
900|edifi|wav|for|se|wed|lod|span|homi|prod|crede|sand|ho
901|ankl|tre|fa|cutb|elect|w|bel|morn|pois|livin|thir|amb
902|lus|gain|sm|un|sa|fop|fora|barba|pensi|com|in|suiti
903|boats|ter|w|enjoy|rel|po|pe|pots|we|gany|be|ful
904|minis|giv|de|rober|car|sore|c|beni|jus|blow|dese|welsh
905|bonny|appa|ken|m|re|disca|mel|unpl|apri|enpi|nine|pr
906|arbit|infa|refi|dism|ind|unta|depu|rejo|laye|fal|fort|co
907|bran|ph|m|pur|act|le|petti|ex|owls|la|ma|obs
908|agre|ear|crue|bran|a|reyn|dimp|di|be|s|d|f
909|div|brok|ma|disg|ca|se|softg|sa|de|mi|trem|base
910|fru|rid|adv|res|tom|calv|ex|u|to|means|rec|ta
911|holo|di|en|ranc|rela|w|bi|ripp|b|s|pro|burl
912|ebo|entra|for|malco|eyeb|unv|hoar|ulc|din|al|glibb|heav
913|tho|c|st|suppo|bo|buck|spitt|brow|wild|va|lo|un
914|adva|d|co|pierc|leat|base|tr|unfe|appai|sprig|bo|bad
915|snea|ottom|trait|be|n|st|re|vi|part|rea|da|nellc
916|too|fas|f|sch|for|plu|se|co|rep|cri|swag|ext
917|sor|ordin|at|cr|gaole|s|eldcr|off|oste|atto|se|pro
918|abetd|un|g|co|par|f|t|supp|agil|perfu|ex|roo
919|mead|tame|s|deli|excom|ca|speci|di|lo|chann|tr|top
920|fle|av|shac|ba|en|se|ro|ph|reel|len|s|s
921|hull|deriv|unga|suppo|a|s|off|beho|of|steer|serv|exter
922|put|ha|i|unpol|bel|ro|smo|surf|ascen|merr|gra|rob
923|darr|franc|h|r|br|ful|exto|an|c|nat|tune|diss
924|moo|ea|joine|sugs|sha|beh|farmc|fol|burg|p|mows|est
925|rid|exec|title|te|si|soli|woefu|rec|a|impe|jour|re
926|mis|in|ge|pr|harbo|d|booti|esc|shar|o|c|a
927|hoono|melts|inev|r|snar|lanc|st|mari|cu|t|ru|inau
928|grati|p|bin|con|yout|sta|com|bead|pupil|lat|page|de
929|tods|u|in|j|enam|bed|tiss|sk|sanc|ou|wr|ac
930|best|ign|cou|mi|s|san|b|troie|cle|educa|brees|gl
931|ric|ad|landl|ass|grav|posth|a|afte|falt|ste|deepe|wanti
932|fou|wondr|burst|pan|nedli|div|ora|cha|compl|list|bre|sp
933|bai|impos|earlp|as|penk|spe|j|occas|ch|indi|er|pal
934|serv|c|emba|le|ga|un|inco|hap|wre|ski|virgi|sub
935|sn|muf|amble|rap|pro|th|dige|amer|v|prof|marty|bla
936|ass|smoo|morg|wrenh|quat|fide|ki|ge|pal|abuse|fing|conj
937|lea|ou|fif|de|un|h|ido|c|weal|prude|f|unh
938|cos|up|def|sphe|wint|c|p|usua|in|spou|pur|plea
939|embr|root|corca|sup|purs|tr|pol|a|f|tu|g|bi
940|defi|do|casti|tell|pap|woo|glidi|lau|ser|see|found|semb
941|peer|disro|tas|p|sha|far|p|mu|ex|ga|circ|soldi
942|surm|pla|twin|st|b|woob|mo|c|vice|ea|wr|dr
943|inv|boo|cha|come|sar|exi|chro|m|tor|blind|mu|lic
944|awa|flou|befe|ski|compo|ch|ab|st|te|suff|rosal|clap
945|slip|gar|new|re|m|fawn|hai|vil|worco|cler|aur|cr
946|opp|cuf|ber|potpa|c|clou|loath|fav|th|v|scroo|ma
947|lon|vail|su|defu|any|co|th|car|pet|tel|anato|e
948|salv|ava|unp|un|bl|in|a|pla|p|vani|prer|spok
949|colbr|vi|scut|veri|guilt|other|edgb|th|ob|c|f|dugp
950|inqu|li|d|title|scho|unio|ba|reel|fee|unc|in|cru
951|sa|gr|grad|uni|leo|unsu|ignob|do|ord|c|dr|de
952|thre|ch|car|dor|pai|ch|equit|cha|mu|tiber|thim|na
953|albe|amend|cru|sa|pra|fo|sc|prog|earl|susta|swee|pe
954|paras|la|cra|burst|off|stone|nom|p|bitt|spo|co|sc
955|proc|re|dece|pick|conv|en|gabb|conf|rudd|m|d|str
956|canno|cor|grie|of|impo|sin|mo|exce|p|sw|e|sco
957|wo|jaque|el|look|succ|fas|s|ta|po|sal|flee|diam
958|pluri|re|depos|o|ne|buyp|sm|si|ven|drav|ab|tha
959|spenc|ben|wot|ch|wea|dilig|dress|stew|sh|rece|acc|piel
960|ur|sc|un|se|nig|s|a|ca|bech|e|sapi|powe
961|wish|waggo|tes|f|s|ampl|wra|di|cau|real|es|wit
962|woo|grave|enfr|t|dan|co|woo|pro|sle|s|splay|scrup
963|gai|o|d|s|u|wors|lu|ar|brai|ever|vou|le
964|insu|inte|inv|spor|liby|linea|thr|te|par|st|fa|a
965|nim|v|su|shear|al|un|say|bescr|lown|inhab|tu|co
966|defen|inc|r|here|uns|oat|cl|mums|expl|dec|da|scale
967|prae|blaz|ch|blubb|tr|twa|un|re|proce|av|offe|comp
968|orna|fura|ward|rake|weak|ea|behol|earn|co|amaz|ask|for
969|multi|d|mapp|th|pam|f|recov|break|poc|suiti|suf|sti
970|waxe|twi|co|illu|servi|ho|no|fo|we|moun|talk|sa
971|na|brew|res|gro|re|bi|g|tro|ba|forg|empir|co
972|sl|ba|skill|be|pass|dryne|w|reme|runaw|lobb|dar|fort
973|misch|yout|whis|ha|su|vaux|f|victo|ghas|admi|reb|thusn
974|tru|d|waysc|seal|repr|pas|s|fami|st|pas|su|b
975|sea|hi|d|ve|p|fell|i|su|p|unpre|knigh|un
976|uns|te|cou|am|comf|gnaw|ca|suffi|cons|r|adsu|blus
977|gro|swou|le|upb|sc|falc|b|cust|o|as|dese|s
978|soon|boded|in|sto|revi|beli|ingo|tur|wed|i|b|roma
979|putr|end|enco|cor|ma|tim|ai|st|inco|adhe|bond|ki
980|unan|savin|conf|ver|en|sh|lo|h|cr|ent|bet|fled
981|dea|brand|doc|clim|ga|pen|g|prer|domi|prof|re|co
982|obs|w|s|batt|con|pl|e|melt|moc|fals|ra|any
983|prof|preju|biss|p|conj|pr|unle|rap|con|be|co|immur
984|ent|doub|teeme|inc|infe|mea|both|en|a|vest|ear|ab
985|stabl|l|d|lanc|pr|al|inn|ch|osco|una|pr|last
986|attai|phr|r|bet|pom|on|cl|bed|bonn|immi|in|stand
987|ra|pal|ca|pr|ful|u|touze|spot|whi|illsi|rave|ant
988|hel|gar|harb|es|fur|fi|disma|rose|pa|hugi|forth|big
989|inco|exi|rin|stra|ke|aspi|hu|sau|prec|bathb|en|s
990|deba|iv|grea|con|roma|s|butc|flo|un|ha|whipp|wago
991|bun|enno|sha|sh|sc|lu|p|conti|th|rai|linea|sm
992|cosm|can|r|fee|wr|ne|la|qua|he|sm|ben|mi
993|larg|lopp|si|unre|r|fr|po|she|j|stat|whi|rapes
994|both|en|b|un|arnp|par|exp|suret|l|di|pre|bobb
995|from|ex|shun|m|la|ena|tr|fiddl|ciste|roug|f|hon
996|swe|e|antid|si|penn|poi|d|ma|out|sho|unt|erup
997|devi|lun|thr|un|amb|cor|c|pl|ca|tyke|lif|writ
998|hea|spec|uns|coyu|too|pla|p|co|und|as|snow|gra
999|crue|unpl|tun|e|onion|reb|rath|urg|reap|holef|pea|godd
1000|madm|ro|josh|af|gart|h|drive|spyun|unde|calm|exas|nodd
